dep,x,h,coef,EE_HAC,p,lo,hi,n,muestra
ln_ipv,x_ext,0,-0.041192648693512315,0.04818083130138835,0.3925736926113391,-0.1356270780442335,0.05324178065720886,65,2008Q2-2024Q2
ln_ipv,x_ext,1,-0.06989005241514754,0.08731710406440525,0.42346951376331,-0.2410315763813818,0.10125147155108674,65,2008Q2-2024Q2
ln_ipv,x_ext,2,-0.10150088851414212,0.1464241130373422,0.4881853622500226,-0.38849215006733284,0.18549037303904858,65,2008Q2-2024Q2
ln_ipv,x_ext,3,-0.09407271179871109,0.23168526648389545,0.6847156641808061,-0.5481758341071462,0.360030410509724,65,2008Q2-2024Q2
ln_ipv,x_ext,4,-0.12137209146377947,0.3204377711095634,0.7048589521730582,-0.7494301228385237,0.5066859399109648,65,2008Q2-2024Q2
ln_ipv,x_ext,5,-0.0931481160990413,0.41428923180769645,0.8221050142860261,-0.9051550104421263,0.7188587782440438,65,2008Q2-2024Q2
ln_ipv,x_ext,6,-0.06688005373825492,0.4951657175337331,0.8925596903796007,-1.037404860104372,0.903644752627862,65,2008Q2-2024Q2
ln_ipv,x_ext,7,-0.0582985265095259,0.5624659770389191,0.9174486196084999,-1.1607318415058074,1.0441347884867556,65,2008Q2-2024Q2
ln_ipv,x_ext,8,-0.0673416526571513,0.6242114978078828,0.9140887011481855,-1.2907961883606016,1.156112883046299,65,2008Q2-2024Q2
ln_ipv,x_tot,0,-0.6678173741441826,0.38936196738529055,0.08631622479279294,-1.4309668302193521,0.09533208193098686,65,2008Q2-2024Q2
ln_ipv,x_tot,1,-1.3242717019833754,0.6549892519546889,0.04319474055594613,-2.608050635814566,-0.040492768152185166,65,2008Q2-2024Q2
ln_ipv,x_tot,2,-2.2004770083602,1.0043247269362787,0.028451682091203596,-4.168953473155306,-0.2320005435650936,65,2008Q2-2024Q2
ln_ipv,x_tot,3,-2.9053980495313474,1.3968026609425805,0.03752234722411845,-5.6431312649788055,-0.16766483408388977,65,2008Q2-2024Q2
ln_ipv,x_tot,4,-3.975809954032598,1.7905432167447755,0.026388301762664636,-7.485274658852358,-0.4663452492128384,65,2008Q2-2024Q2
ln_ipv,x_tot,5,-4.702583184685426,2.082636963722544,0.023945991104765404,-8.78455163358161,-0.62061473578924,65,2008Q2-2024Q2
ln_ipv,x_tot,6,-5.512770208458056,2.3824376464582513,0.02067210876333686,-10.182347995516228,-0.8431924213998832,65,2008Q2-2024Q2
ln_ipv,x_tot,7,-6.489785799204911,2.6227138298341974,0.013343985101507526,-11.630304905679939,-1.3492666927298833,65,2008Q2-2024Q2
ln_ipv,x_tot,8,-7.656614932366372,2.8342255628378483,0.006903080735540297,-13.211697035528555,-2.1015328292041895,65,2008Q2-2024Q2
ln_ipv,x_flow,0,-0.2405325449299234,0.46023486270844904,0.6012317615382807,-1.1425928758384836,0.6615277859786367,65,2008Q2-2024Q2
ln_ipv,x_flow,1,-0.38695372772358216,0.8415650080637457,0.6456579603676527,-2.036421143528524,1.2625136880813594,65,2008Q2-2024Q2
ln_ipv,x_flow,2,-0.5339980531310843,1.411090868635198,0.7051117457727631,-3.2997361556560723,2.2317400493939035,65,2008Q2-2024Q2
ln_ipv,x_flow,3,-0.2885969941369029,2.219526150582903,0.8965455401477405,-4.638868249279393,4.061674261005588,65,2008Q2-2024Q2
ln_ipv,x_flow,4,-0.3474069161996778,3.070359332496825,0.9099127306100397,-6.3653112078934555,5.670497375494099,65,2008Q2-2024Q2
ln_ipv,x_flow,5,0.04867424168830789,3.9282461458394464,0.9901137986888234,-7.6506882041570075,7.748036687533623,65,2008Q2-2024Q2
ln_ipv,x_flow,6,0.43244261872129813,4.672534410846011,0.9262611423778842,-8.725724826536883,9.59061006397948,65,2008Q2-2024Q2
ln_ipv,x_flow,7,0.6429100828968622,5.290370072497859,0.9032755347115277,-9.726215259198941,11.012035424992664,65,2008Q2-2024Q2
ln_ipv,x_flow,8,0.6827404944826553,5.858849276863827,0.9072313227645588,-10.800604088170447,12.166085077135756,65,2008Q2-2024Q2
ln_ipc_alquiler,x_ext,0,0.006072018917316279,0.004172752192880327,0.14562518158246546,-0.002106575380729163,0.01425061321536172,81,2004Q2-2024Q2
ln_ipc_alquiler,x_ext,1,0.011155705163106882,0.008789156528321527,0.20434914491780298,-0.006071041632403308,0.02838245195861707,81,2004Q2-2024Q2
ln_ipc_alquiler,x_ext,2,0.01610362803092035,0.012499237298070677,0.19761759540348112,-0.008394877073298175,0.04060213313513888,81,2004Q2-2024Q2
ln_ipc_alquiler,x_ext,3,0.028838839407769178,0.018208952625070645,0.11324548713287637,-0.006850707737369288,0.06452838655290764,81,2004Q2-2024Q2
ln_ipc_alquiler,x_ext,4,0.05264634770324379,0.02574590958567814,0.040870320899801554,0.0021843649153146447,0.10310833049117293,81,2004Q2-2024Q2
ln_ipc_alquiler,x_ext,5,0.07927242160967216,0.03382365796973644,0.019093651812795858,0.012978051988988742,0.14556679123035557,81,2004Q2-2024Q2
ln_ipc_alquiler,x_ext,6,0.10824999227111198,0.04145407604782209,0.009019259897283196,0.027000003217380678,0.1894999813248433,81,2004Q2-2024Q2
ln_ipc_alquiler,x_ext,7,0.1440532660273806,0.04848492186233254,0.0029674082808361577,0.04902281917720884,0.23908371287755237,81,2004Q2-2024Q2
ln_ipc_alquiler,x_ext,8,0.18828592988076798,0.05522359799704293,0.0006507744415239987,0.08004767780656384,0.2965241819549721,81,2004Q2-2024Q2
ln_ipc_alquiler,x_tot,0,0.07627812346407663,0.06504593009413719,0.240923771279834,-0.051211899520432244,0.20376814644858549,81,2004Q2-2024Q2
ln_ipc_alquiler,x_tot,1,0.1815267986846332,0.13210416483803794,0.1694048456297219,-0.07739736439792114,0.44045096176718757,81,2004Q2-2024Q2
ln_ipc_alquiler,x_tot,2,0.29538471725451126,0.201245106363149,0.14216240529391524,-0.09905569121726077,0.6898251257262833,81,2004Q2-2024Q2
ln_ipc_alquiler,x_tot,3,0.4153780853488928,0.3142918473475535,0.1862908042996888,-0.20063393545231206,1.0313901061500976,81,2004Q2-2024Q2
ln_ipc_alquiler,x_tot,4,0.5934160117430961,0.40532575082375255,0.14318106500873506,-0.20102245987145884,1.3878544833576512,81,2004Q2-2024Q2
ln_ipc_alquiler,x_tot,5,0.7482235216951413,0.49771902772974425,0.13276040167531108,-0.2273057726551574,1.7237528160454398,81,2004Q2-2024Q2
ln_ipc_alquiler,x_tot,6,0.8070398315526424,0.5912561648461652,0.1722662514176606,-0.35182225154584135,1.965901914651126,81,2004Q2-2024Q2
ln_ipc_alquiler,x_tot,7,0.8478151520058431,0.6937879906857619,0.22170423265461026,-0.5120093097382502,2.2076396137499366,81,2004Q2-2024Q2
ln_ipc_alquiler,x_tot,8,0.9937817032790788,0.85007952212161,0.2423852700006648,-0.6723741600792768,2.659937566637434,81,2004Q2-2024Q2
ln_ipc_alquiler,x_flow,0,0.0393813666238785,0.039746526840220384,0.32177700927394515,-0.03852182598295346,0.11728455923071046,81,2004Q2-2024Q2
ln_ipc_alquiler,x_flow,1,0.08063721034845019,0.08534960295887918,0.34476754023112677,-0.08664801145095301,0.24792243214785337,81,2004Q2-2024Q2
ln_ipc_alquiler,x_flow,2,0.124076841019653,0.12140968829031404,0.306795949863091,-0.1138861480293625,0.36203983006866847,81,2004Q2-2024Q2
ln_ipc_alquiler,x_flow,3,0.21198895158847125,0.17118375118181553,0.21557861844246384,-0.1235312007278872,0.5475091039048297,81,2004Q2-2024Q2
ln_ipc_alquiler,x_flow,4,0.3739473086215055,0.23549157406426935,0.1122991213013654,-0.08761617654446241,0.8355107937874734,81,2004Q2-2024Q2
ln_ipc_alquiler,x_flow,5,0.5572968283474485,0.3086433010678149,0.07097553319149405,-0.04764404174546866,1.1622376984403657,81,2004Q2-2024Q2
ln_ipc_alquiler,x_flow,6,0.7430049985140593,0.38384309136566636,0.0529044779176265,-0.009327460562646772,1.4953374575907654,81,2004Q2-2024Q2
ln_ipc_alquiler,x_flow,7,0.9676706131768763,0.46935905334899836,0.039237716642544475,0.04772686861283959,1.887614357740913,81,2004Q2-2024Q2
ln_ipc_alquiler,x_flow,8,1.2600496578227507,0.571825593430358,0.02755559189020384,0.13927149469924904,2.3808278209462523,81,2004Q2-2024Q2
