anio,mediana_idx,min_idx,max_idx,rango_idx,sd_dln,n
2002,70.28908018237965,70.28908018237965,70.28908018237965,0.0,,1
2003,73.5259909747377,73.5259909747377,73.5259909747377,0.0,,1
2004,76.70488891804631,76.70488891804631,76.70488891804631,0.0,,1
2005,80.01443292205754,80.01443292205754,80.01443292205754,0.0,,1
2006,83.68986087225458,83.68986087225458,83.68986087225458,0.0,,1
2007,102.17709052376065,88.30183551154867,116.05234553597265,27.750510024423974,,2
2008,106.87723513652153,91.97895042666154,121.77551984638153,29.796569419719987,0.005189561392648641,2
2009,105.83047534004487,95.01848632386914,116.6424643562206,21.62397803235146,0.05344148088801405,2
2010,103.28103942502021,96.28408489182337,110.27799395821705,13.993909066393684,0.04903119011702513,2
2011,107.49060320179314,97.62053598624186,109.1190803148429,11.498544328601042,0.02784997024679018,3
2012,102.45479045663984,98.88397898791477,105.69696969696969,6.812990709054915,0.031521371715393716,3
2013,99.6379585850113,97.2453830864644,100.92592592592592,3.6805428394615234,0.03292025891155503,3
2014,99.51411173254328,96.75531629205251,99.76232538741615,3.0070090953636424,0.00770795221809323,3
2015,100.0,100.0,100.0,0.0,0.01699656513707446,3
2016,102.2663717421125,100.2259595784462,106.86190547846847,6.6359459000222785,0.032783271748044775,3
2017,105.31400966183575,100.7940918739837,117.49174672070782,16.69765484672412,0.04618935833440612,3
2018,110.1010101010101,101.91170613071166,125.30940605106002,23.39769992034836,0.026976619712642817,3
2019,119.45205479452055,103.54600025304475,131.93385435410428,28.38785410105953,0.032843713211937194,3
2020,122.81690140845073,104.9870431722438,131.79144892192426,26.804405749680456,0.014432322491878568,3
2021,126.34397619047621,105.79819213593187,129.9004497714916,24.102257635559724,0.021387507743523472,3
2022,131.41843971631212,107.10549622541599,139.92394792851098,32.81845170309499,0.03110765250554313,3
2023,137.19542361111112,109.01917048186277,149.89938240334885,40.88021192148608,0.025578361527520296,3
2024,142.95081967213116,110.86386661730731,151.51582139430963,40.65195477700232,0.01607333410271559,3
2025,133.48919770833947,112.46442144132408,154.5139739753549,42.04955253403082,0.0037197999519153896,2
