dimension,geo,grupo,y2015,ultimo,anio_ultimo,cambio_pp,min_2015_ult,max_2015_ult
quintil,ES,QU1,40.9,27.7,2025,-13.2,27.7,40.9
quintil,ES,QU2,7.6,5.2,2025,-2.4,5.2,8.3
quintil,ES,QU3,1.9,1.9,2025,0.0,1.9,2.9
quintil,ES,QU4,1.1,0.9,2025,-0.2,0.6,1.2
quintil,ES,QU5,0.2,0.2,2025,0.0,0.1,0.3
quintil,ES,TOTAL,10.3,7.2,2025,-3.1,7.2,10.3
quintil,EU27_2020,QU1,36.2,25.9,2025,-10.3,25.9,36.2
quintil,EU27_2020,QU2,10.9,7.1,2025,-3.8,6.4,10.9
quintil,EU27_2020,QU3,5.0,3.3,2025,-1.7,2.6,5.0
quintil,EU27_2020,QU4,2.7,1.6,2025,-1.1,1.3,2.7
quintil,EU27_2020,QU5,1.5,0.6,2025,-0.9,0.5,1.5
quintil,EU27_2020,TOTAL,11.2,7.7,2025,-3.5,7.7,11.2
tenencia,ES,OWN_L,8.7,3.4,2025,-5.3,3.0,8.7
tenencia,ES,OWN_NL,2.7,1.9,2025,-0.8,1.8,3.1
tenencia,ES,RENT_FR,9.9,8.4,2025,-1.5,8.2,13.1
tenencia,ES,RENT_MKT,43.3,26.8,2025,-16.5,26.8,43.3
tenencia,ES,TOTAL,10.3,7.2,2025,-3.1,7.2,10.3
tenencia,EU27_2020,OWN_L,7.1,5.0,2025,-2.1,3.5,7.1
tenencia,EU27_2020,OWN_NL,7.0,3.8,2025,-3.2,3.8,7.0
tenencia,EU27_2020,RENT_FR,11.1,9.2,2025,-1.9,8.5,12.2
tenencia,EU27_2020,RENT_MKT,26.4,18.6,2025,-7.8,18.6,27.0
tenencia,EU27_2020,TOTAL,11.2,7.7,2025,-3.5,7.7,11.2
