ciudad,umbral_pp,n_secciones,n_set,no_explica_seccion_pct,dlnR_medio_pond_pct,cota_precio_ciudad_epsmin_pct
Barcelona,0.1,1051,818,78.2897,12.4035,-4.50337
Barcelona,0.5,1051,845,81.9052,12.4035,-4.50337
Barcelona,1,1051,914,87.5651,12.4035,-4.50337
Barcelona,2,1051,983,93.6002,12.4035,-4.50337
Madrid,0.1,2323,1128,42.0304,13.4164,4.06288
Madrid,0.5,2323,1150,43.6581,13.4164,4.06288
Madrid,1,2323,1309,51.5592,13.4164,4.06288
Madrid,2,2323,1648,66.8634,13.4164,4.06288
Málaga,0.1,370,105,21.8981,19.7968,48.2077
Málaga,0.5,370,105,21.8981,19.7968,48.2077
Málaga,1,370,106,22.4109,19.7968,48.2077
Málaga,2,370,130,29.1408,19.7968,48.2077
Sevilla,0.1,454,200,39.5532,14.1265,22.2273
Sevilla,0.5,454,200,39.5532,14.1265,22.2273
Sevilla,1,454,205,41.4618,14.1265,22.2273
Sevilla,2,454,248,53.0245,14.1265,22.2273
València,0.1,575,173,28.2956,23.2375,13.3651
València,0.5,575,173,28.2956,23.2375,13.3651
València,1,575,187,31.5608,23.2375,13.3651
València,2,575,245,42.1426,23.2375,13.3651
Zaragoza,0.1,468,273,52.0165,13.2301,2.25156
Zaragoza,0.5,468,274,52.523,13.2301,2.25156
Zaragoza,1,468,323,67.5462,13.2301,2.25156
Zaragoza,2,468,390,83.2863,13.2301,2.25156
