anio,pob_total_dpop,espanoles,extranjeros,africa,america,asia,europa,alemania(en Europa),reino_unido(en Europa),total_esp+ext,pct_extranjeros,otros_no_clasif(ext-continentes)
1996,746683.0,,,,,,,,,,,
1998,739412.0,731377.0,8035.0,1672.0,2217.0,1193.0,2926.0,394.0,387.0,739412.0,1.0866742763168573,27.0
1999,739412.0,730740.0,8672.0,1875.0,2373.0,1275.0,3121.0,431.0,402.0,739412.0,1.1728238113528047,28.0
2000,739014.0,727493.0,11521.0,2640.0,3339.0,1789.0,3718.0,493.0,443.0,739014.0,1.558969112899079,35.0
2001,746612.0,723849.0,22763.0,4100.0,10607.0,2536.0,5483.0,536.0,484.0,746612.0,3.0488392900194476,37.0
2002,761871.0,722053.0,39818.0,6051.0,21797.0,3408.0,8513.0,659.0,640.0,761871.0,5.226344092372593,49.0
2003,780653.0,723148.0,57505.0,7654.0,33121.0,4269.0,12410.0,802.0,798.0,780653.0,7.36626900812525,51.0
2004,785732.0,718148.0,67584.0,8508.0,39151.0,4889.0,14998.0,836.0,759.0,785732.0,8.601406077390255,38.0
2005,796549.0,714536.0,82013.0,10438.0,45423.0,6734.0,19378.0,994.0,900.0,796549.0,10.296039540568126,40.0
2006,805304.0,707596.0,97708.0,12865.0,51158.0,9906.0,23645.0,1140.0,1070.0,805304.0,12.133057826609578,134.0
2007,797654.0,697964.0,99690.0,11890.0,52524.0,8978.0,25952.0,1344.0,1266.0,797654.0,12.497900092019847,346.0
2008,807200.0,692940.0,114260.0,13265.0,58376.0,9465.0,32814.0,1603.0,1448.0,807200.0,14.155104063429139,340.0
2009,814208.0,691580.0,122628.0,15571.0,59559.0,10696.0,36604.0,1741.0,1623.0,814208.0,15.06101634963056,198.0
2010,809267.0,689498.0,119769.0,15584.0,55554.0,11213.0,37240.0,1792.0,1680.0,809267.0,14.799689101371982,178.0
2011,798033.0,688254.0,109779.0,14430.0,48586.0,12278.0,34362.0,1444.0,1388.0,798033.0,13.756198051960258,123.0
2012,797028.0,689976.0,107052.0,13883.0,43260.0,13660.0,36125.0,1427.0,1464.0,797028.0,13.431397642240924,124.0
2013,792303.0,689189.0,103114.0,13278.0,40129.0,14223.0,35359.0,1385.0,1546.0,792303.0,13.01446542547485,125.0
2014,786424.0,690336.0,96088.0,12938.0,34905.0,14212.0,33925.0,1286.0,1560.0,786424.0,12.218345320081788,108.0
2015,786189.0,692942.0,93247.0,12480.0,30339.0,14549.0,35798.0,1359.0,1768.0,786189.0,11.860634020572661,81.0
2016,790201.0,694145.0,96056.0,12656.0,29865.0,15392.0,38067.0,1410.0,1916.0,790201.0,12.155894512915069,76.0
2017,787808.0,697087.0,90721.0,12026.0,27995.0,15725.0,34886.0,1266.0,1853.0,787808.0,11.515623095982777,89.0
2018,791413.0,695782.0,95631.0,12136.0,30984.0,16631.0,35773.0,1353.0,1972.0,791413.0,12.083577095650439,107.0
2019,794288.0,692711.0,101577.0,11862.0,34676.0,17211.0,37715.0,1457.0,2146.0,794288.0,12.788434421771447,113.0
2020,800215.0,690597.0,109618.0,12013.0,39970.0,18186.0,39339.0,1467.0,2329.0,800215.0,13.698568509713013,110.0
2021,789744.0,683235.0,106509.0,10993.0,39195.0,17645.0,38568.0,1431.0,2499.0,789744.0,13.486522214793656,108.0
2022,792492.0,678156.0,114336.0,11005.0,43182.0,17887.0,42154.0,1609.0,2629.0,792492.0,14.427401159885525,108.0
2023,807693.0,,,,,,,,,,,
2024,825948.0,,,,,,,,,,,
2025,840792.0,,,,,,,,,,,
