termino,frec_en_ganador,coef_post_med,IC95_inf,IC95_sup,n_rep_condicional
ect_l1,1.0,-0.10389915758345968,-0.29717519124100455,0.0003858069583490194,999
d_ln_ocupados,0.7547547547547547,0.5667830037321822,0.21186657085412577,1.9987634141052346,754
d_ln_ocupados_l1,0.23823823823823823,0.3505533029243071,0.14204588656406053,1.8334030879409002,238
d_tipo_hip,0.30930930930930933,-0.011881728299306617,-0.029507863116631186,0.01326584239747214,309
d_tipo_hip_l1,0.3973973973973974,-0.008710722131053901,-0.032160552816129694,0.02088016284929038,397
d_ln_permisos_l4,0.21621621621621623,0.011628870590603534,-0.03726758559932252,0.03977745822932256,216
d_ln_costes,0.4064064064064064,-0.08623989844361354,-0.23064363255177067,0.3517873082728452,406
d_ln_renta_hog_real,0.5885885885885885,-0.1132550773552062,-0.292830094294718,0.2817857071398135,588
d_ln_pob_extranj,0.1011011011011011,-0.23268150778832147,-0.5195619378299938,0.4158943374357497,101
d_ln_pob_extranj4,0.17117117117117117,-0.21496217682378338,-0.6337325307306962,0.6987541152089844,171
d_ln_pob_total,0.3973973973973974,2.222437128540413,-5.8744075687591,6.06877907284509,397
d_ln_ipv_l1,0.6236236236236237,0.3618187978326014,-0.18631034513312417,0.6173723104630591,623
d_ln_ipv_l4,0.2912912912912913,0.22119104253907,-0.19654493221924385,0.5135195483907665,291
d_ln_credito_nuevo,0.9469469469469469,0.038069571857377506,0.011398748936426222,0.07123161633491681,946
