metodo,N,var,coef,EE_HAC,p
DOLS base (+q),72,ln_ocupados,1.9510291264581836,0.48013601559764013,4.834386426978531e-05
DOLS base (+q),72,tipo_hip,-0.01717560671524996,0.01709007365864243,0.31489452007982544
DOLS base (+q),72,ln_permisos_l4,0.05949398392349727,0.045420304515642586,0.1902451092015066
DOLS base (+q),72,ln_costes,0.2659257651175555,0.1645543456613133,0.10608650557190445
DOLS base (+q),72,const,-16.46891698036473,3.8701599819384365,2.0871461404089863e-05
DOLS base + epa21 + tipo22,72,ln_ocupados,2.2346209211097943,0.4809503874022059,3.3800567867850926e-06
DOLS base + epa21 + tipo22,72,tipo_hip,-0.006153453036804025,0.018797983298819893,0.7434058664064668
DOLS base + epa21 + tipo22,72,ln_permisos_l4,0.011232794541058973,0.047723365141589424,0.8139191928903118
DOLS base + epa21 + tipo22,72,ln_costes,0.3203337079179481,0.19904645457768325,0.10754170236740639
DOLS base + epa21 + tipo22,72,const,-19.315923568061038,4.261904168922526,5.836466374799366e-06
DOLS +pob_extranj,72,ln_ocupados,2.672067973850795,0.29409672177297813,1.0305481598823729e-19
DOLS +pob_extranj,72,tipo_hip,-0.006068254072453861,0.00853455673500473,0.47707085898894885
DOLS +pob_extranj,72,ln_permisos_l4,-0.004590588256581499,0.021974408424911832,0.8345215317164196
DOLS +pob_extranj,72,ln_costes,-0.9131469012329883,0.1692995174706818,6.903028813072122e-08
DOLS +pob_extranj,72,ln_pob_extranj,0.7680825360870075,0.1458204334049275,1.3843158850195664e-07
DOLS +pob_extranj,72,const,-29.78894519506232,2.2573511521933156,9.200937443856849e-40
DOLS +renta,72,ln_ocupados,0.9386473373182245,0.4780970727376752,0.04961148227303176
DOLS +renta,72,tipo_hip,0.011328910167015836,0.020034077907194043,0.5717459734219554
DOLS +renta,72,ln_permisos_l4,0.06762427458372966,0.04419814744225996,0.1260105182632755
DOLS +renta,72,ln_costes,0.005269536334728625,0.16933761418784274,0.9751750181094341
DOLS +renta,72,ln_renta_hog_real,1.4566104068749344,0.3883541081477773,0.00017632229050728324
DOLS +renta,72,const,-23.130715368514064,4.27060992674523,6.086004808904784e-08
EG estático (const),74,const,-7.037625530065068,2.416334930833074,0.003585244245723893
EG estático (const),74,ln_ocupados,0.840401555608771,0.3122809244982674,0.007120156016478773
EG estático (const),74,tipo_hip,-0.04416279379596974,0.00906207251116607,1.0971283258318554e-06
EG estático (const),74,ln_permisos_l4,0.16263997389126406,0.021903340010950526,1.1248176074038067e-13
EG estático (const),74,ln_costes,0.5110129263866692,0.14105657082581782,0.0002914856406192386
EG estático (+q),74,const,-7.010152870645484,2.5273864350290096,0.005542673030642496
EG estático (+q),74,ln_ocupados,0.8365510394138149,0.3271046616112266,0.010544528938806372
EG estático (+q),74,tipo_hip,-0.04428726030175151,0.009261399680867753,1.7362990664725756e-06
EG estático (+q),74,ln_permisos_l4,0.16291210852953802,0.022927196151433883,1.197773324579641e-12
EG estático (+q),74,ln_costes,0.5133296254164925,0.14655862306766176,0.00046081878289043287
"UECM implícito (delta, HAC)",70,ln_ocupados,0.25292099127575385,0.9061761350615437,0.7801619586519521
"UECM implícito (delta, HAC)",70,tipo_hip,-0.12348981874911166,0.03672893190823549,0.0007732559164449027
"UECM implícito (delta, HAC)",70,ln_permisos_l4,0.2226652005095906,0.08119144135036091,0.006097877203681889
"UECM implícito (delta, HAC)",70,ln_costes,1.2435209762848192,0.4344007265440755,0.004201639901716015
