nivel,periodo,clase_v4,clase_A4,n
provincia,2021-2025,0,1,0
provincia,2021-2025,0,2,0
provincia,2021-2025,0,3,0
provincia,2021-2025,0,9,2
provincia,2021-2025,2,1,14
provincia,2021-2025,2,2,2
provincia,2021-2025,2,3,0
provincia,2021-2025,2,9,0
provincia,2021-2025,3,1,21
provincia,2021-2025,3,2,7
provincia,2021-2025,3,3,2
provincia,2021-2025,3,9,0
provincia,2021-2025,9,1,2
provincia,2021-2025,9,2,2
provincia,2021-2025,9,3,0
provincia,2021-2025,9,9,0
provincia,2012-2025,0,1,0
provincia,2012-2025,0,2,0
provincia,2012-2025,0,4,0
provincia,2012-2025,0,9,2
provincia,2012-2025,2,1,10
provincia,2012-2025,2,2,2
provincia,2012-2025,2,4,0
provincia,2012-2025,2,9,0
provincia,2012-2025,3,1,10
provincia,2012-2025,3,2,3
provincia,2012-2025,3,4,0
provincia,2012-2025,3,9,0
provincia,2012-2025,4,1,3
provincia,2012-2025,4,2,0
provincia,2012-2025,4,4,20
provincia,2012-2025,4,9,0
provincia,2012-2025,9,1,1
provincia,2012-2025,9,2,1
provincia,2012-2025,9,4,0
provincia,2012-2025,9,9,0
municipio,2021-2025,0,1,0
municipio,2021-2025,0,2,0
municipio,2021-2025,0,3,0
municipio,2021-2025,0,4,0
municipio,2021-2025,0,9,2
municipio,2021-2025,2,1,253
municipio,2021-2025,2,2,45
municipio,2021-2025,2,3,0
municipio,2021-2025,2,4,0
municipio,2021-2025,2,9,0
municipio,2021-2025,3,1,128
municipio,2021-2025,3,2,10
municipio,2021-2025,3,3,18
municipio,2021-2025,3,4,0
municipio,2021-2025,3,9,0
municipio,2021-2025,4,1,0
municipio,2021-2025,4,2,0
municipio,2021-2025,4,3,0
municipio,2021-2025,4,4,247
municipio,2021-2025,4,9,0
municipio,2012-2025,0,1,0
municipio,2012-2025,0,2,0
municipio,2012-2025,0,3,0
municipio,2012-2025,0,4,0
municipio,2012-2025,0,9,10
municipio,2012-2025,2,1,210
municipio,2012-2025,2,2,27
municipio,2012-2025,2,3,0
municipio,2012-2025,2,4,0
municipio,2012-2025,2,9,0
municipio,2012-2025,3,1,111
municipio,2012-2025,3,2,5
municipio,2012-2025,3,3,8
municipio,2012-2025,3,4,0
municipio,2012-2025,3,9,0
municipio,2012-2025,4,1,0
municipio,2012-2025,4,2,0
municipio,2012-2025,4,3,0
municipio,2012-2025,4,4,332
municipio,2012-2025,4,9,0
