anio,tipo_fuente,tipo_hip_pct,depreciacion_pct,ganancia_esperada,ganancia_pct,coste_uso_pct,coste_uso_mes_80m2,alquiler_mes_serpavi_80m2,coste_uso_sobre_alquiler
2003,v2 (agregado de tipo hipotecario),3.6125,1.0000,g=0,0.0000,5.1125,448.6304,,
2003,v2 (agregado de tipo hipotecario),3.6125,1.0000,g=inflación,4.0022,1.1103,97.4278,,
2003,v2 (agregado de tipo hipotecario),3.6125,2.0000,g=0,0.0000,6.1125,536.3821,,
2003,v2 (agregado de tipo hipotecario),3.6125,2.0000,g=inflación,4.0022,2.1103,185.1795,,
2003,v2 (agregado de tipo hipotecario),3.6125,3.0000,g=0,0.0000,7.1125,624.1337,,
2003,v2 (agregado de tipo hipotecario),3.6125,3.0000,g=inflación,4.0022,3.1103,272.9312,,
2003,BCE (tipo de nuevos préstamos),3.6125,1.0000,g=0,0.0000,5.1125,448.6304,,
2003,BCE (tipo de nuevos préstamos),3.6125,1.0000,g=inflación,4.0022,1.1103,97.4278,,
2003,BCE (tipo de nuevos préstamos),3.6125,2.0000,g=0,0.0000,6.1125,536.3821,,
2003,BCE (tipo de nuevos préstamos),3.6125,2.0000,g=inflación,4.0022,2.1103,185.1795,,
2003,BCE (tipo de nuevos préstamos),3.6125,3.0000,g=0,0.0000,7.1125,624.1337,,
2003,BCE (tipo de nuevos préstamos),3.6125,3.0000,g=inflación,4.0022,3.1103,272.9312,,
2004,v2 (agregado de tipo hipotecario),3.2683,1.0000,g=0,0.0000,4.7683,491.4403,,
2004,v2 (agregado de tipo hipotecario),3.2683,1.0000,g=inflación,3.9088,0.8596,88.5911,,
2004,v2 (agregado de tipo hipotecario),3.2683,2.0000,g=0,0.0000,5.7683,594.5037,,
2004,v2 (agregado de tipo hipotecario),3.2683,2.0000,g=inflación,3.9088,1.8596,191.6544,,
2004,v2 (agregado de tipo hipotecario),3.2683,3.0000,g=0,0.0000,6.7683,697.5670,,
2004,v2 (agregado de tipo hipotecario),3.2683,3.0000,g=inflación,3.9088,2.8596,294.7178,,
2004,BCE (tipo de nuevos préstamos),3.2683,1.0000,g=0,0.0000,4.7683,491.4403,,
2004,BCE (tipo de nuevos préstamos),3.2683,1.0000,g=inflación,3.9088,0.8596,88.5911,,
2004,BCE (tipo de nuevos préstamos),3.2683,2.0000,g=0,0.0000,5.7683,594.5037,,
2004,BCE (tipo de nuevos préstamos),3.2683,2.0000,g=inflación,3.9088,1.8596,191.6544,,
2004,BCE (tipo de nuevos préstamos),3.2683,3.0000,g=0,0.0000,6.7683,697.5670,,
2004,BCE (tipo de nuevos préstamos),3.2683,3.0000,g=inflación,3.9088,2.8596,294.7178,,
2005,v2 (agregado de tipo hipotecario),3.2567,1.0000,g=0,0.0000,4.7567,558.4327,,
2005,v2 (agregado de tipo hipotecario),3.2567,1.0000,g=inflación,4.2099,0.5467,64.1850,,
2005,v2 (agregado de tipo hipotecario),3.2567,2.0000,g=0,0.0000,5.7567,675.8327,,
2005,v2 (agregado de tipo hipotecario),3.2567,2.0000,g=inflación,4.2099,1.5467,181.5850,,
2005,v2 (agregado de tipo hipotecario),3.2567,3.0000,g=0,0.0000,6.7567,793.2327,,
2005,v2 (agregado de tipo hipotecario),3.2567,3.0000,g=inflación,4.2099,2.5467,298.9850,,
2005,BCE (tipo de nuevos préstamos),3.2567,1.0000,g=0,0.0000,4.7567,558.4327,,
2005,BCE (tipo de nuevos préstamos),3.2567,1.0000,g=inflación,4.2099,0.5467,64.1850,,
2005,BCE (tipo de nuevos préstamos),3.2567,2.0000,g=0,0.0000,5.7567,675.8327,,
2005,BCE (tipo de nuevos préstamos),3.2567,2.0000,g=inflación,4.2099,1.5467,181.5850,,
2005,BCE (tipo de nuevos préstamos),3.2567,3.0000,g=0,0.0000,6.7567,793.2327,,
2005,BCE (tipo de nuevos préstamos),3.2567,3.0000,g=inflación,4.2099,2.5467,298.9850,,
2006,v2 (agregado de tipo hipotecario),4.0592,1.0000,g=0,0.0000,5.5592,720.5699,,
2006,v2 (agregado de tipo hipotecario),4.0592,1.0000,g=inflación,4.0778,1.4814,192.0156,,
2006,v2 (agregado de tipo hipotecario),4.0592,2.0000,g=0,0.0000,6.5592,850.1883,,
2006,v2 (agregado de tipo hipotecario),4.0592,2.0000,g=inflación,4.0778,2.4814,321.6339,,
2006,v2 (agregado de tipo hipotecario),4.0592,3.0000,g=0,0.0000,7.5592,979.8066,,
2006,v2 (agregado de tipo hipotecario),4.0592,3.0000,g=inflación,4.0778,3.4814,451.2522,,
2006,BCE (tipo de nuevos préstamos),4.0592,1.0000,g=0,0.0000,5.5592,720.5699,,
2006,BCE (tipo de nuevos préstamos),4.0592,1.0000,g=inflación,4.0778,1.4814,192.0156,,
2006,BCE (tipo de nuevos préstamos),4.0592,2.0000,g=0,0.0000,6.5592,850.1883,,
2006,BCE (tipo de nuevos préstamos),4.0592,2.0000,g=inflación,4.0778,2.4814,321.6339,,
2006,BCE (tipo de nuevos préstamos),4.0592,3.0000,g=0,0.0000,7.5592,979.8066,,
2006,BCE (tipo de nuevos préstamos),4.0592,3.0000,g=inflación,4.0778,3.4814,451.2522,,
2007,v2 (agregado de tipo hipotecario),5.0908,1.0000,g=0,0.0000,6.5908,903.5373,,
2007,v2 (agregado de tipo hipotecario),5.0908,1.0000,g=inflación,3.5711,3.0197,413.9737,,
2007,v2 (agregado de tipo hipotecario),5.0908,2.0000,g=0,0.0000,7.5908,1040.6273,,
2007,v2 (agregado de tipo hipotecario),5.0908,2.0000,g=inflación,3.5711,4.0197,551.0637,,
2007,v2 (agregado de tipo hipotecario),5.0908,3.0000,g=0,0.0000,8.5908,1177.7173,,
2007,v2 (agregado de tipo hipotecario),5.0908,3.0000,g=inflación,3.5711,5.0197,688.1537,,
2007,BCE (tipo de nuevos préstamos),5.0908,1.0000,g=0,0.0000,6.5908,903.5373,,
2007,BCE (tipo de nuevos préstamos),5.0908,1.0000,g=inflación,3.5711,3.0197,413.9737,,
2007,BCE (tipo de nuevos préstamos),5.0908,2.0000,g=0,0.0000,7.5908,1040.6273,,
2007,BCE (tipo de nuevos préstamos),5.0908,2.0000,g=inflación,3.5711,4.0197,551.0637,,
2007,BCE (tipo de nuevos préstamos),5.0908,3.0000,g=0,0.0000,8.5908,1177.7173,,
2007,BCE (tipo de nuevos préstamos),5.0908,3.0000,g=inflación,3.5711,5.0197,688.1537,,
2008,v2 (agregado de tipo hipotecario),5.6700,1.0000,g=0,0.0000,7.1700,989.9738,,
2008,v2 (agregado de tipo hipotecario),5.6700,1.0000,g=inflación,2.4635,4.7065,649.8306,,
2008,v2 (agregado de tipo hipotecario),5.6700,2.0000,g=0,0.0000,8.1700,1128.0455,,
2008,v2 (agregado de tipo hipotecario),5.6700,2.0000,g=inflación,2.4635,5.7065,787.9022,,
2008,v2 (agregado de tipo hipotecario),5.6700,3.0000,g=0,0.0000,9.1700,1266.1172,,
2008,v2 (agregado de tipo hipotecario),5.6700,3.0000,g=inflación,2.4635,6.7065,925.9739,,
2008,BCE (tipo de nuevos préstamos),5.6700,1.0000,g=0,0.0000,7.1700,989.9738,,
2008,BCE (tipo de nuevos préstamos),5.6700,1.0000,g=inflación,2.4635,4.7065,649.8306,,
2008,BCE (tipo de nuevos préstamos),5.6700,2.0000,g=0,0.0000,8.1700,1128.0455,,
2008,BCE (tipo de nuevos préstamos),5.6700,2.0000,g=inflación,2.4635,5.7065,787.9022,,
2008,BCE (tipo de nuevos préstamos),5.6700,3.0000,g=0,0.0000,9.1700,1266.1172,,
2008,BCE (tipo de nuevos préstamos),5.6700,3.0000,g=inflación,2.4635,6.7065,925.9739,,
2009,v2 (agregado de tipo hipotecario),3.2467,1.0000,g=0,0.0000,4.7467,606.6319,,
2009,v2 (agregado de tipo hipotecario),3.2467,1.0000,g=inflación,0.2318,4.5149,577.0061,,
2009,v2 (agregado de tipo hipotecario),3.2467,2.0000,g=0,0.0000,5.7467,734.4336,,
2009,v2 (agregado de tipo hipotecario),3.2467,2.0000,g=inflación,0.2318,5.5149,704.8078,,
2009,v2 (agregado de tipo hipotecario),3.2467,3.0000,g=0,0.0000,6.7467,862.2352,,
2009,v2 (agregado de tipo hipotecario),3.2467,3.0000,g=inflación,0.2318,6.5149,832.6094,,
2009,BCE (tipo de nuevos préstamos),3.2467,1.0000,g=0,0.0000,4.7467,606.6319,,
2009,BCE (tipo de nuevos préstamos),3.2467,1.0000,g=inflación,0.2318,4.5149,577.0061,,
2009,BCE (tipo de nuevos préstamos),3.2467,2.0000,g=0,0.0000,5.7467,734.4336,,
2009,BCE (tipo de nuevos préstamos),3.2467,2.0000,g=inflación,0.2318,5.5149,704.8078,,
2009,BCE (tipo de nuevos préstamos),3.2467,3.0000,g=0,0.0000,6.7467,862.2352,,
2009,BCE (tipo de nuevos préstamos),3.2467,3.0000,g=inflación,0.2318,6.5149,832.6094,,
2010,v2 (agregado de tipo hipotecario),2.5133,1.0000,g=0,0.0000,4.0133,493.1116,,
2010,v2 (agregado de tipo hipotecario),2.5133,1.0000,g=inflación,0.2948,3.7185,456.8896,,
2010,v2 (agregado de tipo hipotecario),2.5133,2.0000,g=0,0.0000,5.0133,615.9799,,
2010,v2 (agregado de tipo hipotecario),2.5133,2.0000,g=inflación,0.2948,4.7185,579.7579,,
2010,v2 (agregado de tipo hipotecario),2.5133,3.0000,g=0,0.0000,6.0133,738.8482,,
2010,v2 (agregado de tipo hipotecario),2.5133,3.0000,g=inflación,0.2948,5.7185,702.6262,,
2010,BCE (tipo de nuevos préstamos),2.5133,1.0000,g=0,0.0000,4.0133,493.1116,,
2010,BCE (tipo de nuevos préstamos),2.5133,1.0000,g=inflación,0.2948,3.7185,456.8896,,
2010,BCE (tipo de nuevos préstamos),2.5133,2.0000,g=0,0.0000,5.0133,615.9799,,
2010,BCE (tipo de nuevos préstamos),2.5133,2.0000,g=inflación,0.2948,4.7185,579.7579,,
2010,BCE (tipo de nuevos préstamos),2.5133,3.0000,g=0,0.0000,6.0133,738.8482,,
2010,BCE (tipo de nuevos préstamos),2.5133,3.0000,g=inflación,0.2948,5.7185,702.6262,,
2011,v2 (agregado de tipo hipotecario),3.3375,1.0000,g=0,0.0000,4.8375,561.2145,529.8417,1.0592
2011,v2 (agregado de tipo hipotecario),3.3375,1.0000,g=inflación,-0.1459,4.9834,578.1417,529.8417,1.0912
2011,v2 (agregado de tipo hipotecario),3.3375,1.0000,g=IPV media 4 años,-4.5254,9.3629,1086.2172,529.8417,2.0501
2011,v2 (agregado de tipo hipotecario),3.3375,2.0000,g=0,0.0000,5.8375,677.2278,529.8417,1.2782
2011,v2 (agregado de tipo hipotecario),3.3375,2.0000,g=inflación,-0.1459,5.9834,694.1551,529.8417,1.3101
2011,v2 (agregado de tipo hipotecario),3.3375,2.0000,g=IPV media 4 años,-4.5254,10.3629,1202.2305,529.8417,2.2690
2011,v2 (agregado de tipo hipotecario),3.3375,3.0000,g=0,0.0000,6.8375,793.2412,529.8417,1.4971
2011,v2 (agregado de tipo hipotecario),3.3375,3.0000,g=inflación,-0.1459,6.9834,810.1684,529.8417,1.5291
2011,v2 (agregado de tipo hipotecario),3.3375,3.0000,g=IPV media 4 años,-4.5254,11.3629,1318.2439,529.8417,2.4880
2011,BCE (tipo de nuevos préstamos),3.3375,1.0000,g=0,0.0000,4.8375,561.2145,529.8417,1.0592
2011,BCE (tipo de nuevos préstamos),3.3375,1.0000,g=inflación,-0.1459,4.9834,578.1417,529.8417,1.0912
2011,BCE (tipo de nuevos préstamos),3.3375,1.0000,g=IPV media 4 años,-4.5254,9.3629,1086.2172,529.8417,2.0501
2011,BCE (tipo de nuevos préstamos),3.3375,2.0000,g=0,0.0000,5.8375,677.2278,529.8417,1.2782
2011,BCE (tipo de nuevos préstamos),3.3375,2.0000,g=inflación,-0.1459,5.9834,694.1551,529.8417,1.3101
2011,BCE (tipo de nuevos préstamos),3.3375,2.0000,g=IPV media 4 años,-4.5254,10.3629,1202.2305,529.8417,2.2690
2011,BCE (tipo de nuevos préstamos),3.3375,3.0000,g=0,0.0000,6.8375,793.2412,529.8417,1.4971
2011,BCE (tipo de nuevos préstamos),3.3375,3.0000,g=inflación,-0.1459,6.9834,810.1684,529.8417,1.5291
2011,BCE (tipo de nuevos préstamos),3.3375,3.0000,g=IPV media 4 años,-4.5254,11.3629,1318.2439,529.8417,2.4880
2012,v2 (agregado de tipo hipotecario),3.2708,1.0000,g=0,0.0000,4.7708,505.1120,515.9540,0.9790
2012,v2 (agregado de tipo hipotecario),3.2708,1.0000,g=inflación,-0.2045,4.9753,526.7618,515.9540,1.0209
2012,v2 (agregado de tipo hipotecario),3.2708,1.0000,g=IPV media 4 años,-7.8392,12.6100,1335.0866,515.9540,2.5876
2012,v2 (agregado de tipo hipotecario),3.2708,2.0000,g=0,0.0000,5.7708,610.9870,515.9540,1.1842
2012,v2 (agregado de tipo hipotecario),3.2708,2.0000,g=inflación,-0.2045,5.9753,632.6368,515.9540,1.2261
2012,v2 (agregado de tipo hipotecario),3.2708,2.0000,g=IPV media 4 años,-7.8392,13.6100,1440.9616,515.9540,2.7928
2012,v2 (agregado de tipo hipotecario),3.2708,3.0000,g=0,0.0000,6.7708,716.8620,515.9540,1.3894
2012,v2 (agregado de tipo hipotecario),3.2708,3.0000,g=inflación,-0.2045,6.9753,738.5118,515.9540,1.4314
2012,v2 (agregado de tipo hipotecario),3.2708,3.0000,g=IPV media 4 años,-7.8392,14.6100,1546.8366,515.9540,2.9980
2012,BCE (tipo de nuevos préstamos),3.2708,1.0000,g=0,0.0000,4.7708,505.1120,515.9540,0.9790
2012,BCE (tipo de nuevos préstamos),3.2708,1.0000,g=inflación,-0.2045,4.9753,526.7618,515.9540,1.0209
2012,BCE (tipo de nuevos préstamos),3.2708,1.0000,g=IPV media 4 años,-7.8392,12.6100,1335.0866,515.9540,2.5876
2012,BCE (tipo de nuevos préstamos),3.2708,2.0000,g=0,0.0000,5.7708,610.9870,515.9540,1.1842
2012,BCE (tipo de nuevos préstamos),3.2708,2.0000,g=inflación,-0.2045,5.9753,632.6368,515.9540,1.2261
2012,BCE (tipo de nuevos préstamos),3.2708,2.0000,g=IPV media 4 años,-7.8392,13.6100,1440.9616,515.9540,2.7928
2012,BCE (tipo de nuevos préstamos),3.2708,3.0000,g=0,0.0000,6.7708,716.8620,515.9540,1.3894
2012,BCE (tipo de nuevos préstamos),3.2708,3.0000,g=inflación,-0.2045,6.9753,738.5118,515.9540,1.4314
2012,BCE (tipo de nuevos préstamos),3.2708,3.0000,g=IPV media 4 años,-7.8392,14.6100,1546.8366,515.9540,2.9980
2013,v2 (agregado de tipo hipotecario),2.9925,1.0000,g=0,0.0000,4.4925,447.8573,492.2206,0.9099
2013,v2 (agregado de tipo hipotecario),2.9925,1.0000,g=inflación,0.4418,4.0507,403.8192,492.2206,0.8204
2013,v2 (agregado de tipo hipotecario),2.9925,1.0000,g=IPV media 4 años,-8.9098,13.4023,1336.0736,492.2206,2.7144
2013,v2 (agregado de tipo hipotecario),2.9925,2.0000,g=0,0.0000,5.4925,547.5473,492.2206,1.1124
2013,v2 (agregado de tipo hipotecario),2.9925,2.0000,g=inflación,0.4418,5.0507,503.5092,492.2206,1.0229
2013,v2 (agregado de tipo hipotecario),2.9925,2.0000,g=IPV media 4 años,-8.9098,14.4023,1435.7636,492.2206,2.9169
2013,v2 (agregado de tipo hipotecario),2.9925,3.0000,g=0,0.0000,6.4925,647.2373,492.2206,1.3149
2013,v2 (agregado de tipo hipotecario),2.9925,3.0000,g=inflación,0.4418,6.0507,603.1992,492.2206,1.2255
2013,v2 (agregado de tipo hipotecario),2.9925,3.0000,g=IPV media 4 años,-8.9098,15.4023,1535.4536,492.2206,3.1194
2013,BCE (tipo de nuevos préstamos),2.9925,1.0000,g=0,0.0000,4.4925,447.8573,492.2206,0.9099
2013,BCE (tipo de nuevos préstamos),2.9925,1.0000,g=inflación,0.4418,4.0507,403.8192,492.2206,0.8204
2013,BCE (tipo de nuevos préstamos),2.9925,1.0000,g=IPV media 4 años,-8.9098,13.4023,1336.0736,492.2206,2.7144
2013,BCE (tipo de nuevos préstamos),2.9925,2.0000,g=0,0.0000,5.4925,547.5473,492.2206,1.1124
2013,BCE (tipo de nuevos préstamos),2.9925,2.0000,g=inflación,0.4418,5.0507,503.5092,492.2206,1.0229
2013,BCE (tipo de nuevos préstamos),2.9925,2.0000,g=IPV media 4 años,-8.9098,14.4023,1435.7636,492.2206,2.9169
2013,BCE (tipo de nuevos préstamos),2.9925,3.0000,g=0,0.0000,6.4925,647.2373,492.2206,1.3149
2013,BCE (tipo de nuevos préstamos),2.9925,3.0000,g=inflación,0.4418,6.0507,603.1992,492.2206,1.2255
2013,BCE (tipo de nuevos préstamos),2.9925,3.0000,g=IPV media 4 años,-8.9098,15.4023,1535.4536,492.2206,3.1194
2014,v2 (agregado de tipo hipotecario),2.9317,1.0000,g=0,0.0000,4.4317,431.1716,483.8408,0.8911
2014,v2 (agregado de tipo hipotecario),2.9317,1.0000,g=inflación,-0.2193,4.6509,452.5055,483.8408,0.9352
2014,v2 (agregado de tipo hipotecario),2.9317,1.0000,g=IPV media 4 años,-8.3325,12.7642,1241.8706,483.8408,2.5667
2014,v2 (agregado de tipo hipotecario),2.9317,2.0000,g=0,0.0000,5.4317,528.4650,483.8408,1.0922
2014,v2 (agregado de tipo hipotecario),2.9317,2.0000,g=inflación,-0.2193,5.6509,549.7989,483.8408,1.1363
2014,v2 (agregado de tipo hipotecario),2.9317,2.0000,g=IPV media 4 años,-8.3325,13.7642,1339.1640,483.8408,2.7678
2014,v2 (agregado de tipo hipotecario),2.9317,3.0000,g=0,0.0000,6.4317,625.7583,483.8408,1.2933
2014,v2 (agregado de tipo hipotecario),2.9317,3.0000,g=inflación,-0.2193,6.6509,647.0922,483.8408,1.3374
2014,v2 (agregado de tipo hipotecario),2.9317,3.0000,g=IPV media 4 años,-8.3325,14.7642,1436.4573,483.8408,2.9689
2014,BCE (tipo de nuevos préstamos),2.9317,1.0000,g=0,0.0000,4.4317,431.1716,483.8408,0.8911
2014,BCE (tipo de nuevos préstamos),2.9317,1.0000,g=inflación,-0.2193,4.6509,452.5055,483.8408,0.9352
2014,BCE (tipo de nuevos préstamos),2.9317,1.0000,g=IPV media 4 años,-8.3325,12.7642,1241.8706,483.8408,2.5667
2014,BCE (tipo de nuevos préstamos),2.9317,2.0000,g=0,0.0000,5.4317,528.4650,483.8408,1.0922
2014,BCE (tipo de nuevos préstamos),2.9317,2.0000,g=inflación,-0.2193,5.6509,549.7989,483.8408,1.1363
2014,BCE (tipo de nuevos préstamos),2.9317,2.0000,g=IPV media 4 años,-8.3325,13.7642,1339.1640,483.8408,2.7678
2014,BCE (tipo de nuevos préstamos),2.9317,3.0000,g=0,0.0000,6.4317,625.7583,483.8408,1.2933
2014,BCE (tipo de nuevos préstamos),2.9317,3.0000,g=inflación,-0.2193,6.6509,647.0922,483.8408,1.3374
2014,BCE (tipo de nuevos préstamos),2.9317,3.0000,g=IPV media 4 años,-8.3325,14.7642,1436.4573,483.8408,2.9689
2015,v2 (agregado de tipo hipotecario),2.2325,1.0000,g=0,0.0000,3.7325,367.0789,484.2024,0.7581
2015,v2 (agregado de tipo hipotecario),2.2325,1.0000,g=inflación,0.5523,3.1802,312.7622,484.2024,0.6459
2015,v2 (agregado de tipo hipotecario),2.2325,1.0000,g=IPV media 4 años,-5.5444,9.2769,912.3506,484.2024,1.8842
2015,v2 (agregado de tipo hipotecario),2.2325,2.0000,g=0,0.0000,4.7325,465.4256,484.2024,0.9612
2015,v2 (agregado de tipo hipotecario),2.2325,2.0000,g=inflación,0.5523,4.1802,411.1089,484.2024,0.8490
2015,v2 (agregado de tipo hipotecario),2.2325,2.0000,g=IPV media 4 años,-5.5444,10.2769,1010.6972,484.2024,2.0873
2015,v2 (agregado de tipo hipotecario),2.2325,3.0000,g=0,0.0000,5.7325,563.7723,484.2024,1.1643
2015,v2 (agregado de tipo hipotecario),2.2325,3.0000,g=inflación,0.5523,5.1802,509.4555,484.2024,1.0522
2015,v2 (agregado de tipo hipotecario),2.2325,3.0000,g=IPV media 4 años,-5.5444,11.2769,1109.0439,484.2024,2.2905
2015,BCE (tipo de nuevos préstamos),2.2325,1.0000,g=0,0.0000,3.7325,367.0789,484.2024,0.7581
2015,BCE (tipo de nuevos préstamos),2.2325,1.0000,g=inflación,0.5523,3.1802,312.7622,484.2024,0.6459
2015,BCE (tipo de nuevos préstamos),2.2325,1.0000,g=IPV media 4 años,-5.5444,9.2769,912.3506,484.2024,1.8842
2015,BCE (tipo de nuevos préstamos),2.2325,2.0000,g=0,0.0000,4.7325,465.4256,484.2024,0.9612
2015,BCE (tipo de nuevos préstamos),2.2325,2.0000,g=inflación,0.5523,4.1802,411.1089,484.2024,0.8490
2015,BCE (tipo de nuevos préstamos),2.2325,2.0000,g=IPV media 4 años,-5.5444,10.2769,1010.6972,484.2024,2.0873
2015,BCE (tipo de nuevos préstamos),2.2325,3.0000,g=0,0.0000,5.7325,563.7723,484.2024,1.1643
2015,BCE (tipo de nuevos préstamos),2.2325,3.0000,g=inflación,0.5523,5.1802,509.4555,484.2024,1.0522
2015,BCE (tipo de nuevos préstamos),2.2325,3.0000,g=IPV media 4 años,-5.5444,11.2769,1109.0439,484.2024,2.2905
2016,v2 (agregado de tipo hipotecario),1.9400,1.0000,g=0,0.0000,3.4400,344.6020,494.6578,0.6966
2016,v2 (agregado de tipo hipotecario),1.9400,1.0000,g=inflación,0.3697,3.0703,307.5679,494.6578,0.6218
2016,v2 (agregado de tipo hipotecario),1.9400,1.0000,g=IPV media 4 años,-0.7098,4.1498,415.7084,494.6578,0.8404
2016,v2 (agregado de tipo hipotecario),1.9400,2.0000,g=0,0.0000,4.4400,444.7770,494.6578,0.8992
2016,v2 (agregado de tipo hipotecario),1.9400,2.0000,g=inflación,0.3697,4.0703,407.7429,494.6578,0.8243
2016,v2 (agregado de tipo hipotecario),1.9400,2.0000,g=IPV media 4 años,-0.7098,5.1498,515.8834,494.6578,1.0429
2016,v2 (agregado de tipo hipotecario),1.9400,3.0000,g=0,0.0000,5.4400,544.9520,494.6578,1.1017
2016,v2 (agregado de tipo hipotecario),1.9400,3.0000,g=inflación,0.3697,5.0703,507.9179,494.6578,1.0268
2016,v2 (agregado de tipo hipotecario),1.9400,3.0000,g=IPV media 4 años,-0.7098,6.1498,616.0584,494.6578,1.2454
2016,BCE (tipo de nuevos préstamos),1.9400,1.0000,g=0,0.0000,3.4400,344.6020,494.6578,0.6966
2016,BCE (tipo de nuevos préstamos),1.9400,1.0000,g=inflación,0.3697,3.0703,307.5679,494.6578,0.6218
2016,BCE (tipo de nuevos préstamos),1.9400,1.0000,g=IPV media 4 años,-0.7098,4.1498,415.7084,494.6578,0.8404
2016,BCE (tipo de nuevos préstamos),1.9400,2.0000,g=0,0.0000,4.4400,444.7770,494.6578,0.8992
2016,BCE (tipo de nuevos préstamos),1.9400,2.0000,g=inflación,0.3697,4.0703,407.7429,494.6578,0.8243
2016,BCE (tipo de nuevos préstamos),1.9400,2.0000,g=IPV media 4 años,-0.7098,5.1498,515.8834,494.6578,1.0429
2016,BCE (tipo de nuevos préstamos),1.9400,3.0000,g=0,0.0000,5.4400,544.9520,494.6578,1.1017
2016,BCE (tipo de nuevos préstamos),1.9400,3.0000,g=inflación,0.3697,5.0703,507.9179,494.6578,1.0268
2016,BCE (tipo de nuevos préstamos),1.9400,3.0000,g=IPV media 4 años,-0.7098,6.1498,616.0584,494.6578,1.2454
2017,v2 (agregado de tipo hipotecario),1.9050,1.0000,g=0,0.0000,3.4050,349.2679,506.9275,0.6890
2017,v2 (agregado de tipo hipotecario),1.9050,1.0000,g=inflación,1.2568,2.1482,220.3497,506.9275,0.4347
2017,v2 (agregado de tipo hipotecario),1.9050,1.0000,g=IPV media 4 años,3.5914,-0.1864,-19.1225,506.9275,-0.0377
2017,v2 (agregado de tipo hipotecario),1.9050,2.0000,g=0,0.0000,4.4050,451.8429,506.9275,0.8913
2017,v2 (agregado de tipo hipotecario),1.9050,2.0000,g=inflación,1.2568,3.1482,322.9247,506.9275,0.6370
2017,v2 (agregado de tipo hipotecario),1.9050,2.0000,g=IPV media 4 años,3.5914,0.8136,83.4525,506.9275,0.1646
2017,v2 (agregado de tipo hipotecario),1.9050,3.0000,g=0,0.0000,5.4050,554.4179,506.9275,1.0937
2017,v2 (agregado de tipo hipotecario),1.9050,3.0000,g=inflación,1.2568,4.1482,425.4997,506.9275,0.8394
2017,v2 (agregado de tipo hipotecario),1.9050,3.0000,g=IPV media 4 años,3.5914,1.8136,186.0275,506.9275,0.3670
2017,BCE (tipo de nuevos préstamos),1.9050,1.0000,g=0,0.0000,3.4050,349.2679,506.9275,0.6890
2017,BCE (tipo de nuevos préstamos),1.9050,1.0000,g=inflación,1.2568,2.1482,220.3497,506.9275,0.4347
2017,BCE (tipo de nuevos préstamos),1.9050,1.0000,g=IPV media 4 años,3.5914,-0.1864,-19.1225,506.9275,-0.0377
2017,BCE (tipo de nuevos préstamos),1.9050,2.0000,g=0,0.0000,4.4050,451.8429,506.9275,0.8913
2017,BCE (tipo de nuevos préstamos),1.9050,2.0000,g=inflación,1.2568,3.1482,322.9247,506.9275,0.6370
2017,BCE (tipo de nuevos préstamos),1.9050,2.0000,g=IPV media 4 años,3.5914,0.8136,83.4525,506.9275,0.1646
2017,BCE (tipo de nuevos préstamos),1.9050,3.0000,g=0,0.0000,5.4050,554.4179,506.9275,1.0937
2017,BCE (tipo de nuevos préstamos),1.9050,3.0000,g=inflación,1.2568,4.1482,425.4997,506.9275,0.8394
2017,BCE (tipo de nuevos préstamos),1.9050,3.0000,g=IPV media 4 años,3.5914,1.8136,186.0275,506.9275,0.3670
2018,v2 (agregado de tipo hipotecario),1.9400,1.0000,g=0,0.0000,3.4400,364.8005,527.0485,0.6922
2018,v2 (agregado de tipo hipotecario),1.9400,1.0000,g=inflación,1.1868,2.2532,238.9401,527.0485,0.4534
2018,v2 (agregado de tipo hipotecario),1.9400,1.0000,g=IPV media 4 años,5.1408,-1.7008,-180.3610,527.0485,-0.3422
2018,v2 (agregado de tipo hipotecario),1.9400,2.0000,g=0,0.0000,4.4400,470.8472,527.0485,0.8934
2018,v2 (agregado de tipo hipotecario),1.9400,2.0000,g=inflación,1.1868,3.2532,344.9868,527.0485,0.6546
2018,v2 (agregado de tipo hipotecario),1.9400,2.0000,g=IPV media 4 años,5.1408,-0.7008,-74.3144,527.0485,-0.1410
2018,v2 (agregado de tipo hipotecario),1.9400,3.0000,g=0,0.0000,5.4400,576.8939,527.0485,1.0946
2018,v2 (agregado de tipo hipotecario),1.9400,3.0000,g=inflación,1.1868,4.2532,451.0334,527.0485,0.8558
2018,v2 (agregado de tipo hipotecario),1.9400,3.0000,g=IPV media 4 años,5.1408,0.2992,31.7323,527.0485,0.0602
2018,BCE (tipo de nuevos préstamos),1.9400,1.0000,g=0,0.0000,3.4400,364.8005,527.0485,0.6922
2018,BCE (tipo de nuevos préstamos),1.9400,1.0000,g=inflación,1.1868,2.2532,238.9401,527.0485,0.4534
2018,BCE (tipo de nuevos préstamos),1.9400,1.0000,g=IPV media 4 años,5.1408,-1.7008,-180.3610,527.0485,-0.3422
2018,BCE (tipo de nuevos préstamos),1.9400,2.0000,g=0,0.0000,4.4400,470.8472,527.0485,0.8934
2018,BCE (tipo de nuevos préstamos),1.9400,2.0000,g=inflación,1.1868,3.2532,344.9868,527.0485,0.6546
2018,BCE (tipo de nuevos préstamos),1.9400,2.0000,g=IPV media 4 años,5.1408,-0.7008,-74.3144,527.0485,-0.1410
2018,BCE (tipo de nuevos préstamos),1.9400,3.0000,g=0,0.0000,5.4400,576.8939,527.0485,1.0946
2018,BCE (tipo de nuevos préstamos),1.9400,3.0000,g=inflación,1.1868,4.2532,451.0334,527.0485,0.8558
2018,BCE (tipo de nuevos préstamos),1.9400,3.0000,g=IPV media 4 años,5.1408,0.2992,31.7323,527.0485,0.0602
2019,v2 (agregado de tipo hipotecario),1.9775,1.0000,g=0,0.0000,3.4775,380.4849,571.3612,0.6659
2019,v2 (agregado de tipo hipotecario),1.9775,1.0000,g=inflación,1.4310,2.0465,223.9151,571.3612,0.3919
2019,v2 (agregado de tipo hipotecario),1.9775,1.0000,g=IPV media 4 años,5.4978,-2.0203,-221.0446,571.3612,-0.3869
2019,v2 (agregado de tipo hipotecario),1.9775,2.0000,g=0,0.0000,4.4775,489.8982,571.3612,0.8574
2019,v2 (agregado de tipo hipotecario),1.9775,2.0000,g=inflación,1.4310,3.0465,333.3284,571.3612,0.5834
2019,v2 (agregado de tipo hipotecario),1.9775,2.0000,g=IPV media 4 años,5.4978,-1.0203,-111.6313,571.3612,-0.1954
2019,v2 (agregado de tipo hipotecario),1.9775,3.0000,g=0,0.0000,5.4775,599.3115,571.3612,1.0489
2019,v2 (agregado de tipo hipotecario),1.9775,3.0000,g=inflación,1.4310,4.0465,442.7417,571.3612,0.7749
2019,v2 (agregado de tipo hipotecario),1.9775,3.0000,g=IPV media 4 años,5.4978,-0.0203,-2.2179,571.3612,-0.0039
2019,BCE (tipo de nuevos préstamos),1.9775,1.0000,g=0,0.0000,3.4775,380.4849,571.3612,0.6659
2019,BCE (tipo de nuevos préstamos),1.9775,1.0000,g=inflación,1.4310,2.0465,223.9151,571.3612,0.3919
2019,BCE (tipo de nuevos préstamos),1.9775,1.0000,g=IPV media 4 años,5.4978,-2.0203,-221.0446,571.3612,-0.3869
2019,BCE (tipo de nuevos préstamos),1.9775,2.0000,g=0,0.0000,4.4775,489.8982,571.3612,0.8574
2019,BCE (tipo de nuevos préstamos),1.9775,2.0000,g=inflación,1.4310,3.0465,333.3284,571.3612,0.5834
2019,BCE (tipo de nuevos préstamos),1.9775,2.0000,g=IPV media 4 años,5.4978,-1.0203,-111.6313,571.3612,-0.1954
2019,BCE (tipo de nuevos préstamos),1.9775,3.0000,g=0,0.0000,5.4775,599.3115,571.3612,1.0489
2019,BCE (tipo de nuevos préstamos),1.9775,3.0000,g=inflación,1.4310,4.0465,442.7417,571.3612,0.7749
2019,BCE (tipo de nuevos préstamos),1.9775,3.0000,g=IPV media 4 años,5.4978,-0.0203,-2.2179,571.3612,-0.0039
2020,v2 (agregado de tipo hipotecario),1.7300,1.0000,g=0,0.0000,3.2300,349.5075,586.2699,0.5962
2020,v2 (agregado de tipo hipotecario),1.7300,1.0000,g=inflación,1.1198,2.1102,228.3412,586.2699,0.3895
2020,v2 (agregado de tipo hipotecario),1.7300,1.0000,g=IPV media 4 años,4.8813,-1.6513,-178.6788,586.2699,-0.3048
2020,v2 (agregado de tipo hipotecario),1.7300,2.0000,g=0,0.0000,4.2300,457.7142,586.2699,0.7807
2020,v2 (agregado de tipo hipotecario),1.7300,2.0000,g=inflación,1.1198,3.1102,336.5478,586.2699,0.5740
2020,v2 (agregado de tipo hipotecario),1.7300,2.0000,g=IPV media 4 años,4.8813,-0.6513,-70.4722,586.2699,-0.1202
2020,v2 (agregado de tipo hipotecario),1.7300,3.0000,g=0,0.0000,5.2300,565.9209,586.2699,0.9653
2020,v2 (agregado de tipo hipotecario),1.7300,3.0000,g=inflación,1.1198,4.1102,444.7545,586.2699,0.7586
2020,v2 (agregado de tipo hipotecario),1.7300,3.0000,g=IPV media 4 años,4.8813,0.3487,37.7345,586.2699,0.0644
2020,BCE (tipo de nuevos préstamos),1.7300,1.0000,g=0,0.0000,3.2300,349.5075,586.2699,0.5962
2020,BCE (tipo de nuevos préstamos),1.7300,1.0000,g=inflación,1.1198,2.1102,228.3412,586.2699,0.3895
2020,BCE (tipo de nuevos préstamos),1.7300,1.0000,g=IPV media 4 años,4.8813,-1.6513,-178.6788,586.2699,-0.3048
2020,BCE (tipo de nuevos préstamos),1.7300,2.0000,g=0,0.0000,4.2300,457.7142,586.2699,0.7807
2020,BCE (tipo de nuevos préstamos),1.7300,2.0000,g=inflación,1.1198,3.1102,336.5478,586.2699,0.5740
2020,BCE (tipo de nuevos préstamos),1.7300,2.0000,g=IPV media 4 años,4.8813,-0.6513,-70.4722,586.2699,-0.1202
2020,BCE (tipo de nuevos préstamos),1.7300,3.0000,g=0,0.0000,5.2300,565.9209,586.2699,0.9653
2020,BCE (tipo de nuevos préstamos),1.7300,3.0000,g=inflación,1.1198,4.1102,444.7545,586.2699,0.7586
2020,BCE (tipo de nuevos préstamos),1.7300,3.0000,g=IPV media 4 años,4.8813,0.3487,37.7345,586.2699,0.0644
2021,v2 (agregado de tipo hipotecario),1.4792,1.0000,g=0,0.0000,2.9792,329.2128,603.8942,0.5451
2021,v2 (agregado de tipo hipotecario),1.4792,1.0000,g=inflación,2.5410,0.4381,48.4161,603.8942,0.0802
2021,v2 (agregado de tipo hipotecario),1.4792,1.0000,g=IPV media 4 años,4.2873,-1.3082,-144.5598,603.8942,-0.2394
2021,v2 (agregado de tipo hipotecario),1.4792,2.0000,g=0,0.0000,3.9792,439.7178,603.8942,0.7281
2021,v2 (agregado de tipo hipotecario),1.4792,2.0000,g=inflación,2.5410,1.4381,158.9211,603.8942,0.2632
2021,v2 (agregado de tipo hipotecario),1.4792,2.0000,g=IPV media 4 años,4.2873,-0.3082,-34.0548,603.8942,-0.0564
2021,v2 (agregado de tipo hipotecario),1.4792,3.0000,g=0,0.0000,4.9792,550.2228,603.8942,0.9111
2021,v2 (agregado de tipo hipotecario),1.4792,3.0000,g=inflación,2.5410,2.4381,269.4261,603.8942,0.4461
2021,v2 (agregado de tipo hipotecario),1.4792,3.0000,g=IPV media 4 años,4.2873,0.6918,76.4502,603.8942,0.1266
2021,BCE (tipo de nuevos préstamos),1.4792,1.0000,g=0,0.0000,2.9792,329.2128,603.8942,0.5451
2021,BCE (tipo de nuevos préstamos),1.4792,1.0000,g=inflación,2.5410,0.4381,48.4161,603.8942,0.0802
2021,BCE (tipo de nuevos préstamos),1.4792,1.0000,g=IPV media 4 años,4.2873,-1.3082,-144.5598,603.8942,-0.2394
2021,BCE (tipo de nuevos préstamos),1.4792,2.0000,g=0,0.0000,3.9792,439.7178,603.8942,0.7281
2021,BCE (tipo de nuevos préstamos),1.4792,2.0000,g=inflación,2.5410,1.4381,158.9211,603.8942,0.2632
2021,BCE (tipo de nuevos préstamos),1.4792,2.0000,g=IPV media 4 años,4.2873,-0.3082,-34.0548,603.8942,-0.0564
2021,BCE (tipo de nuevos préstamos),1.4792,3.0000,g=0,0.0000,4.9792,550.2228,603.8942,0.9111
2021,BCE (tipo de nuevos préstamos),1.4792,3.0000,g=inflación,2.5410,2.4381,269.4261,603.8942,0.4461
2021,BCE (tipo de nuevos préstamos),1.4792,3.0000,g=IPV media 4 años,4.2873,0.6918,76.4502,603.8942,0.1266
2022,v2 (agregado de tipo hipotecario),1.9675,1.0000,g=0,0.0000,3.4675,402.4554,629.6561,0.6392
2022,v2 (agregado de tipo hipotecario),1.9675,1.0000,g=inflación,4.6976,-1.2301,-142.7727,629.6561,-0.2267
2022,v2 (agregado de tipo hipotecario),1.9675,1.0000,g=IPV media 4 años,4.4455,-0.9780,-113.5151,629.6561,-0.1803
2022,v2 (agregado de tipo hipotecario),1.9675,2.0000,g=0,0.0000,4.4675,518.5204,629.6561,0.8235
2022,v2 (agregado de tipo hipotecario),1.9675,2.0000,g=inflación,4.6976,-0.2301,-26.7077,629.6561,-0.0424
2022,v2 (agregado de tipo hipotecario),1.9675,2.0000,g=IPV media 4 años,4.4455,0.0220,2.5499,629.6561,0.0040
2022,v2 (agregado de tipo hipotecario),1.9675,3.0000,g=0,0.0000,5.4675,634.5854,629.6561,1.0078
2022,v2 (agregado de tipo hipotecario),1.9675,3.0000,g=inflación,4.6976,0.7699,89.3573,629.6561,0.1419
2022,v2 (agregado de tipo hipotecario),1.9675,3.0000,g=IPV media 4 años,4.4455,1.0220,118.6149,629.6561,0.1884
2022,BCE (tipo de nuevos préstamos),1.9675,1.0000,g=0,0.0000,3.4675,402.4554,629.6561,0.6392
2022,BCE (tipo de nuevos préstamos),1.9675,1.0000,g=inflación,4.6976,-1.2301,-142.7727,629.6561,-0.2267
2022,BCE (tipo de nuevos préstamos),1.9675,1.0000,g=IPV media 4 años,4.4455,-0.9780,-113.5151,629.6561,-0.1803
2022,BCE (tipo de nuevos préstamos),1.9675,2.0000,g=0,0.0000,4.4675,518.5204,629.6561,0.8235
2022,BCE (tipo de nuevos préstamos),1.9675,2.0000,g=inflación,4.6976,-0.2301,-26.7077,629.6561,-0.0424
2022,BCE (tipo de nuevos préstamos),1.9675,2.0000,g=IPV media 4 años,4.4455,0.0220,2.5499,629.6561,0.0040
2022,BCE (tipo de nuevos préstamos),1.9675,3.0000,g=0,0.0000,5.4675,634.5854,629.6561,1.0078
2022,BCE (tipo de nuevos préstamos),1.9675,3.0000,g=inflación,4.6976,0.7699,89.3573,629.6561,0.1419
2022,BCE (tipo de nuevos préstamos),1.9675,3.0000,g=IPV media 4 años,4.4455,1.0220,118.6149,629.6561,0.1884
2023,v2 (agregado de tipo hipotecario),3.7767,1.0000,g=0,0.0000,5.2767,636.3924,658.9096,0.9658
2023,v2 (agregado de tipo hipotecario),3.7767,1.0000,g=inflación,6.2690,-0.9923,-119.6754,658.9096,-0.1816
2023,v2 (agregado de tipo hipotecario),3.7767,1.0000,g=IPV media 4 años,4.1816,1.0951,132.0748,658.9096,0.2004
2023,v2 (agregado de tipo hipotecario),3.7767,2.0000,g=0,0.0000,6.2767,756.9974,658.9096,1.1489
2023,v2 (agregado de tipo hipotecario),3.7767,2.0000,g=inflación,6.2690,0.0077,0.9296,658.9096,0.0014
2023,v2 (agregado de tipo hipotecario),3.7767,2.0000,g=IPV media 4 años,4.1816,2.0951,252.6798,658.9096,0.3835
2023,v2 (agregado de tipo hipotecario),3.7767,3.0000,g=0,0.0000,7.2767,877.6024,658.9096,1.3319
2023,v2 (agregado de tipo hipotecario),3.7767,3.0000,g=inflación,6.2690,1.0077,121.5346,658.9096,0.1844
2023,v2 (agregado de tipo hipotecario),3.7767,3.0000,g=IPV media 4 años,4.1816,3.0951,373.2848,658.9096,0.5665
2023,BCE (tipo de nuevos préstamos),3.7767,1.0000,g=0,0.0000,5.2767,636.3924,658.9096,0.9658
2023,BCE (tipo de nuevos préstamos),3.7767,1.0000,g=inflación,6.2690,-0.9923,-119.6754,658.9096,-0.1816
2023,BCE (tipo de nuevos préstamos),3.7767,1.0000,g=IPV media 4 años,4.1816,1.0951,132.0748,658.9096,0.2004
2023,BCE (tipo de nuevos préstamos),3.7767,2.0000,g=0,0.0000,6.2767,756.9974,658.9096,1.1489
2023,BCE (tipo de nuevos préstamos),3.7767,2.0000,g=inflación,6.2690,0.0077,0.9296,658.9096,0.0014
2023,BCE (tipo de nuevos préstamos),3.7767,2.0000,g=IPV media 4 años,4.1816,2.0951,252.6798,658.9096,0.3835
2023,BCE (tipo de nuevos préstamos),3.7767,3.0000,g=0,0.0000,7.2767,877.6024,658.9096,1.3319
2023,BCE (tipo de nuevos préstamos),3.7767,3.0000,g=inflación,6.2690,1.0077,121.5346,658.9096,0.1844
2023,BCE (tipo de nuevos préstamos),3.7767,3.0000,g=IPV media 4 años,4.1816,3.0951,373.2848,658.9096,0.5665
2024,v2 (agregado de tipo hipotecario),3.3975,1.0000,g=0,0.0000,4.8975,624.7986,692.5627,0.9022
2024,v2 (agregado de tipo hipotecario),3.3975,1.0000,g=inflación,3.0591,1.8384,234.5297,692.5627,0.3386
2024,v2 (agregado de tipo hipotecario),3.3975,1.0000,g=IPV media 4 años,5.6766,-0.7791,-99.3890,692.5627,-0.1435
2024,v2 (agregado de tipo hipotecario),3.3975,2.0000,g=0,0.0000,5.8975,752.3736,692.5627,1.0864
2024,v2 (agregado de tipo hipotecario),3.3975,2.0000,g=inflación,3.0591,2.8384,362.1047,692.5627,0.5228
2024,v2 (agregado de tipo hipotecario),3.3975,2.0000,g=IPV media 4 años,5.6766,0.2209,28.1860,692.5627,0.0407
2024,v2 (agregado de tipo hipotecario),3.3975,3.0000,g=0,0.0000,6.8975,879.9486,692.5627,1.2706
2024,v2 (agregado de tipo hipotecario),3.3975,3.0000,g=inflación,3.0591,3.8384,489.6797,692.5627,0.7071
2024,v2 (agregado de tipo hipotecario),3.3975,3.0000,g=IPV media 4 años,5.6766,1.2209,155.7610,692.5627,0.2249
2024,BCE (tipo de nuevos préstamos),3.3975,1.0000,g=0,0.0000,4.8975,624.7986,692.5627,0.9022
2024,BCE (tipo de nuevos préstamos),3.3975,1.0000,g=inflación,3.0591,1.8384,234.5297,692.5627,0.3386
2024,BCE (tipo de nuevos préstamos),3.3975,1.0000,g=IPV media 4 años,5.6766,-0.7791,-99.3890,692.5627,-0.1435
2024,BCE (tipo de nuevos préstamos),3.3975,2.0000,g=0,0.0000,5.8975,752.3736,692.5627,1.0864
2024,BCE (tipo de nuevos préstamos),3.3975,2.0000,g=inflación,3.0591,2.8384,362.1047,692.5627,0.5228
2024,BCE (tipo de nuevos préstamos),3.3975,2.0000,g=IPV media 4 años,5.6766,0.2209,28.1860,692.5627,0.0407
2024,BCE (tipo de nuevos préstamos),3.3975,3.0000,g=0,0.0000,6.8975,879.9486,692.5627,1.2706
2024,BCE (tipo de nuevos préstamos),3.3975,3.0000,g=inflación,3.0591,3.8384,489.6797,692.5627,0.7071
2024,BCE (tipo de nuevos préstamos),3.3975,3.0000,g=IPV media 4 años,5.6766,1.2209,155.7610,692.5627,0.2249
2025,v2 (agregado de tipo hipotecario),2.7275,1.0000,g=0,0.0000,4.2275,599.6216,,
2025,v2 (agregado de tipo hipotecario),2.7275,1.0000,g=inflación,3.0409,1.1866,168.3109,,
2025,v2 (agregado de tipo hipotecario),2.7275,1.0000,g=IPV media 4 años,7.7542,-3.5267,-500.2273,,
2025,v2 (agregado de tipo hipotecario),2.7275,2.0000,g=0,0.0000,5.2275,741.4599,,
2025,v2 (agregado de tipo hipotecario),2.7275,2.0000,g=inflación,3.0409,2.1866,310.1493,,
2025,v2 (agregado de tipo hipotecario),2.7275,2.0000,g=IPV media 4 años,7.7542,-2.5267,-358.3889,,
2025,v2 (agregado de tipo hipotecario),2.7275,3.0000,g=0,0.0000,6.2275,883.2982,,
2025,v2 (agregado de tipo hipotecario),2.7275,3.0000,g=inflación,3.0409,3.1866,451.9876,,
2025,v2 (agregado de tipo hipotecario),2.7275,3.0000,g=IPV media 4 años,7.7542,-1.5267,-216.5506,,
2025,BCE (tipo de nuevos préstamos),2.7275,1.0000,g=0,0.0000,4.2275,599.6216,,
2025,BCE (tipo de nuevos préstamos),2.7275,1.0000,g=inflación,3.0409,1.1866,168.3109,,
2025,BCE (tipo de nuevos préstamos),2.7275,1.0000,g=IPV media 4 años,7.7542,-3.5267,-500.2273,,
2025,BCE (tipo de nuevos préstamos),2.7275,2.0000,g=0,0.0000,5.2275,741.4599,,
2025,BCE (tipo de nuevos préstamos),2.7275,2.0000,g=inflación,3.0409,2.1866,310.1493,,
2025,BCE (tipo de nuevos préstamos),2.7275,2.0000,g=IPV media 4 años,7.7542,-2.5267,-358.3889,,
2025,BCE (tipo de nuevos préstamos),2.7275,3.0000,g=0,0.0000,6.2275,883.2982,,
2025,BCE (tipo de nuevos préstamos),2.7275,3.0000,g=inflación,3.0409,3.1866,451.9876,,
2025,BCE (tipo de nuevos préstamos),2.7275,3.0000,g=IPV media 4 años,7.7542,-1.5267,-216.5506,,
