,ine_hipotecas_viv,ine_compraventas_viv,reg_compraventas_viv,reg_hipotecas_viv,ratio_ine,ratio_reg,dif_hip_ine_vs_reg_pct,dif_ratio_pp
2007,1238890.0,775300.0,788518.0,,1.5979,,,
2008,836419.0,552080.0,561420.0,,1.515,,,
2009,650889.0,413393.0,423114.0,,1.5745,,,
2010,607535.0,439591.0,445885.0,,1.382,,,
2011,408461.0,359824.0,370204.0,,1.1352,,,
2012,273873.0,318534.0,330750.0,,0.8598,,,
2013,199703.0,312593.0,329146.0,,0.6389,,,
2014,204302.0,318830.0,318928.0,,0.6408,,,
2015,246767.0,355556.0,354538.0,,0.694,,,
2016,282707.0,405385.0,403743.0,,0.6974,,,
2017,312843.0,467644.0,464223.0,,0.669,,,
2018,348326.0,517984.0,516680.0,,0.6725,,,
2019,361291.0,505467.0,503875.0,,0.7148,,,
2020,337752.0,420238.0,419898.0,,0.8037,,,
2021,418058.0,566485.0,564569.0,,0.738,,,
2022,464107.0,650265.0,646241.0,463463.0,0.7137,0.7172,0.139,-0.3448
2023,380966.0,583651.0,583042.0,383738.0,0.6527,0.6582,-0.7224,-0.5436
2024,425522.0,640401.0,636909.0,435328.0,0.6645,0.6835,-2.2526,-1.9039
2025,498429.0,711543.0,705357.0,498500.0,0.7005,0.7067,-0.0142,-0.6244
