p,inic,total_productivo,construccion,inmobiliarias,constr_mas_inmob,bls_empresas_criterios,g_inic,g_construccion,g_inmobiliarias,g_constr_mas_inmob,g_total_productivo
2009Q1,22828.0,1022369.184,143514.644,324221.716,467736.36,10.0,-1.2892,-0.0721,0.0408,0.0048,0.0605
2009Q2,20650.0,1012499.45,134690.275,324663.474,459353.749,10.0,-1.2512,-0.1443,0.036,-0.0203,0.0212
2009Q3,16674.0,1007157.186,134045.129,324439.249,458484.378,10.0,-0.9372,-0.154,0.0281,-0.0286,0.0015
2009Q4,20078.0,999569.594,130438.387,322983.896,453422.283,10.0,-0.6984,-0.152,0.0155,-0.0357,-0.0183
2010Q1,17861.0,994553.691,126464.419,322820.454,449284.873,10.0,-0.2454,-0.1265,-0.0043,-0.0402,-0.0276
2010Q2,17989.0,1005070.021,124054.384,321945.632,446000.016,0.0,-0.138,-0.0823,-0.0084,-0.0295,-0.0074
2010Q3,13391.0,1008384.98,121513.649,320089.577,441603.226,0.0,-0.2193,-0.0981,-0.0135,-0.0375,0.0012
2010Q4,13849.0,1012915.836,114519.391,315781.755,430301.146,0.0,-0.3714,-0.1302,-0.0226,-0.0523,0.0133
2011Q1,15496.0,1002253.466,109581.904,312151.699,421733.603,0.0,-0.142,-0.1433,-0.0336,-0.0633,0.0077
2011Q2,13879.0,994085.672,105488.534,308424.484,413913.018,0.0,-0.2594,-0.1621,-0.0429,-0.0747,-0.011
2011Q3,12295.0,976279.918,102258.462,303506.137,405764.599,0.0,-0.0854,-0.1725,-0.0532,-0.0846,-0.0324
2011Q4,10286.0,970772.579,98546.297,298322.664,396868.961,0.0,-0.2974,-0.1502,-0.0569,-0.0809,-0.0425
2012Q1,11115.0,968348.457,96193.287,295696.263,391889.55,0.0,-0.3323,-0.1303,-0.0542,-0.0734,-0.0344
2012Q2,8731.0,944709.211,91868.966,286941.819,378810.785,0.0,-0.4635,-0.1382,-0.0722,-0.0886,-0.0509
2012Q3,8144.0,916388.529,87794.103,280245.429,368039.532,0.0,-0.4119,-0.1525,-0.0797,-0.0976,-0.0633
2012Q4,6590.0,829788.476,76217.41,224015.072,300232.482,0.0,-0.4452,-0.2569,-0.2865,-0.279,-0.1569
2013Q1,7181.0,798150.934,69012.559,204280.786,273293.345,0.0,-0.4369,-0.3321,-0.3698,-0.3604,-0.1933
2013Q2,7707.0,763059.208,64195.218,198431.996,262627.214,0.0,-0.1248,-0.3584,-0.3688,-0.3663,-0.2135
2013Q3,6784.0,742033.067,62934.1,195082.906,258017.006,0.0,-0.1827,-0.3329,-0.3622,-0.3552,-0.211
2013Q4,7560.0,719179.993,60153.711,176822.311,236976.022,0.0,0.1373,-0.2367,-0.2366,-0.2366,-0.1431
2014Q1,8162.0,712508.734,58386.49,170838.637,229225.127,0.0,0.1281,-0.1672,-0.1788,-0.1758,-0.1135
2014Q2,8185.0,693552.82,55435.589,161218.373,216653.962,0.0,0.0602,-0.1467,-0.2077,-0.1924,-0.0955
2014Q3,8199.0,671335.86,53402.608,156197.182,209599.79,0.0,0.1894,-0.1642,-0.2223,-0.2078,-0.1001
2014Q4,7574.0,674081.608,49769.653,150317.114,200086.767,0.0,0.0019,-0.1895,-0.1624,-0.1692,-0.0648
2015Q1,9810.0,675779.409,48062.739,146612.985,194675.724,0.0,0.1839,-0.1946,-0.1529,-0.1634,-0.0529
2015Q2,11464.0,661534.409,46089.757,138328.927,184418.684,0.0,0.3369,-0.1846,-0.1531,-0.1611,-0.0473
2015Q3,11280.0,655018.548,45445.087,135851.497,181296.584,0.0,0.319,-0.1614,-0.1396,-0.1451,-0.0246
2015Q4,12125.0,644281.884,43936.234,135189.828,179126.062,0.0,0.4705,-0.1247,-0.1061,-0.1107,-0.0452
2016Q1,16250.0,616325.212,42662.779,128871.005,171533.784,0.0,0.5047,-0.1192,-0.129,-0.1266,-0.0921
2016Q3,12929.0,604273.693,41230.046,123176.613,164406.659,10.0,0.1203,-0.1114,-0.116,-0.1149,-0.0905
2016Q4,15005.0,604822.022,39897.95,120805.289,160703.239,10.0,0.2854,-0.1302,-0.1174,-0.1206,-0.0797
2017Q1,17836.0,598215.234,38834.037,118823.173,157657.21,0.0,0.3859,-0.1234,-0.129,-0.1277,-0.0742
2017Q3,18496.0,587628.064,35449.996,112310.219,147760.215,10.0,0.1295,-0.1852,-0.1375,-0.1492,-0.0477
2017Q4,17569.0,591614.514,34626.142,109997.728,144623.87,10.0,0.3067,-0.1746,-0.1132,-0.1282,-0.0212
2018Q1,21654.0,561734.737,30924.912,108035.787,138960.699,10.0,0.3668,-0.2548,-0.1117,-0.1454,-0.0739
2018Q2,24075.0,558653.063,28904.341,107841.168,136745.509,10.0,0.3,-0.2953,-0.097,-0.1423,-0.0684
2018Q3,22878.0,549088.179,28045.385,103201.749,131247.134,10.0,0.2126,-0.2343,-0.0846,-0.1185,-0.0678
2018Q4,22870.0,545599.011,29079.401,93371.969,122451.37,0.0,0.2637,-0.1746,-0.1639,-0.1664,-0.081
2019Q1,26347.0,540817.769,28841.133,93586.983,122428.116,0.0,0.1962,-0.0698,-0.1436,-0.1267,-0.0379
2019Q2,25876.0,544879.382,28094.596,91030.459,119125.055,10.0,0.0721,-0.0284,-0.1695,-0.1379,-0.025
2019Q3,22139.0,536749.575,27205.095,90357.015,117562.11,10.0,-0.0328,-0.0304,-0.1329,-0.1101,-0.0227
2019Q4,21883.0,534772.61,26013.029,88148.843,114161.872,10.0,-0.0441,-0.1114,-0.0576,-0.0701,-0.02
2020Q1,22526.0,539776.893,26925.688,87853.289,114778.977,10.0,-0.1567,-0.0687,-0.0632,-0.0645,-0.0019
2020Q2,17233.0,584060.634,28702.691,85541.915,114244.606,10.0,-0.4065,0.0214,-0.0622,-0.0418,0.0694
2020Q3,16712.0,573624.139,28361.646,83828.514,112190.16,0.0,-0.2812,0.0416,-0.075,-0.0468,0.0664
2020Q4,19459.0,575161.843,27894.694,81943.38,109838.074,0.0,-0.1174,0.0698,-0.073,-0.0386,0.0728
2021Q1,23264.0,569827.086,27668.348,81528.837,109197.185,0.0,0.0322,0.0272,-0.0747,-0.0499,0.0542
2021Q2,24690.0,572049.667,27576.92,81699.547,109276.467,0.0,0.3596,-0.04,-0.046,-0.0445,-0.0208
2021Q3,25802.0,563084.663,27420.237,80498.005,107918.242,0.0,0.4343,-0.0338,-0.0405,-0.0388,-0.0185
2021Q4,26748.0,571097.751,27234.739,82100.859,109335.598,0.0,0.3182,-0.0239,0.0019,-0.0046,-0.0071
2022Q1,26162.0,561373.1,27176.915,76707.307,103884.222,0.0,0.1174,-0.0179,-0.061,-0.0499,-0.0149
2022Q2,20946.0,568506.937,26677.725,75408.644,102086.369,0.0,-0.1645,-0.0332,-0.0801,-0.0681,-0.0062
2022Q3,23589.0,567080.725,27237.037,76357.126,103594.163,0.0,-0.0897,-0.0067,-0.0528,-0.0409,0.0071
2022Q4,26299.0,564626.09,26541.962,74607.268,101149.23,8.3333,-0.0169,-0.0258,-0.0957,-0.0778,-0.0114
2023Q1,25955.0,554746.555,26702.759,73598.343,100301.102,0.0,-0.0079,-0.0176,-0.0414,-0.0351,-0.0119
2023Q2,24119.0,547436.083,26157.868,72006.523,98164.391,0.0,0.1411,-0.0197,-0.0462,-0.0392,-0.0378
2023Q3,23796.0,537930.03,25669.737,70307.758,95977.495,0.0,0.0087,-0.0593,-0.0825,-0.0764,-0.0528
2023Q4,24170.0,538995.632,25235.611,69748.474,94984.085,0.0,-0.0844,-0.0505,-0.0673,-0.0629,-0.0465
2024Q1,27960.0,537488.789,24811.147,69234.766,94045.913,0.0,0.0744,-0.0735,-0.0611,-0.0644,-0.0316
2024Q2,29289.0,544222.675,24804.577,69754.47,94559.047,0.0,0.1942,-0.0531,-0.0318,-0.0374,-0.0059
2024Q3,26840.0,539956.803,25265.051,71338.77,96603.821,0.0,0.1204,-0.0159,0.0146,0.0065,0.0038
2024Q4,28131.0,541126.336,25227.763,70830.436,96058.199,0.0,0.1518,-0.0003,0.0154,0.0112,0.0039
2025Q1,31179.0,544303.635,24582.382,71313.952,95896.334,0.0,0.109,-0.0093,0.0296,0.0195,0.0126
2025Q2,29911.0,553192.333,24889.4,73276.737,98166.137,0.0,0.021,0.0034,0.0493,0.0374,0.0163
2025Q3,26537.0,549627.434,25060.342,73910.406,98970.748,0.0,-0.0114,-0.0081,0.0354,0.0242,0.0178
2025Q4,34200.0,556805.417,25179.462,72392.647,97572.109,0.0,0.1954,-0.0019,0.0218,0.0156,0.0286
