resultado,control,fin,sin_barcelona,estimador,b,se,p,lo,hi,nT,nC
n,todos,2022Q1,True,CS,-0.04997755784028853,0.027687099110964078,0.07266151313516774,-0.10459486531675083,0.004639749636173772,48,142
n,todos,2022Q1,True,DID_M,-0.03768344151936554,0.036308828752558336,0.30066876325710845,-0.10930851340359884,0.033941630364867754,48,142
n,todos,2022Q1,True,TWFE,-0.002092315038469981,0.018727973838519128,0.9111628889129125,-0.03903502407384014,0.034850393996900174,48,142
n,todos,2022Q1,False,CS,-0.04454564911119874,0.027961550005566094,0.11280794393599372,-0.09970246505617772,0.010611166833780245,49,142
n,todos,2022Q1,False,DID_M,-0.03406720037835625,0.03614481277271914,0.3471297943493864,-0.10536628018880084,0.037231879432088354,49,142
n,todos,2022Q1,False,TWFE,0.0007160531662033673,0.018749621655530905,0.9695760730051203,-0.03626810395119356,0.03770021028360029,49,142
n,todos,2021Q3,True,CS,-0.026745442153237025,0.02742056877395958,0.33062575274590217,-0.08083697517750274,0.027346090871028687,48,142
n,todos,2021Q3,True,DID_M,-0.03768344151936554,0.036308828752558336,0.30066876325710845,-0.10930851340359884,0.033941630364867754,48,142
n,todos,2021Q3,True,TWFE,0.021139800648581532,0.019220460784397715,0.27279241386648917,-0.016774385712749553,0.059053987009912615,48,142
n,todos,2021Q3,False,CS,-0.02128936660588217,0.02770978749911289,0.4432692305139575,-0.07594955706952976,0.03337082385776542,49,142
n,todos,2021Q3,False,DID_M,-0.03406720037835625,0.03614481277271914,0.3471297943493864,-0.10536628018880084,0.037231879432088354,49,142
n,todos,2021Q3,False,TWFE,0.02397233567151994,0.019236356436942173,0.2142255423909778,-0.013971919519370955,0.06191659086241084,49,142
n,pop20k,2022Q1,True,CS,-0.0581744941276352,0.03992963809426673,0.15092773931206158,-0.13822859852767538,0.02187961027240498,48,8
n,pop20k,2022Q1,True,DID_M,-0.06790767059076915,0.04408804160777515,0.1293335373865715,-0.1562988720669708,0.02048353088543252,48,8
n,pop20k,2022Q1,True,TWFE,-0.0404500991055975,0.03248431684492825,0.21833040551313265,-0.10555012481738768,0.024649926606192675,48,8
n,pop20k,2022Q1,False,CS,-0.0527425853985454,0.040120428959229015,0.19409776271544166,-0.13314572175761108,0.027660550960520267,49,8
n,pop20k,2022Q1,False,DID_M,-0.06429142944975985,0.04395306425951695,0.14923280261148086,-0.15237533858861738,0.023792479689097673,49,8
n,pop20k,2022Q1,False,TWFE,-0.03764173090092414,0.032491932246591367,0.2515788835455806,-0.10273089261134218,0.027447430809493897,49,8
n,pop20k,2021Q3,True,CS,-0.050047432397557295,0.0381415581507111,0.19502017365105498,-0.12651665235313833,0.02642178755802374,48,8
n,pop20k,2021Q3,True,DID_M,-0.06790767059076915,0.04408804160777515,0.1293335373865715,-0.1562988720669708,0.02048353088543252,48,8
n,pop20k,2021Q3,True,TWFE,-0.03232303737551959,0.03422832990980903,0.3491281695649006,-0.10091814337197219,0.03627206862093302,48,8
n,pop20k,2021Q3,False,CS,-0.04459135685020245,0.03835000898986365,0.24995248823812147,-0.12144649230543052,0.03226377860502562,49,8
n,pop20k,2021Q3,False,DID_M,-0.06429142944975985,0.04395306425951695,0.14923280261148086,-0.15237533858861738,0.023792479689097673,49,8
n,pop20k,2021Q3,False,TWFE,-0.0294905023525812,0.03423206529670115,0.3926433948903745,-0.0980655694451921,0.03908456474002969,49,8
n,tenso20k,2022Q1,True,CS,-0.041676783492223576,0.032091043054221904,0.19625930282092158,-0.10514299150911059,0.02178942452466344,48,89
n,tenso20k,2022Q1,True,DID_M,-0.03318130898323752,0.04088808933224721,0.41849833300179207,-0.1140453674866915,0.04768274952021646,48,89
n,tenso20k,2022Q1,True,TWFE,0.009100317931278688,0.021529371444961982,0.6731867173339657,-0.033475322582246086,0.051675958444803466,48,89
n,tenso20k,2022Q1,False,CS,-0.03624487476313378,0.03232812809058622,0.2641972303576088,-0.10017571285465018,0.027685963328382614,49,89
n,tenso20k,2022Q1,False,DID_M,-0.029565067842228225,0.04074251212473455,0.4692962601425878,-0.11013586175858012,0.05100572607412366,49,89
n,tenso20k,2022Q1,False,TWFE,0.011908686135952013,0.021547896089464284,0.5813960231637039,-0.03070079615092792,0.05451816842283195,49,89
n,tenso20k,2021Q3,True,CS,-0.02237090443833296,0.031499044333148714,0.4787995791262733,-0.08466632115641802,0.03992451227975209,48,89
n,tenso20k,2021Q3,True,DID_M,-0.03318130898323752,0.04088808933224721,0.41849833300179207,-0.1140453674866915,0.04768274952021646,48,89
n,tenso20k,2021Q3,True,TWFE,0.028406196985169288,0.02191377239252503,0.19707734322025222,-0.014929619764728265,0.07174201373506683,48,89
n,tenso20k,2021Q3,False,CS,-0.01691482889097811,0.031751134235806666,0.5950888453997868,-0.07970462656696692,0.045874968785010704,49,89
n,tenso20k,2021Q3,False,DID_M,-0.029565067842228225,0.04074251212473455,0.4692962601425878,-0.11013586175858012,0.05100572607412366,49,89
n,tenso20k,2021Q3,False,TWFE,0.03123873200810768,0.021927394362047367,0.15653410754957578,-0.012121182007995085,0.07459864602421044,49,89
