anyo,ocupados_miles,iniciadas,ratio
2008,2459.875,237959.0,10.337390054589235
2009,1889.8,80230.0,23.5547800074785
2010,1651.35,63090.0,26.174512601046125
2011,1403.9,51956.0,27.020940796058202
2012,1161.325,34580.0,33.58371891266628
2013,1029.475,29232.0,35.21739874110563
2014,993.5,32120.0,30.93088418430884
2015,1073.65,44679.0,24.03030506501936
2016,1073.85,59168.0,18.14916846944294
2017,1128.325,74201.0,15.206331451058611
2018,1221.8000000000002,91477.0,13.356362801578541
2019,1277.9,96245.0,13.27757286092784
2020,1244.075,75930.0,16.384498880547874
2021,1315.2,100504.0,13.086046326514367
2022,1354.975,96996.0,13.969390490329499
2023,1398.0,98040.0,14.259485924112607
2024,1463.825,112220.0,13.044243450365354
2025,1530.0,121827.0,12.558792385924303
