spec,var,coef,se,t,p,ic95_lo,ic95_hi,p_boot,p_boot_ge,p_boot_le,n,G,r2_within
H4_principal,d_ln_pr_l1,-1.7846230652,1.6098451764,-1.1085681352,0.2877046875,-5.262482126,1.6932359956,0.3316582915,0.8291457286,0.1708542714,96,14,0.0150780793
H4_principal,inter,0.2871356432,1.7082866916,0.16808399,0.869103995,-3.4033933816,3.9776646679,0.9095477387,0.4924623116,0.5075376884,96,14,0.0150780793
R1_precio_nominal,d_ln_pn_l1,-1.8364119174,1.5475556323,-1.1866532479,0.2565980809,-5.1797025995,1.5068787648,0.2864321608,0.8492462312,0.1507537688,96,14,0.0149604932
R1_precio_nominal,inter_n,-0.1323873807,1.2672475341,-0.1044684461,0.9183921914,-2.8701092333,2.6053344719,0.9246231156,0.5829145729,0.4170854271,96,14,0.0149604932
R2_precio_lag2,d_ln_pr_l2,4.7483506495,2.5100110451,1.8917648425,0.0810085894,-0.6741985398,10.1708998388,0.0753768844,0.0351758794,0.9648241206,82,14,0.0980981465
R2_precio_lag2,inter_l2,1.2052063228,2.1731351199,0.5545933669,0.5885875987,-3.4895666766,5.8999793222,0.7085427136,0.3869346734,0.6130653266,82,14,0.0980981465
S1_sin_Madrid_Barcelona,d_ln_pr_l1,-2.0860767347,1.7062972559,-1.2225752151,0.2449596062,-5.8037790871,1.6316256178,0.3266331658,0.8190954774,0.1809045226,89,13,0.0215852189
S1_sin_Madrid_Barcelona,inter,0.230860881,2.2812311992,0.1012001244,0.9210628551,-4.7395149233,5.2012366854,0.959798995,0.4522613065,0.5477386935,89,13,0.0215852189
S2_2009-2013,d_ln_pr_l1,-3.5155985721,2.2723357021,-1.5471299284,0.145823035,-8.4246814,1.3934842558,0.1708542714,0.9396984925,0.0603015075,69,14,0.0505774131
S2_2009-2013,inter,-1.0617268165,2.6469571151,-0.4011122094,0.6948526114,-6.780130003,4.65667637,0.7638190955,0.6633165829,0.3366834171,69,14,0.0505774131
S4_pre-COVID_2009-2019,d_ln_pr_l1,-1.7846230652,1.6098451764,-1.1085681352,0.2877046875,-5.262482126,1.6932359956,0.3316582915,0.8291457286,0.1708542714,96,14,0.0150780793
S4_pre-COVID_2009-2019,inter,0.2871356432,1.7082866916,0.16808399,0.869103995,-3.4033933816,3.9776646679,0.9095477387,0.4924623116,0.5075376884,96,14,0.0150780793
S5_sin_COVID_2020-2021,d_ln_pr_l1,-1.7846230652,1.6098451764,-1.1085681352,0.2877046875,-5.262482126,1.6932359956,0.3316582915,0.8291457286,0.1708542714,96,14,0.0150780793
S5_sin_COVID_2020-2021,inter,0.2871356432,1.7082866916,0.16808399,0.869103995,-3.4033933816,3.9776646679,0.9095477387,0.4924623116,0.5075376884,96,14,0.0150780793
D1_placebo_lead_precio,d_ln_pr_l1,-3.0903550641,1.8253804755,-1.692992286,0.1142684492,-7.0338498296,0.8531397013,,,,80,14,0.0711980325
D1_placebo_lead_precio,inter,-1.9429623762,2.4526979665,-0.7921735178,0.4424758111,-7.2416941867,3.3557694343,,,,80,14,0.0711980325
D1_placebo_lead_precio,d_ln_pr_f1,0.4037845109,2.3415126407,0.1724460094,0.8657426598,-4.6547460069,5.4623150286,,,,80,14,0.0711980325
D1_placebo_lead_precio,inter_f1,-1.7948500535,2.5734525093,-0.6974482906,0.497806816,-7.3544561934,3.7647560863,,,,80,14,0.0711980325
