periodo,familia,mercado,contrib_pp_M1,ic95_inf_M1,ic95_sup_M1,pct_observado_M1,observado_pp,contrib_pp_M2,ic95_inf_M2,ic95_sup_M2,pct_observado_M2,nivel_evidencia
P1,observado,alquiler,9.1658103,2.8696197,16.2138179,100.0,9.1658103,9.1658103,3.0679226,15.7264892,100.0,DESCRIPTIVO
P1,explicado_familias,alquiler,-2.762866,-5.8016005,-0.165319,-30.1431724,9.1658103,-2.2607946,-5.7458457,2.5706463,-24.6655185,DESCRIPTIVO
P1,demografia,alquiler,-3.243819,-6.0088994,-0.749911,-35.3904224,9.1658103,-3.9042422,-7.2403245,0.1778604,-42.595712,EXPLORATORIO
P1,empleo_renta,alquiler,0.3776959,-0.0667076,0.8278638,4.1207035,9.1658103,1.0437588,-0.01993,1.8650353,11.3875231,EXPLORATORIO
P1,credito_tipos_cu,alquiler,0.3325969,-0.2314367,0.9466192,3.6286687,9.1658103,0.7569377,-0.2953493,1.9350456,8.2582741,EXPLORATORIO
P1,oferta,alquiler,-0.2293398,-0.5268602,-0.018128,-2.5021222,9.1658103,-0.157249,-0.4808716,0.0969586,-1.7156038,EXPLORATORIO
P1,politica,alquiler,0.0,0.0,0.0,0.0,9.1658103,0.0,0.0,0.0,0.0,EXPLORATORIO (H5/tope: falló placebos y pretendencias en BP)
P1,demografia_20_34,alquiler,-2.9576864,-5.344514,-0.6871499,-32.268684,9.1658103,-4.5281302,-7.5501628,-0.0280467,-49.4023995,EXPLORATORIO (coeficiente análogo al componente 20-34 de H1; Holm-7 ejecutado: ninguna confirmatoria sobrevive; nivel según BS)
P1,demografia_extranj,alquiler,-0.2861326,-0.8670028,0.2478662,-3.1217385,9.1658103,0.6238881,-1.1051368,2.6849762,6.8066876,EXPLORATORIO
P1,comun_efectos_tiempo,alquiler,11.7268007,3.4525443,18.5233455,127.940687,9.1658103,10.5054492,3.9073057,14.5778683,114.6156079,DESCRIPTIVO
P1,residuo,alquiler,0.2018756,-0.2568379,0.6125997,2.2024854,9.1658103,0.9211557,-0.0205941,1.5301797,10.0499106,DESCRIPTIVO
P2,observado,alquiler,1.5806978,-2.1534318,5.3393278,100.0,1.5806978,1.5806978,-2.0518693,5.3717508,100.0,DESCRIPTIVO
P2,explicado_familias,alquiler,-2.7009672,-4.6629724,-0.9379732,-170.8718214,1.5806978,-4.1744976,-6.8200206,-0.6531292,-264.0920678,DESCRIPTIVO
P2,demografia,alquiler,-3.033886,-4.8838699,-1.3027282,-191.933333,1.5806978,-4.1477893,-6.8265525,-0.8876437,-262.4024182,EXPLORATORIO
P2,empleo_renta,alquiler,0.1656754,-0.0698062,0.3544424,10.4811529,1.5806978,0.0809576,-0.1355105,0.2962387,5.1216345,EXPLORATORIO
P2,credito_tipos_cu,alquiler,0.1476356,-0.0235754,0.3450479,9.3399007,1.5806978,-0.1253448,-0.8397848,0.4322688,-7.9297123,EXPLORATORIO
P2,oferta,alquiler,0.0196079,-0.0114592,0.0629868,1.240458,1.5806978,0.017679,-0.0164268,0.0701848,1.1184281,EXPLORATORIO
P2,politica,alquiler,0.0,0.0,0.0,0.0,1.5806978,0.0,0.0,0.0,0.0,EXPLORATORIO (H5/tope: falló placebos y pretendencias en BP)
P2,demografia_20_34,alquiler,-3.0150153,-4.7768024,-1.3088361,-190.7395123,1.5806978,-4.1823814,-6.4229642,-1.5808359,-264.5908272,EXPLORATORIO (coeficiente análogo al componente 20-34 de H1; Holm-7 ejecutado: ninguna confirmatoria sobrevive; nivel según BS)
P2,demografia_extranj,alquiler,-0.0188707,-0.5665415,0.4466009,-1.1938207,1.5806978,0.0345921,-0.7957084,0.8984284,2.188409,EXPLORATORIO
P2,comun_efectos_tiempo,alquiler,4.3476787,0.7054903,6.9223224,275.0480588,1.5806978,6.3279909,3.7527086,8.2010258,400.328943,DESCRIPTIVO
P2,residuo,alquiler,-0.0660137,-0.3248064,0.2263254,-4.1762373,1.5806978,-0.5727955,-0.9159427,-0.0197257,-36.2368751,DESCRIPTIVO
P3,observado,alquiler,1.7388193,1.2731656,2.204473,100.0,1.7388193,1.7388193,1.2731656,2.204473,100.0,DESCRIPTIVO
P3,explicado_familias,alquiler,-0.3318238,-1.0712694,0.2051654,-19.0832798,1.7388193,-0.1625114,-0.6087643,0.2906621,-9.3460773,DESCRIPTIVO
P3,demografia,alquiler,-0.3004561,-0.9770846,0.230512,-17.279317,1.7388193,-0.0328856,-0.4449232,0.3978425,-1.8912575,EXPLORATORIO
P3,empleo_renta,alquiler,0.001003,-0.1455503,0.0746479,0.0576842,1.7388193,0.0003323,-0.1508598,0.0637808,0.0191112,EXPLORATORIO
P3,credito_tipos_cu,alquiler,-0.0266132,-0.0785212,0.0413737,-1.5305318,1.7388193,-0.0864634,-0.2606959,0.1076966,-4.9725373,EXPLORATORIO
P3,oferta,alquiler,0.0055693,-0.009571,0.0342742,0.3202942,1.7388193,0.0043668,-0.0108494,0.032453,0.2511334,EXPLORATORIO
P3,politica,alquiler,-0.0113268,-0.1488217,0.0840443,-0.6514093,1.7388193,-0.0478615,-0.2123835,0.0736768,-2.7525272,EXPLORATORIO (H5/tope: falló placebos y pretendencias en BP)
P3,demografia_20_34,alquiler,0.0353938,-0.1499862,0.1948674,2.0355054,1.7388193,0.0384196,-0.1627335,0.1922465,2.2095245,EXPLORATORIO (coeficiente análogo al componente 20-34 de H1; Holm-7 ejecutado: ninguna confirmatoria sobrevive; nivel según BS)
P3,demografia_extranj,alquiler,-0.3358499,-1.0300472,0.1673288,-19.3148223,1.7388193,-0.0713052,-0.4536355,0.3429323,-4.1007819,EXPLORATORIO
P3,comun_efectos_tiempo,alquiler,2.0543335,1.3597478,2.8212316,118.1453101,1.7388193,1.957185,1.4368871,2.4546498,112.5582751,DESCRIPTIVO
P3,residuo,alquiler,0.0163096,-0.1655409,0.2047465,0.9379697,1.7388193,-0.0558543,-0.26095,0.1530406,-3.2121978,DESCRIPTIVO
P4,observado,alquiler,3.9258089,3.2271604,4.6254734,100.0,3.9258089,3.9258089,3.2271604,4.6376072,100.0,DESCRIPTIVO
P4,explicado_familias,alquiler,0.3306762,-1.1056764,1.3906659,8.4231347,3.9258089,0.8241099,-0.3714216,1.841811,20.9921057,DESCRIPTIVO
P4,demografia,alquiler,0.2474854,-1.0881155,1.3278219,6.3040614,3.9258089,0.8608214,-0.5415843,1.4618304,21.9272365,EXPLORATORIO
P4,empleo_renta,alquiler,0.0810581,-0.1307451,0.3031074,2.06475,3.9258089,-0.0038649,-0.1994679,0.2257299,-0.0984497,EXPLORATORIO
P4,credito_tipos_cu,alquiler,-0.0003474,-0.0967378,0.0785889,-0.0088489,3.9258089,-0.0263627,-0.5716025,0.4316357,-0.671522,EXPLORATORIO
P4,oferta,alquiler,0.0047453,-0.009565,0.0236156,0.1208743,3.9258089,0.0030881,-0.0101687,0.0214596,0.0786607,EXPLORATORIO
P4,politica,alquiler,-0.0022653,-0.0297664,0.0168012,-0.0577021,3.9258089,-0.0095719,-0.0424823,0.0087472,-0.2438198,EXPLORATORIO (H5/tope: falló placebos y pretendencias en BP)
P4,demografia_20_34,alquiler,0.3055098,-0.1520621,0.7275023,7.7820843,3.9258089,0.5325259,0.1242251,0.9527789,13.5647444,EXPLORATORIO (coeficiente análogo al componente 20-34 de H1; Holm-7 ejecutado: ninguna confirmatoria sobrevive; nivel según BS)
P4,demografia_extranj,alquiler,-0.0580244,-1.3422427,0.9251256,-1.478023,3.9258089,0.3282955,-0.9675565,0.9597828,8.3624921,EXPLORATORIO
P4,comun_efectos_tiempo,alquiler,3.7353887,2.5243917,5.2533067,95.1495298,3.9258089,3.4011423,2.2709045,5.1825985,86.6354532,DESCRIPTIVO
P4,residuo,alquiler,-0.140256,-0.4553215,0.1505387,-3.5726645,3.9258089,-0.2994434,-0.5655133,0.0682258,-7.6275589,DESCRIPTIVO
P2-P4 (desde 2014),observado,alquiler,7.245326,3.4512319,11.2607193,100.0,7.245326,7.245326,3.4970618,11.2413412,100.0,DESCRIPTIVO
P2-P4 (desde 2014),explicado_familias,alquiler,-2.7021147,-5.7301924,-0.1725907,-37.2945915,7.245326,-3.512899,-6.7485576,0.5402694,-48.4850371,DESCRIPTIVO
P2-P4 (desde 2014),demografia,alquiler,-3.0868567,-5.9603894,-0.737745,-42.6048007,7.245326,-3.3198535,-6.567687,-0.026344,-45.8206221,EXPLORATORIO
P2-P4 (desde 2014),empleo_renta,alquiler,0.2477365,-0.0460805,0.5362245,3.4192597,7.245326,0.0774249,-0.2707348,0.4128744,1.0686189,EXPLORATORIO
P2-P4 (desde 2014),credito_tipos_cu,alquiler,0.120675,-0.0527762,0.3373753,1.665557,7.245326,-0.2381709,-1.502258,0.9176577,-3.2872351,EXPLORATORIO
P2-P4 (desde 2014),oferta,alquiler,0.0299225,-0.0087436,0.0788568,0.4129907,7.245326,0.0251338,-0.0157029,0.0779517,0.3468967,EXPLORATORIO
P2-P4 (desde 2014),politica,alquiler,-0.0135921,-0.1785881,0.1008454,-0.1875982,7.245326,-0.0574334,-0.2548659,0.0756035,-0.7926955,EXPLORATORIO (H5/tope: falló placebos y pretendencias en BP)
P2-P4 (desde 2014),demografia_20_34,alquiler,-2.6741118,-4.4048731,-1.0468362,-36.9080948,7.245326,-3.6114359,-5.8293768,-1.1458237,-49.8450428,EXPLORATORIO (coeficiente análogo al componente 20-34 de H1; Holm-7 ejecutado: ninguna confirmatoria sobrevive; nivel según BS)
P2-P4 (desde 2014),demografia_extranj,alquiler,-0.4127449,-2.1709672,1.0338276,-5.6967059,7.245326,0.2915824,-1.4878193,1.4990264,4.0244207,EXPLORATORIO
P2-P4 (desde 2014),comun_efectos_tiempo,alquiler,10.1374008,5.5730165,13.2543848,139.9164207,7.245326,11.6863182,8.3420322,14.10874,161.2945807,DESCRIPTIVO
P2-P4 (desde 2014),residuo,alquiler,-0.1899601,-0.6116575,0.2823302,-2.6218292,7.245326,-0.9280932,-1.5468121,0.0434618,-12.8095436,DESCRIPTIVO
P3-P4 (desde 2020),observado,alquiler,5.6646282,4.8137295,6.5834252,100.0,5.6646282,5.6646282,4.9543664,6.5464304,100.0,DESCRIPTIVO
P3-P4 (desde 2020),explicado_familias,alquiler,-0.0011476,-1.9252738,1.2757046,-0.0202588,5.6646282,0.6615986,-0.7758155,1.8900493,11.67947,DESCRIPTIVO
P3-P4 (desde 2020),demografia,alquiler,-0.0529707,-1.9340003,1.2100683,-0.9351134,5.6646282,0.8279358,-0.8124833,1.6274376,14.6158904,EXPLORATORIO
P3-P4 (desde 2020),empleo_renta,alquiler,0.0820612,-0.1242308,0.2992472,1.4486593,5.6646282,-0.0035326,-0.2025358,0.2228283,-0.0623631,EXPLORATORIO
P3-P4 (desde 2020),credito_tipos_cu,alquiler,-0.0269606,-0.1147303,0.0699583,-0.4759461,5.6646282,-0.1128261,-0.7449636,0.5199601,-1.9917655,EXPLORATORIO
P3-P4 (desde 2020),oferta,alquiler,0.0103146,-0.0113277,0.045489,0.1820884,5.6646282,0.0074548,-0.0132089,0.0379413,0.1316031,EXPLORATORIO
P3-P4 (desde 2020),politica,alquiler,-0.0135921,-0.1785881,0.1008454,-0.239947,5.6646282,-0.0574334,-0.2548659,0.0756035,-1.0138948,EXPLORATORIO (H5/tope: falló placebos y pretendencias en BP)
P3-P4 (desde 2020),demografia_20_34,alquiler,0.3409035,-0.1070568,0.8533489,6.0181093,5.6646282,0.5709456,0.0945857,1.0403069,10.079136,EXPLORATORIO (coeficiente análogo al componente 20-34 de H1; Holm-7 ejecutado: ninguna confirmatoria sobrevive; nivel según BS)
P3-P4 (desde 2020),demografia_extranj,alquiler,-0.3938742,-2.1462426,0.8218833,-6.9532228,5.6646282,0.2569903,-1.2553442,1.1580908,4.5367544,EXPLORATORIO
P3-P4 (desde 2020),comun_efectos_tiempo,alquiler,5.7897222,4.164159,7.7586488,102.208335,5.6646282,5.3583273,3.9229309,7.19099,94.5927457,DESCRIPTIVO
P3-P4 (desde 2020),residuo,alquiler,-0.1239464,-0.5404162,0.2932009,-2.1880762,5.6646282,-0.3552977,-0.7397905,0.1694293,-6.2722157,DESCRIPTIVO
P1,observado,compra,-34.8671483,-47.9303565,-28.0805597,100.0,-34.8671483,-34.8671483,-46.8334556,-28.0637651,100.0,DESCRIPTIVO
P1,explicado_familias,compra,-15.8238777,-22.6793912,-9.5118753,45.3833437,-34.8671483,-20.6149988,-29.1239295,-12.4254251,59.1244189,DESCRIPTIVO
P1,demografia,compra,-7.8270763,-14.6924687,-2.1558586,22.4482836,-34.8671483,-7.7070163,-16.1012153,-1.5810824,22.1039479,EXPLORATORIO (H2 no confirmada en el sellado)
P1,empleo_renta,compra,-0.7100255,-2.6762548,1.1340898,2.0363739,-34.8671483,-4.1924939,-6.9296767,-1.6556124,12.0241951,EXPLORATORIO (H2 no confirmada en el sellado)
P1,credito_tipos_cu,compra,-6.1880654,-10.2240003,-2.2547776,17.7475523,-34.8671483,-7.710845,-11.5130043,-2.872673,22.1149288,EXPLORATORIO (H2 no confirmada en el sellado)
P1,oferta,compra,-1.0987105,-2.6867755,0.5465981,3.1511338,-34.8671483,-1.0046435,-2.665718,0.5932681,2.8813471,EXPLORATORIO (H2 no confirmada en el sellado)
P1,demografia_20_34,compra,-7.7479095,-14.055273,-2.4646908,22.221231,-34.8671483,-8.0593477,-15.2498476,-2.3264347,23.1144447,EXPLORATORIO (H2 no confirmada en el sellado)
P1,demografia_extranj,compra,-0.0791668,-1.4208446,0.899183,0.2270527,-34.8671483,0.3523314,-4.2945659,1.5785299,-1.0104967,EXPLORATORIO (H2 no confirmada en el sellado)
P1,comun_efectos_tiempo,compra,-16.412474,-28.0888522,-10.1084623,47.071455,-34.8671483,-11.5986249,-24.3902625,-2.8781647,33.2651951,DESCRIPTIVO
P1,residuo,compra,-2.6307965,-4.3990009,-0.6678277,7.5452013,-34.8671483,-2.6535246,-4.8814174,-0.4077267,7.610386,DESCRIPTIVO
P2,observado,compra,3.3929412,-4.2304426,9.3997593,100.0,3.3929412,3.3929412,-4.4313968,9.62118,100.0,DESCRIPTIVO
P2,explicado_familias,compra,-7.7728687,-13.6684444,-3.1670738,-229.0893998,3.3929412,-2.4083719,-12.7972792,1.8388092,-70.9818349,DESCRIPTIVO
P2,demografia,compra,-7.6856165,-14.4658827,-3.3085193,-226.5178213,3.3929412,-2.2667416,-12.4344629,1.8804863,-66.8075692,EXPLORATORIO (H2 no confirmada en el sellado)
P2,empleo_renta,compra,0.0524217,-0.7952234,1.0235548,1.5450219,3.3929412,0.9010299,-0.0749949,1.9975307,26.5560121,EXPLORATORIO (H2 no confirmada en el sellado)
P2,credito_tipos_cu,compra,-0.2480842,-1.4203421,1.2632084,-7.311774,3.3929412,-1.1565083,-3.3064844,1.3393396,-34.0857162,EXPLORATORIO (H2 no confirmada en el sellado)
P2,oferta,compra,0.1084104,-0.0511524,0.5459148,3.1951736,3.3929412,0.1138481,-0.0577143,0.5751207,3.3554384,EXPLORATORIO (H2 no confirmada en el sellado)
P2,demografia_20_34,compra,-7.6226794,-15.4461678,-3.3086891,-224.6628775,3.3929412,-2.3813729,-11.2476767,1.6639336,-70.1860936,EXPLORATORIO (H2 no confirmada en el sellado)
P2,demografia_extranj,compra,-0.0629372,-1.8602688,3.0489444,-1.8549438,3.3929412,0.1146313,-5.0349352,0.8992108,3.3785245,EXPLORATORIO (H2 no confirmada en el sellado)
P2,comun_efectos_tiempo,compra,7.772291,0.0408966,17.3039075,229.0723746,3.3929412,2.8045331,-5.0706435,15.9802048,82.6578757,DESCRIPTIVO
P2,residuo,compra,3.3935189,0.7368348,5.011377,100.0170252,3.3929412,2.99678,0.1435976,5.1717619,88.3239593,DESCRIPTIVO
P3,observado,compra,-2.6142492,-5.3145851,-0.8176279,100.0,-2.6142492,-2.6142492,-5.3145851,-0.8176279,100.0,DESCRIPTIVO
P3,explicado_familias,compra,0.4962239,-2.3684087,2.1571921,-18.9815056,-2.6142492,-0.7461645,-3.2004102,1.2736598,28.5422105,DESCRIPTIVO
P3,demografia,compra,0.4423812,-1.9198494,1.9533419,-16.9219215,-2.6142492,-0.5481585,-2.5310602,1.0906053,20.9681058,EXPLORATORIO (H2 no confirmada en el sellado)
P3,empleo_renta,compra,0.0014504,-0.2583714,0.0445299,-0.055479,-2.6142492,0.0090719,-0.4122411,0.5569009,-0.3470189,EXPLORATORIO (H2 no confirmada en el sellado)
P3,credito_tipos_cu,compra,0.0660839,-0.5750846,0.3570011,-2.5278358,-2.6142492,-0.1873245,-0.7799422,0.6504363,7.1655201,EXPLORATORIO (H2 no confirmada en el sellado)
P3,oferta,compra,-0.0136916,-0.0871594,0.0532347,0.5237307,-2.6142492,-0.0197534,-0.0991069,0.0488347,0.7556036,EXPLORATORIO (H2 no confirmada en el sellado)
P3,demografia_20_34,compra,0.0060812,-0.3185534,0.2180831,-0.2326192,-2.6142492,-0.0281008,-0.305689,0.1728617,1.0749071,EXPLORATORIO (H2 no confirmada en el sellado)
P3,demografia_extranj,compra,0.4362999,-1.8868239,1.9314654,-16.6893023,-2.6142492,-0.5200578,-2.488039,1.1401045,19.8931987,EXPLORATORIO (H2 no confirmada en el sellado)
P3,comun_efectos_tiempo,compra,-2.6247701,-4.4984774,-1.0123846,100.4024469,-2.6142492,-1.3166089,-4.0126529,0.5564294,50.3627936,DESCRIPTIVO
P3,residuo,compra,-0.4857029,-1.0143497,0.2089289,18.5790587,-2.6142492,-0.5514758,-1.1324324,0.2262233,21.0949959,DESCRIPTIVO
P4,observado,compra,-1.8848327,-6.4142163,-0.4321575,100.0,-1.8848327,-1.8848327,-6.4791316,-0.2023428,100.0,DESCRIPTIVO
P4,explicado_familias,compra,1.4997831,-1.1382516,3.740524,-79.5711522,-1.8848327,-5.04705,-8.3170122,0.3112129,267.7717764,DESCRIPTIVO
P4,demografia,compra,0.7433049,-2.0988411,2.8630872,-39.436118,-1.8848327,-4.7181838,-7.3156649,-0.6299669,250.3237408,EXPLORATORIO (H2 no confirmada en el sellado)
P4,empleo_renta,compra,0.4500072,-0.0249068,1.0071297,-23.8751786,-1.8848327,0.7574248,0.1148951,1.4167896,-40.1852539,EXPLORATORIO (H2 no confirmada en el sellado)
P4,credito_tipos_cu,compra,0.3138618,-0.5368445,1.1682793,-16.6519734,-1.8848327,-1.0915954,-2.3645296,0.8888491,57.9147115,EXPLORATORIO (H2 no confirmada en el sellado)
P4,oferta,compra,-0.0073908,-0.06183,0.034391,0.3921178,-1.8848327,0.0053043,-0.0419038,0.0521643,-0.281422,EXPLORATORIO (H2 no confirmada en el sellado)
P4,demografia_20_34,compra,0.1539004,-1.7604955,1.4435481,-8.1652023,-1.8848327,-1.0478367,-3.2020258,0.668523,55.5930859,EXPLORATORIO (H2 no confirmada en el sellado)
P4,demografia_extranj,compra,0.5894044,-1.5900703,2.7316885,-31.2709157,-1.8848327,-3.6703471,-7.0649866,-0.4164509,194.7306549,EXPLORATORIO (H2 no confirmada en el sellado)
P4,comun_efectos_tiempo,compra,-3.158997,-8.8542251,-0.2642136,167.6009209,-1.8848327,2.9269623,-5.9462978,6.4742831,-155.2902976,DESCRIPTIVO
P4,residuo,compra,-0.2256188,-1.1233053,0.5886442,11.9702313,-1.8848327,0.235255,-0.8899488,1.159536,-12.4814788,DESCRIPTIVO
P2-P4 (desde 2014),observado,compra,-1.1061406,-10.2322145,5.6955081,100.0,-1.1061406,-1.1061406,-10.4758258,6.0370204,100.0,DESCRIPTIVO
P2-P4 (desde 2014),explicado_familias,compra,-5.7768617,-13.7445628,0.4539357,522.2538194,-1.1061406,-8.2015865,-21.605102,-0.1733786,741.4596463,DESCRIPTIVO
P2-P4 (desde 2014),demografia,compra,-6.4999305,-15.4751413,-0.1639637,587.6224299,-1.1061406,-7.5330838,-19.7536647,-2.6205929,681.0240551,EXPLORATORIO (H2 no confirmada en el sellado)
P2-P4 (desde 2014),empleo_renta,compra,0.5038792,-0.4331253,1.608324,-45.5529073,-1.1061406,1.6675266,0.4802932,2.9636863,-150.7517736,EXPLORATORIO (H2 no confirmada en el sellado)
P2-P4 (desde 2014),credito_tipos_cu,compra,0.1318616,-1.9392297,2.0338627,-11.9208687,-1.1061406,-2.4354283,-5.6028516,2.3393543,220.1734759,EXPLORATORIO (H2 no confirmada en el sellado)
P2-P4 (desde 2014),oferta,compra,0.087328,-0.0748416,0.5463266,-7.8948345,-1.1061406,0.099399,-0.07859,0.5925844,-8.986111,EXPLORATORIO (H2 no confirmada en el sellado)
P2-P4 (desde 2014),demografia_20_34,compra,-7.4626977,-14.8352566,-3.1748022,674.6608412,-1.1061406,-3.4573103,-12.1892655,1.3387288,312.5561255,EXPLORATORIO (H2 no confirmada en el sellado)
P2-P4 (desde 2014),demografia_extranj,compra,0.9627672,-3.1977059,5.1856648,-87.0384113,-1.1061406,-4.0757735,-10.4566796,-0.8426143,368.4679295,EXPLORATORIO (H2 no confirmada en el sellado)
P2-P4 (desde 2014),comun_efectos_tiempo,compra,1.9885239,-9.6704405,12.1817838,-179.7713476,-1.1061406,4.4148866,-8.2397061,19.0174008,-399.1252474,DESCRIPTIVO
P2-P4 (desde 2014),residuo,compra,2.6821972,0.7034775,4.4491769,-242.4824718,-1.1061406,2.6805593,0.4103586,4.9184967,-242.3343989,DESCRIPTIVO
P3-P4 (desde 2020),observado,compra,-4.4990819,-10.3668257,-2.5637098,100.0,-4.4990819,-4.4990819,-10.2954162,-2.3323294,100.0,DESCRIPTIVO
P3-P4 (desde 2020),explicado_familias,compra,1.996007,-1.4949267,4.7826936,-44.3647619,-4.4990819,-5.7932145,-10.1297091,0.7954324,128.7643725,DESCRIPTIVO
P3-P4 (desde 2020),demografia,compra,1.185686,-2.2791287,4.1284767,-26.3539557,-4.4990819,-5.2663423,-8.4852494,-0.8737934,117.0537109,EXPLORATORIO (H2 no confirmada en el sellado)
P3-P4 (desde 2020),empleo_renta,compra,0.4514575,-0.0248926,0.9880701,-10.034437,-4.4990819,0.7664968,0.1312464,1.4361412,-17.0367371,EXPLORATORIO (H2 no confirmada en el sellado)
P3-P4 (desde 2020),credito_tipos_cu,compra,0.3799458,-0.9354175,1.2501415,-8.4449623,-4.4990819,-1.27892,-2.802536,1.3160691,28.4262437,EXPLORATORIO (H2 no confirmada en el sellado)
P3-P4 (desde 2020),oferta,compra,-0.0210824,-0.1137369,0.0517973,0.4685932,-4.4990819,-0.014449,-0.1105015,0.0619837,0.321155,EXPLORATORIO (H2 no confirmada en el sellado)
P3-P4 (desde 2020),demografia_20_34,compra,0.1599816,-1.8554327,1.4111472,-3.5558733,-4.4990819,-1.0759374,-3.3415358,0.6987478,23.9145997,EXPLORATORIO (H2 no confirmada en el sellado)
P3-P4 (desde 2020),demografia_extranj,compra,1.0257044,-2.4558297,4.0430402,-22.7980825,-4.4990819,-4.1904049,-7.402671,-0.5722094,93.1391112,EXPLORATORIO (H2 no confirmada en el sellado)
P3-P4 (desde 2020),comun_efectos_tiempo,compra,-5.7837671,-12.0779422,-2.021629,128.5543868,-4.4990819,1.6103534,-8.4739552,5.395187,-35.7929344,DESCRIPTIVO
P3-P4 (desde 2020),residuo,compra,-0.7113217,-1.9978517,0.5649977,15.8103751,-4.4990819,-0.3162208,-1.7505923,1.0107601,7.028562,DESCRIPTIVO
