anio,0-19,20-34,35-64,65+
2006,0.0021273432228106092,0.2477326968973747,0.5316104325757404,0.584537754046574
2007,0.0026610675709056613,0.2579140381545945,0.5319333545673209,0.5832549778761061
2008,0.001743178984763733,0.2624361028458076,0.5356747417800196,0.5835194161538042
2009,0.002041016797459098,0.2668239698913828,0.5359553567214044,0.5896170918230922
2010,0.00127071703195256,0.26989375214209393,0.5371311889611929,0.5950604984072467
2011,0.0012862083873757025,0.27017587887153105,0.5413398104529759,0.5953336936658687
2012,0.0014032815198618308,0.26492793411118737,0.5462085248788199,0.5990875102971929
2013,0.0017878814147018031,0.262844855195132,0.5472083285733443,0.606981631866287
2014,0.001577784790154623,0.26172020079792013,0.5490298691681066,0.6106397503413302
2015,0.001186110536796631,0.24788914274361776,0.5566753593066802,0.6022155206593697
2016,0.0008051004199577866,0.24119478247446552,0.5663533752245039,0.5817625661375662
2017,0.001118944932700351,0.23759135601240863,0.5643650125342393,0.5849808803189326
2018,0.0014082218491036126,0.23709922654855556,0.55647937985689,0.5975167122280673
2019,0.0010150310988251555,0.23033759664906017,0.5527014127529591,0.6054350282485875
2020,0.0005412895682674404,0.21937792458023672,0.5565504465133954,0.6013656515249404
2021,0.00043092018032352163,0.19847808974022565,0.5785884098933249,0.5406184628391194
2022,0.0007292978850361334,0.2097106234220237,0.5896404028993693,0.5231043786781109
2023,0.0009278487164759422,0.21715547146010722,0.5881574764869767,0.5250648946111515
2024,0.0010664415290105422,0.21787985429400505,0.5880520423938757,0.5201381713567941
2025,0.001430711108130463,0.21852705785782403,0.587528062786426,0.5204013113718055
