grupo,caract,corr,p
europa,ln_p02,0.43642514334109533,0.0017189699256845788
europa,paro02,-0.025512967796448717,0.8618586683252996
europa,ln_pob02,0.6265625387731535,1.4648547272538682e-06
europa,extr02,0.6171029755977114,2.331158186649117e-06
europa,costa,0.28595757892000667,0.04638898213554311
africa,ln_p02,0.4195052356707607,0.0026955089283206956
africa,paro02,-0.08014368290783612,0.5841004701373487
africa,ln_pob02,0.6012540272971869,4.911478733567075e-06
africa,extr02,0.49599238744278434,0.0002899117302916959
africa,costa,0.23335474556772046,0.10659672822477953
norteamerica,ln_p02,0.46740636208443337,0.0007090222239811824
norteamerica,paro02,-0.03773548738222217,0.7968537974818456
norteamerica,ln_pob02,0.6245251368774825,1.621132157036776e-06
norteamerica,extr02,0.29892378537167413,0.03694082340414567
norteamerica,costa,0.050544816338730335,0.7301691747822858
asia,ln_p02,0.45007425784212074,0.0011755688550852805
asia,paro02,-0.04269191527344902,0.770851343065388
asia,ln_pob02,0.6165355394297375,2.3958832795225137e-06
asia,extr02,0.32763950826521115,0.021555736677933236
asia,costa,0.1309793811218077,0.36968697531345845
centroamerica_caribe,ln_p02,0.4549951999277021,0.0010210979043764024
centroamerica_caribe,paro02,-0.09859901735372073,0.5002980479910573
centroamerica_caribe,ln_pob02,0.5826119867081014,1.122892128115986e-05
centroamerica_caribe,extr02,0.3115403662353452,0.02932919397590015
centroamerica_caribe,costa,0.04570902617067231,0.7551421368546187
oceania,ln_p02,0.5177303678526493,0.0001390805710561212
oceania,paro02,0.0021634419718966984,0.9882291156294246
oceania,ln_pob02,0.6979076097131176,2.4954671358519852e-08
oceania,extr02,0.4012545017906505,0.004270966568779405
oceania,costa,0.2086477318474978,0.15023010709686105
sudamerica,ln_p02,0.42596128606665273,0.002276482262419389
sudamerica,paro02,-0.09245959957202131,0.5274751909370896
sudamerica,ln_pob02,0.6059573117968888,3.953594574673332e-06
sudamerica,extr02,0.36066725549235135,0.010902185387612373
sudamerica,costa,0.053638349931538716,0.7143357321081288
apatridas,ln_p02,0.3489383073445934,0.013998861956360565
apatridas,paro02,-0.062366043296301577,0.6703212390622211
apatridas,ln_pob02,0.47915214070440354,0.0004956270908810017
apatridas,extr02,0.3345044158317365,0.018813721703087507
apatridas,costa,0.03894986857588127,0.7904615061361715
z_medio,ln_p02,0.0714436820739529,0.6256776520383579
z_medio,paro02,-0.33595306234730216,0.018274486812202746
z_medio,ln_pob02,-0.40378140206951774,0.00401329791277331
z_medio,extr02,0.5644494652776669,2.3964339826775938e-05
z_medio,costa,0.21738489864407312,0.1335058813047375
