bloque,termino,coef,EE_HAC,IC95_inf,IC95_sup,p,K,p_bonf_K,N,muestra,punto_partida,precio,EE_tipo
"LP nominal (DOLS +-2, HAC)",const,-16.4689,3.87016,-24.0544,-8.8834,2.08715e-05,,,72,2008Q1-2025Q4,,nominal,HAC Newey-West (4 retardos)
"LP nominal (DOLS +-2, HAC)",ln_ocupados,1.95103,0.480136,1.00996,2.8921,4.83439e-05,8,0.000386751,72,2008Q1-2025Q4,,nominal,HAC Newey-West (4 retardos)
"LP nominal (DOLS +-2, HAC)",tipo_hip,-0.0171756,0.0170901,-0.0506722,0.0163209,0.314895,8,1,72,2008Q1-2025Q4,,nominal,HAC Newey-West (4 retardos)
"LP nominal (DOLS +-2, HAC)",ln_permisos_l4,0.059494,0.0454203,-0.0295298,0.148518,0.190245,8,1,72,2008Q1-2025Q4,,nominal,HAC Newey-West (4 retardos)
"LP nominal (DOLS +-2, HAC)",ln_costes,0.265926,0.164554,-0.0566008,0.588452,0.106087,8,0.848692,72,2008Q1-2025Q4,,nominal,HAC Newey-West (4 retardos)
CP nominal (ECM preferido R2aj),Intercept,0.0128041,0.00276357,0.00738747,0.0182207,3.60124e-06,,,73,2008Q2-2026Q2,,nominal,HAC Newey-West (4 retardos)
CP nominal (ECM preferido R2aj),ect_l1,-0.0967852,0.0309013,-0.157352,-0.0362186,0.00173577,1728,1,73,2008Q2-2026Q2,,nominal,HAC Newey-West (4 retardos)
CP nominal (ECM preferido R2aj),q2,-0.00612546,0.00503811,-0.0160002,0.00374923,0.224051,,,73,2008Q2-2026Q2,,nominal,HAC Newey-West (4 retardos)
CP nominal (ECM preferido R2aj),q3,-0.00922573,0.00416995,-0.0173988,-0.00105263,0.0269368,,,73,2008Q2-2026Q2,,nominal,HAC Newey-West (4 retardos)
CP nominal (ECM preferido R2aj),q4,-0.0259919,0.00489895,-0.0355938,-0.0163899,1.12299e-07,,,73,2008Q2-2026Q2,,nominal,HAC Newey-West (4 retardos)
CP nominal (ECM preferido R2aj),d_ln_ocupados,0.473643,0.173912,0.132776,0.814511,0.00646003,576,1,73,2008Q2-2026Q2,,nominal,HAC Newey-West (4 retardos)
CP nominal (ECM preferido R2aj),d_ln_costes,-0.104742,0.0543294,-0.211228,0.00174342,0.0538663,864,1,73,2008Q2-2026Q2,,nominal,HAC Newey-West (4 retardos)
CP nominal (ECM preferido R2aj),d_ln_renta_hog_real,-0.0878164,0.0812198,-0.247007,0.0713745,0.2796,864,1,73,2008Q2-2026Q2,,nominal,HAC Newey-West (4 retardos)
CP nominal (ECM preferido R2aj),d_ln_ipv_l1,0.44212,0.112953,0.220733,0.663507,9.07036e-05,576,0.0522452,73,2008Q2-2026Q2,,nominal,HAC Newey-West (4 retardos)
CP nominal (ECM preferido R2aj),d_ln_credito_nuevo,0.0407076,0.012965,0.0152962,0.066119,0.00169061,864,1,73,2008Q2-2026Q2,,nominal,HAC Newey-West (4 retardos)
Réplica punto de partida (EG estático),Intercept,-7.1813,2.43238,-11.9488,-2.41385,0.00315331,,,72,2008Q1-2025Q4,-6.59,nominal,HAC Newey-West (4 retardos)
Réplica punto de partida (EG estático),ln_ocupados,0.878366,0.313296,0.264307,1.49243,0.00505304,,,72,2008Q1-2025Q4,0.878,nominal,HAC Newey-West (4 retardos)
Réplica punto de partida (EG estático),tipo_hip,-0.0418088,0.00892816,-0.059308,-0.0243096,2.82987e-06,,,72,2008Q1-2025Q4,-0.042,nominal,HAC Newey-West (4 retardos)
Réplica punto de partida (EG estático),ln_permisos_l4,0.156399,0.021772,0.113726,0.199072,6.79413e-13,,,72,2008Q1-2025Q4,0.156,nominal,HAC Newey-West (4 retardos)
Réplica punto de partida (EG estático),ln_costes,0.465202,0.136506,0.197651,0.732753,0.000654572,,,72,2008Q1-2025Q4,0.465,nominal,HAC Newey-West (4 retardos)
"Réplica punto de partida (ECM dos etapas, con dummies)",d_ln_ocupados,0.602567,0.196178,0.218058,0.987076,0.00212962,,,72,2008Q1-2025Q4,0.686,nominal,HAC Newey-West (4 retardos)
"Réplica punto de partida (ECM dos etapas, con dummies)",d_tipo_hip,-0.0138699,0.00455911,-0.0228057,-0.00493401,0.00234833,,,72,2008Q1-2025Q4,-0.0147,nominal,HAC Newey-West (4 retardos)
"Réplica punto de partida (ECM dos etapas, con dummies)",d_ln_permisos_l4,0.0291468,0.0123754,0.00489108,0.0534025,0.0185114,,,72,2008Q1-2025Q4,0.025,nominal,HAC Newey-West (4 retardos)
"Réplica punto de partida (ECM dos etapas, con dummies)",d_ln_ipv_l1,0.415942,0.106016,0.20815,0.623734,8.73153e-05,,,72,2008Q1-2025Q4,0.254,nominal,HAC Newey-West (4 retardos)
"Réplica punto de partida (ECM dos etapas, con dummies)",d_ln_pob_extranj,0.0990929,0.119396,-0.134923,0.333109,0.406566,,,72,2008Q1-2025Q4,0.321,nominal,HAC Newey-West (4 retardos)
"Réplica punto de partida (ECM dos etapas, con dummies)",ect_rep_l1,-0.1095,0.0265886,-0.161614,-0.0573863,3.81671e-05,,,72,2008Q1-2025Q4,-0.1265,nominal,HAC Newey-West (4 retardos)
