anio,min,max,mediana_4,min_nucleo,max_nucleo,mediana_nucleo,factor_comun_idx
2015,99.99999999999999,100.0,100.0,99.99999999999999,100.0,100.0,100.0
2016,101.85906995661607,104.66402806512549,103.6467842841641,101.85906995661607,104.42347793388711,102.87009063444108,103.46946360629168
2017,104.29941702819958,111.13699739138256,108.61714469753043,104.29941702819958,109.75694800533277,107.4773413897281,108.1805472103148
2018,107.82944685466379,118.59494467931995,112.30410535526967,107.82944685466379,114.3363073872765,110.27190332326283,112.76391640029118
2019,111.25271149674622,124.59656382117478,116.01212241717042,111.25271149674622,118.54237172255836,113.48187311178248,116.95820457914596
2020,110.02575921908895,127.23126742826302,116.56245084683133,110.02575921908895,119.9829077359587,113.14199395770393,117.54175629784046
2021,112.36273047722347,131.9281280921112,121.88926461747461,112.36273047722347,124.6320035551909,119.14652567975831,121.93411176431172
2022,118.01620119305858,141.67491229648286,129.6588326004315,118.01620119305858,132.92038423409565,126.39728096676737,129.61561329654955
2023,122.63252440347073,147.28119096878652,131.3764183351763,122.63252440347073,134.20298772775442,128.54984894259817,133.0247680630958
2024,129.71969902386118,159.66357830349918,139.87864996003714,129.71969902386118,142.634943424606,137.12235649546827,142.06064388463662
2025,144.2228172451193,179.90465053521632,151.66377260038814,144.2228172451193,156.122107134311,147.20543806646526,156.52338942750475
