anio,Incasol_fianzas,SERPAVI_contratos_CAT,rotacion_CAT,GVA_fianzas,SERPAVI_contratos_CV,rotacion_CV
2007,61915.0,,,,,
2008,79412.0,,,,,
2009,97159.0,,,,,
2010,115447.0,,,,,
2011,127062.0,242866.0,0.5231773900010706,,87850.0,
2012,137918.0,258205.0,0.5341414767336031,,92854.0,
2013,149456.0,276465.0,0.5405964588645941,,100550.0,
2014,149053.0,299129.0,0.4982900354027861,,112256.0,
2015,141015.0,326505.0,0.4318923140533836,,126561.0,
2016,142014.0,352255.0,0.4031568040198152,,140007.0,
2017,156199.0,374945.0,0.4165917667924629,,154142.0,
2018,167239.0,395754.0,0.42258322088974465,,166405.0,
2019,161797.0,410284.0,0.3943536672158797,,180493.0,
2020,134789.0,421654.0,0.3196673101642579,27453.0,191595.0,0.143286620214515
2021,167109.0,435130.0,0.38404384896467725,32292.0,204158.0,0.15817161218272122
2022,152027.0,442656.0,0.34344276368105253,34126.0,215992.0,0.15799659246638764
2023,132301.0,461937.0,0.28640485607344723,32418.0,232360.0,0.1395162678602169
2024,117890.0,471908.0,0.24981564203192147,32820.0,243768.0,0.13463621147976765
2025,107298.0,,,35079.0,,
2026,,,,28358.0,,
