cod_prov,provincia,clase,robusta_diagnostico,N_anual_min,N_anual_central,N_anual_max,D2025,D2030_min,D2030_central,D2030_max,pd_construccion_adicional_min,pd_construccion_adicional_max,cobertura_pd_min_pct,cobertura_pd_max_pct,vacias_movilizables_anual_min,vacias_movilizables_anual_central,vacias_movilizables_anual_max,cobertura_vacias_central_pct,plazo,instrumentos_signo_estable_C2,instrumentos_evidencia_verificada_aplicable,instrumentos_con_evidencia_en_contra_o_signo_no_estable_en_esta_clase_con_fuente,signo_C2_ayudas_demanda,instrumentos_signo_no_estable,evidencia_no_verificada_solo_robustez,instrumentos_no_evaluables,capa
1,Araba/Álava,1,True,730.0,1625.0,1994.0,3608.0,2600.0,6617.0,7674.0,189.07,756.27,11.63,46.54,109.6,219.3,329.0,13.5,vacías: corto-medio; construcción y N2: medio-largo,"P1 más construcción donde falta (signo estable C2); I10/I27/N7 movilización de vacías (signo estable C2); I02/N8: C2 (signo ≤ 0, nulo con desplazamiento total de la construcción privada)","N2 edificabilidad (Büchler-Lutz 2024, Greenaway-McGrevy-Phillips 2023; VERIFICADAS, otros países, magnitud de resumen secundario); N1/I13 licencias (Ball 2011, VERIFICADA, solo asociación)","I02/N8 con posible desplazamiento de la construcción privada (signo ≤ 0, que puede ser nulo; C2); ayudas generales a la demanda (I06-I09, N9) sin más oferta: traslado al precio del 28-82 % (método A) o 15-46 % (método B) de una ayuda general (C4)",C2 (P-D v3): el beneficiario paga igual o menos (igual con εs = 0) y el no beneficiario paga más; conjunto del mercado sin signo estable. Traslado a precios por clase: C4,"I01, I16, I28 (signo no estable en P-D v3 o discrepancia en la literatura; sin inferencia por clase, C4)","I12, I18, I21, I29, N4 (evidencia no verificada: solo robustez, sin uso en la lectura por clase)","No evaluable (campo separado): I03, I04, I05, I09, I11, I13, I14, I15, I19, I20, I22, I24, I25, I26, N1, N3, N5, N6",C4
2,Albacete,1,False,-478.0,892.0,1608.0,3490.0,1198.0,5809.0,6741.0,103.78,415.13,11.63,46.54,397.7,795.4,1193.1,89.17,vacías: corto-medio; construcción y N2: medio-largo,"P1 más construcción donde falta (signo estable C2); I10/I27/N7 movilización de vacías (signo estable C2); I02/N8: C2 (signo ≤ 0, nulo con desplazamiento total de la construcción privada)","N2 edificabilidad (Büchler-Lutz 2024, Greenaway-McGrevy-Phillips 2023; VERIFICADAS, otros países, magnitud de resumen secundario); N1/I13 licencias (Ball 2011, VERIFICADA, solo asociación)","I02/N8 con posible desplazamiento de la construcción privada (signo ≤ 0, que puede ser nulo; C2); ayudas generales a la demanda (I06-I09, N9) sin más oferta: traslado al precio del 28-82 % (método A) o 15-46 % (método B) de una ayuda general (C4)",C2 (P-D v3): el beneficiario paga igual o menos (igual con εs = 0) y el no beneficiario paga más; conjunto del mercado sin signo estable. Traslado a precios por clase: C4,"I01, I16, I28 (signo no estable en P-D v3 o discrepancia en la literatura; sin inferencia por clase, C4)","I12, I18, I21, I29, N4 (evidencia no verificada: solo robustez, sin uso en la lectura por clase)","No evaluable (campo separado): I03, I04, I05, I09, I11, I13, I14, I15, I19, I20, I22, I24, I25, I26, N1, N3, N5, N6",C4
3,Alicante/Alacant,2,False,10484.0,14264.0,18624.0,53905.0,85925.0,100235.0,109624.0,1659.61,6638.43,11.63,46.54,2094.9,4189.7,6284.6,29.37,vacías: corto-medio; N2/N1: medio; construcción: medio-largo,"P1 más construcción (signo estable C2) y I10/I27/N7 (signo estable C2); I02/N8: C2 (signo ≤ 0, nulo con desplazamiento total de la construcción privada); la clase se define por oferta sin respuesta, de modo que el cuello de botella es de suelo o regulatorio","N2 edificabilidad y N1/I13 licencias se dirigen a ese cuello de botella (inferencia de mecanismo, C4; mismas referencias que en clase 1; sin evaluación en España)","ayudas generales a la demanda (I06-I09, N9): traslado al precio del 88-100 % (método A) o 100 % (método B) de una ayuda general (C4); Eriksen-Ross 2015 (VERIFICADA, Q1) halla subidas donde la oferta es rígida e Hilber-Turner 2014 (VERIFICADA, Q1) un efecto adverso en mercados restrictivos (otros países)",C2 (P-D v3): el beneficiario paga igual o menos (igual con εs = 0) y el no beneficiario paga más; conjunto del mercado sin signo estable. Traslado a precios por clase: C4,"I01, I16, I28 (signo no estable en P-D v3 o discrepancia en la literatura; sin inferencia por clase, C4)","I12, I18, I21, I29, N4 (evidencia no verificada: solo robustez, sin uso en la lectura por clase)","No evaluable (campo separado): I03, I04, I05, I09, I11, I13, I14, I15, I19, I20, I22, I24, I25, I26, N1, N3, N5, N6",C4
4,Almería,1,False,3372.0,5368.0,6871.0,18559.0,31433.0,37388.0,38623.0,624.56,2498.25,11.63,46.54,732.2,1464.4,2196.7,27.28,vacías: corto-medio; construcción y N2: medio-largo,"P1 más construcción donde falta (signo estable C2); I10/I27/N7 movilización de vacías (signo estable C2); I02/N8: C2 (signo ≤ 0, nulo con desplazamiento total de la construcción privada)","N2 edificabilidad (Büchler-Lutz 2024, Greenaway-McGrevy-Phillips 2023; VERIFICADAS, otros países, magnitud de resumen secundario); N1/I13 licencias (Ball 2011, VERIFICADA, solo asociación)","I02/N8 con posible desplazamiento de la construcción privada (signo ≤ 0, que puede ser nulo; C2); ayudas generales a la demanda (I06-I09, N9) sin más oferta: traslado al precio del 28-82 % (método A) o 15-46 % (método B) de una ayuda general (C4)",C2 (P-D v3): el beneficiario paga igual o menos (igual con εs = 0) y el no beneficiario paga más; conjunto del mercado sin signo estable. Traslado a precios por clase: C4,"I01, I16, I28 (signo no estable en P-D v3 o discrepancia en la literatura; sin inferencia por clase, C4)","I12, I18, I21, I29, N4 (evidencia no verificada: solo robustez, sin uso en la lectura por clase)","No evaluable (campo separado): I03, I04, I05, I09, I11, I13, I14, I15, I19, I20, I22, I24, I25, I26, N1, N3, N5, N6",C4
5,Ávila,2,False,-906.0,-245.0,322.0,1297.0,128.0,1357.0,1492.0,-28.51,-114.02,,,372.0,744.1,1116.2,,vacías: corto-medio; N2/N1: medio; construcción: medio-largo,"P1 más construcción (signo estable C2) y I10/I27/N7 (signo estable C2); I02/N8: C2 (signo ≤ 0, nulo con desplazamiento total de la construcción privada); la clase se define por oferta sin respuesta, de modo que el cuello de botella es de suelo o regulatorio","N2 edificabilidad y N1/I13 licencias se dirigen a ese cuello de botella (inferencia de mecanismo, C4; mismas referencias que en clase 1; sin evaluación en España)","ayudas generales a la demanda (I06-I09, N9): traslado al precio del 88-100 % (método A) o 100 % (método B) de una ayuda general (C4); Eriksen-Ross 2015 (VERIFICADA, Q1) halla subidas donde la oferta es rígida e Hilber-Turner 2014 (VERIFICADA, Q1) un efecto adverso en mercados restrictivos (otros países)",C2 (P-D v3): el beneficiario paga igual o menos (igual con εs = 0) y el no beneficiario paga más; conjunto del mercado sin signo estable. Traslado a precios por clase: C4,"I01, I16, I28 (signo no estable en P-D v3 o discrepancia en la literatura; sin inferencia por clase, C4)","I12, I18, I21, I29, N4 (evidencia no verificada: solo robustez, sin uso en la lectura por clase)","No evaluable (campo separado): I03, I04, I05, I09, I11, I13, I14, I15, I19, I20, I22, I24, I25, I26, N1, N3, N5, N6",C4
6,Badajoz,2,False,-2335.0,645.0,1859.0,6228.0,-3162.0,9561.0,11171.0,75.05,300.18,11.63,46.54,619.2,1238.4,1857.5,192.0,vacías: corto-medio; N2/N1: medio; construcción: medio-largo,"P1 más construcción (signo estable C2) y I10/I27/N7 (signo estable C2); I02/N8: C2 (signo ≤ 0, nulo con desplazamiento total de la construcción privada); la clase se define por oferta sin respuesta, de modo que el cuello de botella es de suelo o regulatorio","N2 edificabilidad y N1/I13 licencias se dirigen a ese cuello de botella (inferencia de mecanismo, C4; mismas referencias que en clase 1; sin evaluación en España)","ayudas generales a la demanda (I06-I09, N9): traslado al precio del 88-100 % (método A) o 100 % (método B) de una ayuda general (C4); Eriksen-Ross 2015 (VERIFICADA, Q1) halla subidas donde la oferta es rígida e Hilber-Turner 2014 (VERIFICADA, Q1) un efecto adverso en mercados restrictivos (otros países)",C2 (P-D v3): el beneficiario paga igual o menos (igual con εs = 0) y el no beneficiario paga más; conjunto del mercado sin signo estable. Traslado a precios por clase: C4,"I01, I16, I28 (signo no estable en P-D v3 o discrepancia en la literatura; sin inferencia por clase, C4)","I12, I18, I21, I29, N4 (evidencia no verificada: solo robustez, sin uso en la lectura por clase)","No evaluable (campo separado): I03, I04, I05, I09, I11, I13, I14, I15, I19, I20, I22, I24, I25, I26, N1, N3, N5, N6",C4
7,"Balears, Illes",1,True,3985.0,6330.0,9540.0,13903.0,28676.0,34821.0,40670.0,736.49,2945.97,11.63,46.54,1056.3,2112.6,3169.0,33.37,vacías: corto-medio; construcción y N2: medio-largo,"P1 más construcción donde falta (signo estable C2); I10/I27/N7 movilización de vacías (signo estable C2); I02/N8: C2 (signo ≤ 0, nulo con desplazamiento total de la construcción privada)","N2 edificabilidad (Büchler-Lutz 2024, Greenaway-McGrevy-Phillips 2023; VERIFICADAS, otros países, magnitud de resumen secundario); N1/I13 licencias (Ball 2011, VERIFICADA, solo asociación)","I02/N8 con posible desplazamiento de la construcción privada (signo ≤ 0, que puede ser nulo; C2); ayudas generales a la demanda (I06-I09, N9) sin más oferta: traslado al precio del 28-82 % (método A) o 15-46 % (método B) de una ayuda general (C4)",C2 (P-D v3): el beneficiario paga igual o menos (igual con εs = 0) y el no beneficiario paga más; conjunto del mercado sin signo estable. Traslado a precios por clase: C4,"I01, I16, I28 (signo no estable en P-D v3 o discrepancia en la literatura; sin inferencia por clase, C4)","I12, I18, I21, I29, N4 (evidencia no verificada: solo robustez, sin uso en la lectura por clase)","No evaluable (campo separado): I03, I04, I05, I09, I11, I13, I14, I15, I19, I20, I22, I24, I25, I26, N1, N3, N5, N6",C4
8,Barcelona,1,True,21166.0,30963.0,45466.0,83343.0,132657.0,165030.0,208037.0,3602.53,14410.11,11.63,46.54,2130.0,4260.0,6390.1,13.76,vacías: corto-medio; construcción y N2: medio-largo,"P1 más construcción donde falta (signo estable C2); I10/I27/N7 movilización de vacías (signo estable C2); I02/N8: C2 (signo ≤ 0, nulo con desplazamiento total de la construcción privada)","N2 edificabilidad (Büchler-Lutz 2024, Greenaway-McGrevy-Phillips 2023; VERIFICADAS, otros países, magnitud de resumen secundario); N1/I13 licencias (Ball 2011, VERIFICADA, solo asociación)","I02/N8 con posible desplazamiento de la construcción privada (signo ≤ 0, que puede ser nulo; C2); ayudas generales a la demanda (I06-I09, N9) sin más oferta: traslado al precio del 28-82 % (método A) o 15-46 % (método B) de una ayuda general (C4)",C2 (P-D v3): el beneficiario paga igual o menos (igual con εs = 0) y el no beneficiario paga más; conjunto del mercado sin signo estable. Traslado a precios por clase: C4,"I01, I16, I28 (signo no estable en P-D v3 o discrepancia en la literatura; sin inferencia por clase, C4)","I12, I18, I21, I29, N4 (evidencia no verificada: solo robustez, sin uso en la lectura por clase)","No evaluable (campo separado): I03, I04, I05, I09, I11, I13, I14, I15, I19, I20, I22, I24, I25, I26, N1, N3, N5, N6",C4
9,Burgos,1,False,-624.0,545.0,1371.0,3546.0,799.0,4762.0,5259.0,63.41,253.64,11.63,46.54,478.1,956.2,1434.3,175.45,vacías: corto-medio; construcción y N2: medio-largo,"P1 más construcción donde falta (signo estable C2); I10/I27/N7 movilización de vacías (signo estable C2); I02/N8: C2 (signo ≤ 0, nulo con desplazamiento total de la construcción privada)","N2 edificabilidad (Büchler-Lutz 2024, Greenaway-McGrevy-Phillips 2023; VERIFICADAS, otros países, magnitud de resumen secundario); N1/I13 licencias (Ball 2011, VERIFICADA, solo asociación)","I02/N8 con posible desplazamiento de la construcción privada (signo ≤ 0, que puede ser nulo; C2); ayudas generales a la demanda (I06-I09, N9) sin más oferta: traslado al precio del 28-82 % (método A) o 15-46 % (método B) de una ayuda general (C4)",C2 (P-D v3): el beneficiario paga igual o menos (igual con εs = 0) y el no beneficiario paga más; conjunto del mercado sin signo estable. Traslado a precios por clase: C4,"I01, I16, I28 (signo no estable en P-D v3 o discrepancia en la literatura; sin inferencia por clase, C4)","I12, I18, I21, I29, N4 (evidencia no verificada: solo robustez, sin uso en la lectura por clase)","No evaluable (campo separado): I03, I04, I05, I09, I11, I13, I14, I15, I19, I20, I22, I24, I25, I26, N1, N3, N5, N6",C4
10,Cáceres,1,False,-2112.0,-566.0,395.0,-121.0,-8559.0,-4054.0,-2976.0,-65.85,-263.42,,,610.8,1221.6,1832.5,,vacías: corto-medio; construcción y N2: medio-largo,"P1 más construcción donde falta (signo estable C2); I10/I27/N7 movilización de vacías (signo estable C2); I02/N8: C2 (signo ≤ 0, nulo con desplazamiento total de la construcción privada)","N2 edificabilidad (Büchler-Lutz 2024, Greenaway-McGrevy-Phillips 2023; VERIFICADAS, otros países, magnitud de resumen secundario); N1/I13 licencias (Ball 2011, VERIFICADA, solo asociación)","I02/N8 con posible desplazamiento de la construcción privada (signo ≤ 0, que puede ser nulo; C2); ayudas generales a la demanda (I06-I09, N9) sin más oferta: traslado al precio del 28-82 % (método A) o 15-46 % (método B) de una ayuda general (C4)",C2 (P-D v3): el beneficiario paga igual o menos (igual con εs = 0) y el no beneficiario paga más; conjunto del mercado sin signo estable. Traslado a precios por clase: C4,"I01, I16, I28 (signo no estable en P-D v3 o discrepancia en la literatura; sin inferencia por clase, C4)","I12, I18, I21, I29, N4 (evidencia no verificada: solo robustez, sin uso en la lectura por clase)","No evaluable (campo separado): I03, I04, I05, I09, I11, I13, I14, I15, I19, I20, I22, I24, I25, I26, N1, N3, N5, N6",C4
11,Cádiz,1,False,-277.0,4729.0,6524.0,15573.0,5295.0,24856.0,25194.0,550.22,2200.87,11.63,46.54,701.8,1403.5,2105.3,29.68,vacías: corto-medio; construcción y N2: medio-largo,"P1 más construcción donde falta (signo estable C2); I10/I27/N7 movilización de vacías (signo estable C2); I02/N8: C2 (signo ≤ 0, nulo con desplazamiento total de la construcción privada)","N2 edificabilidad (Büchler-Lutz 2024, Greenaway-McGrevy-Phillips 2023; VERIFICADAS, otros países, magnitud de resumen secundario); N1/I13 licencias (Ball 2011, VERIFICADA, solo asociación)","I02/N8 con posible desplazamiento de la construcción privada (signo ≤ 0, que puede ser nulo; C2); ayudas generales a la demanda (I06-I09, N9) sin más oferta: traslado al precio del 28-82 % (método A) o 15-46 % (método B) de una ayuda general (C4)",C2 (P-D v3): el beneficiario paga igual o menos (igual con εs = 0) y el no beneficiario paga más; conjunto del mercado sin signo estable. Traslado a precios por clase: C4,"I01, I16, I28 (signo no estable en P-D v3 o discrepancia en la literatura; sin inferencia por clase, C4)","I12, I18, I21, I29, N4 (evidencia no verificada: solo robustez, sin uso en la lectura por clase)","No evaluable (campo separado): I03, I04, I05, I09, I11, I13, I14, I15, I19, I20, I22, I24, I25, I26, N1, N3, N5, N6",C4
12,Castellón/Castelló,1,False,2788.0,4267.0,5685.0,18516.0,32073.0,34548.0,36296.0,496.46,1985.85,11.63,46.54,777.3,1554.6,2332.0,36.43,vacías: corto-medio; construcción y N2: medio-largo,"P1 más construcción donde falta (signo estable C2); I10/I27/N7 movilización de vacías (signo estable C2); I02/N8: C2 (signo ≤ 0, nulo con desplazamiento total de la construcción privada)","N2 edificabilidad (Büchler-Lutz 2024, Greenaway-McGrevy-Phillips 2023; VERIFICADAS, otros países, magnitud de resumen secundario); N1/I13 licencias (Ball 2011, VERIFICADA, solo asociación)","I02/N8 con posible desplazamiento de la construcción privada (signo ≤ 0, que puede ser nulo; C2); ayudas generales a la demanda (I06-I09, N9) sin más oferta: traslado al precio del 28-82 % (método A) o 15-46 % (método B) de una ayuda general (C4)",C2 (P-D v3): el beneficiario paga igual o menos (igual con εs = 0) y el no beneficiario paga más; conjunto del mercado sin signo estable. Traslado a precios por clase: C4,"I01, I16, I28 (signo no estable en P-D v3 o discrepancia en la literatura; sin inferencia por clase, C4)","I12, I18, I21, I29, N4 (evidencia no verificada: solo robustez, sin uso en la lectura por clase)","No evaluable (campo separado): I03, I04, I05, I09, I11, I13, I14, I15, I19, I20, I22, I24, I25, I26, N1, N3, N5, N6",C4
13,Ciudad Real,3,False,454.0,1783.0,2107.0,3987.0,-76.0,6032.0,7022.0,207.45,829.8,11.63,46.54,0.0,0.0,0.0,0.0,largo (5-10 años) para parque público,"P1 con financiación pública (signo estable C2); I02/N8: C2 (signo ≤ 0, nulo con desplazamiento total de la construcción privada); I10/I27/N7 no aplican porque B1 no asigna movilización a clases sin presión",Sin literatura verificada con magnitud aplicable a esta clase,"ayudas generales a la demanda (I06-I09, N9): traslado al precio del 50-90 % (método A) o 40-77 % (método B) de una ayuda general (C4)",C2 (P-D v3): el beneficiario paga igual o menos (igual con εs = 0) y el no beneficiario paga más; conjunto del mercado sin signo estable. Traslado a precios por clase: C4,"I01, I16, I28 (signo no estable en P-D v3 o discrepancia en la literatura; sin inferencia por clase, C4)","I12, I18, I21, I29, N4 (evidencia no verificada: solo robustez, sin uso en la lectura por clase)","No evaluable (campo separado): I03, I04, I05, I09, I11, I13, I14, I15, I19, I20, I22, I24, I25, I26, N1, N3, N5, N6",C4
14,Córdoba,1,False,-1945.0,1164.0,2349.0,4858.0,-5410.0,5415.0,6202.0,135.43,541.72,11.63,46.54,529.5,1059.0,1588.5,90.98,vacías: corto-medio; construcción y N2: medio-largo,"P1 más construcción donde falta (signo estable C2); I10/I27/N7 movilización de vacías (signo estable C2); I02/N8: C2 (signo ≤ 0, nulo con desplazamiento total de la construcción privada)","N2 edificabilidad (Büchler-Lutz 2024, Greenaway-McGrevy-Phillips 2023; VERIFICADAS, otros países, magnitud de resumen secundario); N1/I13 licencias (Ball 2011, VERIFICADA, solo asociación)","I02/N8 con posible desplazamiento de la construcción privada (signo ≤ 0, que puede ser nulo; C2); ayudas generales a la demanda (I06-I09, N9) sin más oferta: traslado al precio del 28-82 % (método A) o 15-46 % (método B) de una ayuda general (C4)",C2 (P-D v3): el beneficiario paga igual o menos (igual con εs = 0) y el no beneficiario paga más; conjunto del mercado sin signo estable. Traslado a precios por clase: C4,"I01, I16, I28 (signo no estable en P-D v3 o discrepancia en la literatura; sin inferencia por clase, C4)","I12, I18, I21, I29, N4 (evidencia no verificada: solo robustez, sin uso en la lectura por clase)","No evaluable (campo separado): I03, I04, I05, I09, I11, I13, I14, I15, I19, I20, I22, I24, I25, I26, N1, N3, N5, N6",C4
15,"Coruña, A",1,False,-2925.0,1260.0,3911.0,15586.0,13116.0,22698.0,23880.0,146.6,586.4,11.63,46.54,1631.9,3263.9,4895.8,259.04,vacías: corto-medio; construcción y N2: medio-largo,"P1 más construcción donde falta (signo estable C2); I10/I27/N7 movilización de vacías (signo estable C2); I02/N8: C2 (signo ≤ 0, nulo con desplazamiento total de la construcción privada)","N2 edificabilidad (Büchler-Lutz 2024, Greenaway-McGrevy-Phillips 2023; VERIFICADAS, otros países, magnitud de resumen secundario); N1/I13 licencias (Ball 2011, VERIFICADA, solo asociación)","I02/N8 con posible desplazamiento de la construcción privada (signo ≤ 0, que puede ser nulo; C2); ayudas generales a la demanda (I06-I09, N9) sin más oferta: traslado al precio del 28-82 % (método A) o 15-46 % (método B) de una ayuda general (C4)",C2 (P-D v3): el beneficiario paga igual o menos (igual con εs = 0) y el no beneficiario paga más; conjunto del mercado sin signo estable. Traslado a precios por clase: C4,"I01, I16, I28 (signo no estable en P-D v3 o discrepancia en la literatura; sin inferencia por clase, C4)","I12, I18, I21, I29, N4 (evidencia no verificada: solo robustez, sin uso en la lectura por clase)","No evaluable (campo separado): I03, I04, I05, I09, I11, I13, I14, I15, I19, I20, I22, I24, I25, I26, N1, N3, N5, N6",C4
16,Cuenca,1,False,-735.0,51.0,656.0,1734.0,1145.0,2868.0,3525.0,5.93,23.74,11.63,46.54,410.1,820.2,1230.2,1608.24,vacías: corto-medio; construcción y N2: medio-largo,"P1 más construcción donde falta (signo estable C2); I10/I27/N7 movilización de vacías (signo estable C2); I02/N8: C2 (signo ≤ 0, nulo con desplazamiento total de la construcción privada)","N2 edificabilidad (Büchler-Lutz 2024, Greenaway-McGrevy-Phillips 2023; VERIFICADAS, otros países, magnitud de resumen secundario); N1/I13 licencias (Ball 2011, VERIFICADA, solo asociación)","I02/N8 con posible desplazamiento de la construcción privada (signo ≤ 0, que puede ser nulo; C2); ayudas generales a la demanda (I06-I09, N9) sin más oferta: traslado al precio del 28-82 % (método A) o 15-46 % (método B) de una ayuda general (C4)",C2 (P-D v3): el beneficiario paga igual o menos (igual con εs = 0) y el no beneficiario paga más; conjunto del mercado sin signo estable. Traslado a precios por clase: C4,"I01, I16, I28 (signo no estable en P-D v3 o discrepancia en la literatura; sin inferencia por clase, C4)","I12, I18, I21, I29, N4 (evidencia no verificada: solo robustez, sin uso en la lectura por clase)","No evaluable (campo separado): I03, I04, I05, I09, I11, I13, I14, I15, I19, I20, I22, I24, I25, I26, N1, N3, N5, N6",C4
17,Girona,1,True,3346.0,5265.0,6843.0,16362.0,27301.0,32627.0,34843.0,612.58,2450.32,11.63,46.54,762.2,1524.4,2286.7,28.95,vacías: corto-medio; construcción y N2: medio-largo,"P1 más construcción donde falta (signo estable C2); I10/I27/N7 movilización de vacías (signo estable C2); I02/N8: C2 (signo ≤ 0, nulo con desplazamiento total de la construcción privada)","N2 edificabilidad (Büchler-Lutz 2024, Greenaway-McGrevy-Phillips 2023; VERIFICADAS, otros países, magnitud de resumen secundario); N1/I13 licencias (Ball 2011, VERIFICADA, solo asociación)","I02/N8 con posible desplazamiento de la construcción privada (signo ≤ 0, que puede ser nulo; C2); ayudas generales a la demanda (I06-I09, N9) sin más oferta: traslado al precio del 28-82 % (método A) o 15-46 % (método B) de una ayuda general (C4)",C2 (P-D v3): el beneficiario paga igual o menos (igual con εs = 0) y el no beneficiario paga más; conjunto del mercado sin signo estable. Traslado a precios por clase: C4,"I01, I16, I28 (signo no estable en P-D v3 o discrepancia en la literatura; sin inferencia por clase, C4)","I12, I18, I21, I29, N4 (evidencia no verificada: solo robustez, sin uso en la lectura por clase)","No evaluable (campo separado): I03, I04, I05, I09, I11, I13, I14, I15, I19, I20, I22, I24, I25, I26, N1, N3, N5, N6",C4
18,Granada,1,False,903.0,4496.0,6334.0,17448.0,17468.0,30951.0,32108.0,523.11,2092.43,11.63,46.54,904.4,1808.9,2713.3,40.23,vacías: corto-medio; construcción y N2: medio-largo,"P1 más construcción donde falta (signo estable C2); I10/I27/N7 movilización de vacías (signo estable C2); I02/N8: C2 (signo ≤ 0, nulo con desplazamiento total de la construcción privada)","N2 edificabilidad (Büchler-Lutz 2024, Greenaway-McGrevy-Phillips 2023; VERIFICADAS, otros países, magnitud de resumen secundario); N1/I13 licencias (Ball 2011, VERIFICADA, solo asociación)","I02/N8 con posible desplazamiento de la construcción privada (signo ≤ 0, que puede ser nulo; C2); ayudas generales a la demanda (I06-I09, N9) sin más oferta: traslado al precio del 28-82 % (método A) o 15-46 % (método B) de una ayuda general (C4)",C2 (P-D v3): el beneficiario paga igual o menos (igual con εs = 0) y el no beneficiario paga más; conjunto del mercado sin signo estable. Traslado a precios por clase: C4,"I01, I16, I28 (signo no estable en P-D v3 o discrepancia en la literatura; sin inferencia por clase, C4)","I12, I18, I21, I29, N4 (evidencia no verificada: solo robustez, sin uso en la lectura por clase)","No evaluable (campo separado): I03, I04, I05, I09, I11, I13, I14, I15, I19, I20, I22, I24, I25, I26, N1, N3, N5, N6",C4
19,Guadalajara,1,False,753.0,1448.0,2081.0,4639.0,5534.0,8003.0,9435.0,168.47,673.9,11.63,46.54,424.7,849.4,1274.1,58.66,vacías: corto-medio; construcción y N2: medio-largo,"P1 más construcción donde falta (signo estable C2); I10/I27/N7 movilización de vacías (signo estable C2); I02/N8: C2 (signo ≤ 0, nulo con desplazamiento total de la construcción privada)","N2 edificabilidad (Büchler-Lutz 2024, Greenaway-McGrevy-Phillips 2023; VERIFICADAS, otros países, magnitud de resumen secundario); N1/I13 licencias (Ball 2011, VERIFICADA, solo asociación)","I02/N8 con posible desplazamiento de la construcción privada (signo ≤ 0, que puede ser nulo; C2); ayudas generales a la demanda (I06-I09, N9) sin más oferta: traslado al precio del 28-82 % (método A) o 15-46 % (método B) de una ayuda general (C4)",C2 (P-D v3): el beneficiario paga igual o menos (igual con εs = 0) y el no beneficiario paga más; conjunto del mercado sin signo estable. Traslado a precios por clase: C4,"I01, I16, I28 (signo no estable en P-D v3 o discrepancia en la literatura; sin inferencia por clase, C4)","I12, I18, I21, I29, N4 (evidencia no verificada: solo robustez, sin uso en la lectura por clase)","No evaluable (campo separado): I03, I04, I05, I09, I11, I13, I14, I15, I19, I20, I22, I24, I25, I26, N1, N3, N5, N6",C4
20,Gipuzkoa,2,True,292.0,1971.0,2772.0,2573.0,-1152.0,4996.0,5781.0,229.32,917.3,11.63,46.54,247.1,494.2,741.3,25.07,vacías: corto-medio; N2/N1: medio; construcción: medio-largo,"P1 más construcción (signo estable C2) y I10/I27/N7 (signo estable C2); I02/N8: C2 (signo ≤ 0, nulo con desplazamiento total de la construcción privada); la clase se define por oferta sin respuesta, de modo que el cuello de botella es de suelo o regulatorio","N2 edificabilidad y N1/I13 licencias se dirigen a ese cuello de botella (inferencia de mecanismo, C4; mismas referencias que en clase 1; sin evaluación en España)","ayudas generales a la demanda (I06-I09, N9): traslado al precio del 88-100 % (método A) o 100 % (método B) de una ayuda general (C4); Eriksen-Ross 2015 (VERIFICADA, Q1) halla subidas donde la oferta es rígida e Hilber-Turner 2014 (VERIFICADA, Q1) un efecto adverso en mercados restrictivos (otros países)",C2 (P-D v3): el beneficiario paga igual o menos (igual con εs = 0) y el no beneficiario paga más; conjunto del mercado sin signo estable. Traslado a precios por clase: C4,"I01, I16, I28 (signo no estable en P-D v3 o discrepancia en la literatura; sin inferencia por clase, C4)","I12, I18, I21, I29, N4 (evidencia no verificada: solo robustez, sin uso en la lectura por clase)","No evaluable (campo separado): I03, I04, I05, I09, I11, I13, I14, I15, I19, I20, I22, I24, I25, I26, N1, N3, N5, N6",C4
21,Huelva,1,False,257.0,1987.0,2925.0,6435.0,6778.0,12869.0,13981.0,231.19,924.75,11.63,46.54,422.5,844.9,1267.4,42.52,vacías: corto-medio; construcción y N2: medio-largo,"P1 más construcción donde falta (signo estable C2); I10/I27/N7 movilización de vacías (signo estable C2); I02/N8: C2 (signo ≤ 0, nulo con desplazamiento total de la construcción privada)","N2 edificabilidad (Büchler-Lutz 2024, Greenaway-McGrevy-Phillips 2023; VERIFICADAS, otros países, magnitud de resumen secundario); N1/I13 licencias (Ball 2011, VERIFICADA, solo asociación)","I02/N8 con posible desplazamiento de la construcción privada (signo ≤ 0, que puede ser nulo; C2); ayudas generales a la demanda (I06-I09, N9) sin más oferta: traslado al precio del 28-82 % (método A) o 15-46 % (método B) de una ayuda general (C4)",C2 (P-D v3): el beneficiario paga igual o menos (igual con εs = 0) y el no beneficiario paga más; conjunto del mercado sin signo estable. Traslado a precios por clase: C4,"I01, I16, I28 (signo no estable en P-D v3 o discrepancia en la literatura; sin inferencia por clase, C4)","I12, I18, I21, I29, N4 (evidencia no verificada: solo robustez, sin uso en la lectura por clase)","No evaluable (campo separado): I03, I04, I05, I09, I11, I13, I14, I15, I19, I20, I22, I24, I25, I26, N1, N3, N5, N6",C4
22,Huesca,1,False,-73.0,586.0,1110.0,2587.0,2206.0,4398.0,4928.0,68.18,272.72,11.63,46.54,292.3,584.6,876.9,99.76,vacías: corto-medio; construcción y N2: medio-largo,"P1 más construcción donde falta (signo estable C2); I10/I27/N7 movilización de vacías (signo estable C2); I02/N8: C2 (signo ≤ 0, nulo con desplazamiento total de la construcción privada)","N2 edificabilidad (Büchler-Lutz 2024, Greenaway-McGrevy-Phillips 2023; VERIFICADAS, otros países, magnitud de resumen secundario); N1/I13 licencias (Ball 2011, VERIFICADA, solo asociación)","I02/N8 con posible desplazamiento de la construcción privada (signo ≤ 0, que puede ser nulo; C2); ayudas generales a la demanda (I06-I09, N9) sin más oferta: traslado al precio del 28-82 % (método A) o 15-46 % (método B) de una ayuda general (C4)",C2 (P-D v3): el beneficiario paga igual o menos (igual con εs = 0) y el no beneficiario paga más; conjunto del mercado sin signo estable. Traslado a precios por clase: C4,"I01, I16, I28 (signo no estable en P-D v3 o discrepancia en la literatura; sin inferencia por clase, C4)","I12, I18, I21, I29, N4 (evidencia no verificada: solo robustez, sin uso en la lectura por clase)","No evaluable (campo separado): I03, I04, I05, I09, I11, I13, I14, I15, I19, I20, I22, I24, I25, I26, N1, N3, N5, N6",C4
23,Jaén,3,False,-565.0,1347.0,1864.0,4436.0,-4152.0,5127.0,5325.0,156.72,626.89,11.63,46.54,0.0,0.0,0.0,0.0,largo (5-10 años) para parque público,"P1 con financiación pública (signo estable C2); I02/N8: C2 (signo ≤ 0, nulo con desplazamiento total de la construcción privada); I10/I27/N7 no aplican porque B1 no asigna movilización a clases sin presión",Sin literatura verificada con magnitud aplicable a esta clase,"ayudas generales a la demanda (I06-I09, N9): traslado al precio del 50-90 % (método A) o 40-77 % (método B) de una ayuda general (C4)",C2 (P-D v3): el beneficiario paga igual o menos (igual con εs = 0) y el no beneficiario paga más; conjunto del mercado sin signo estable. Traslado a precios por clase: C4,"I01, I16, I28 (signo no estable en P-D v3 o discrepancia en la literatura; sin inferencia por clase, C4)","I12, I18, I21, I29, N4 (evidencia no verificada: solo robustez, sin uso en la lectura por clase)","No evaluable (campo separado): I03, I04, I05, I09, I11, I13, I14, I15, I19, I20, I22, I24, I25, I26, N1, N3, N5, N6",C4
24,León,1,False,-2916.0,-874.0,468.0,3413.0,-2670.0,3161.0,3524.0,-101.69,-406.76,,,883.1,1766.1,2649.2,,vacías: corto-medio; construcción y N2: medio-largo,"P1 más construcción donde falta (signo estable C2); I10/I27/N7 movilización de vacías (signo estable C2); I02/N8: C2 (signo ≤ 0, nulo con desplazamiento total de la construcción privada)","N2 edificabilidad (Büchler-Lutz 2024, Greenaway-McGrevy-Phillips 2023; VERIFICADAS, otros países, magnitud de resumen secundario); N1/I13 licencias (Ball 2011, VERIFICADA, solo asociación)","I02/N8 con posible desplazamiento de la construcción privada (signo ≤ 0, que puede ser nulo; C2); ayudas generales a la demanda (I06-I09, N9) sin más oferta: traslado al precio del 28-82 % (método A) o 15-46 % (método B) de una ayuda general (C4)",C2 (P-D v3): el beneficiario paga igual o menos (igual con εs = 0) y el no beneficiario paga más; conjunto del mercado sin signo estable. Traslado a precios por clase: C4,"I01, I16, I28 (signo no estable en P-D v3 o discrepancia en la literatura; sin inferencia por clase, C4)","I12, I18, I21, I29, N4 (evidencia no verificada: solo robustez, sin uso en la lectura por clase)","No evaluable (campo separado): I03, I04, I05, I09, I11, I13, I14, I15, I19, I20, I22, I24, I25, I26, N1, N3, N5, N6",C4
25,Lleida,1,False,1211.0,1956.0,2851.0,7800.0,13444.0,14424.0,15255.0,227.58,910.32,11.63,46.54,405.0,810.0,1215.0,41.41,vacías: corto-medio; construcción y N2: medio-largo,"P1 más construcción donde falta (signo estable C2); I10/I27/N7 movilización de vacías (signo estable C2); I02/N8: C2 (signo ≤ 0, nulo con desplazamiento total de la construcción privada)","N2 edificabilidad (Büchler-Lutz 2024, Greenaway-McGrevy-Phillips 2023; VERIFICADAS, otros países, magnitud de resumen secundario); N1/I13 licencias (Ball 2011, VERIFICADA, solo asociación)","I02/N8 con posible desplazamiento de la construcción privada (signo ≤ 0, que puede ser nulo; C2); ayudas generales a la demanda (I06-I09, N9) sin más oferta: traslado al precio del 28-82 % (método A) o 15-46 % (método B) de una ayuda general (C4)",C2 (P-D v3): el beneficiario paga igual o menos (igual con εs = 0) y el no beneficiario paga más; conjunto del mercado sin signo estable. Traslado a precios por clase: C4,"I01, I16, I28 (signo no estable en P-D v3 o discrepancia en la literatura; sin inferencia por clase, C4)","I12, I18, I21, I29, N4 (evidencia no verificada: solo robustez, sin uso en la lectura por clase)","No evaluable (campo separado): I03, I04, I05, I09, I11, I13, I14, I15, I19, I20, I22, I24, I25, I26, N1, N3, N5, N6",C4
26,"Rioja, La",1,False,378.0,1370.0,1848.0,3144.0,2532.0,6266.0,8010.0,159.4,637.59,11.63,46.54,253.4,506.9,760.3,37.0,vacías: corto-medio; construcción y N2: medio-largo,"P1 más construcción donde falta (signo estable C2); I10/I27/N7 movilización de vacías (signo estable C2); I02/N8: C2 (signo ≤ 0, nulo con desplazamiento total de la construcción privada)","N2 edificabilidad (Büchler-Lutz 2024, Greenaway-McGrevy-Phillips 2023; VERIFICADAS, otros países, magnitud de resumen secundario); N1/I13 licencias (Ball 2011, VERIFICADA, solo asociación)","I02/N8 con posible desplazamiento de la construcción privada (signo ≤ 0, que puede ser nulo; C2); ayudas generales a la demanda (I06-I09, N9) sin más oferta: traslado al precio del 28-82 % (método A) o 15-46 % (método B) de una ayuda general (C4)",C2 (P-D v3): el beneficiario paga igual o menos (igual con εs = 0) y el no beneficiario paga más; conjunto del mercado sin signo estable. Traslado a precios por clase: C4,"I01, I16, I28 (signo no estable en P-D v3 o discrepancia en la literatura; sin inferencia por clase, C4)","I12, I18, I21, I29, N4 (evidencia no verificada: solo robustez, sin uso en la lectura por clase)","No evaluable (campo separado): I03, I04, I05, I09, I11, I13, I14, I15, I19, I20, I22, I24, I25, I26, N1, N3, N5, N6",C4
27,Lugo,2,False,-2779.0,-1038.0,225.0,3463.0,1837.0,4689.0,4964.0,-120.77,-483.08,,,1004.9,2009.7,3014.6,,vacías: corto-medio; N2/N1: medio; construcción: medio-largo,"P1 más construcción (signo estable C2) y I10/I27/N7 (signo estable C2); I02/N8: C2 (signo ≤ 0, nulo con desplazamiento total de la construcción privada); la clase se define por oferta sin respuesta, de modo que el cuello de botella es de suelo o regulatorio","N2 edificabilidad y N1/I13 licencias se dirigen a ese cuello de botella (inferencia de mecanismo, C4; mismas referencias que en clase 1; sin evaluación en España)","ayudas generales a la demanda (I06-I09, N9): traslado al precio del 88-100 % (método A) o 100 % (método B) de una ayuda general (C4); Eriksen-Ross 2015 (VERIFICADA, Q1) halla subidas donde la oferta es rígida e Hilber-Turner 2014 (VERIFICADA, Q1) un efecto adverso en mercados restrictivos (otros países)",C2 (P-D v3): el beneficiario paga igual o menos (igual con εs = 0) y el no beneficiario paga más; conjunto del mercado sin signo estable. Traslado a precios por clase: C4,"I01, I16, I28 (signo no estable en P-D v3 o discrepancia en la literatura; sin inferencia por clase, C4)","I12, I18, I21, I29, N4 (evidencia no verificada: solo robustez, sin uso en la lectura por clase)","No evaluable (campo separado): I03, I04, I05, I09, I11, I13, I14, I15, I19, I20, I22, I24, I25, I26, N1, N3, N5, N6",C4
28,Madrid,1,True,36705.0,47228.0,59722.0,95897.0,166726.0,212766.0,244706.0,5494.95,21979.8,11.63,46.54,1875.9,3751.7,5627.6,7.94,vacías: corto-medio; construcción y N2: medio-largo,"P1 más construcción donde falta (signo estable C2); I10/I27/N7 movilización de vacías (signo estable C2); I02/N8: C2 (signo ≤ 0, nulo con desplazamiento total de la construcción privada)","N2 edificabilidad (Büchler-Lutz 2024, Greenaway-McGrevy-Phillips 2023; VERIFICADAS, otros países, magnitud de resumen secundario); N1/I13 licencias (Ball 2011, VERIFICADA, solo asociación)","I02/N8 con posible desplazamiento de la construcción privada (signo ≤ 0, que puede ser nulo; C2); ayudas generales a la demanda (I06-I09, N9) sin más oferta: traslado al precio del 28-82 % (método A) o 15-46 % (método B) de una ayuda general (C4)",C2 (P-D v3): el beneficiario paga igual o menos (igual con εs = 0) y el no beneficiario paga más; conjunto del mercado sin signo estable. Traslado a precios por clase: C4,"I01, I16, I28 (signo no estable en P-D v3 o discrepancia en la literatura; sin inferencia por clase, C4)","I12, I18, I21, I29, N4 (evidencia no verificada: solo robustez, sin uso en la lectura por clase)","No evaluable (campo separado): I03, I04, I05, I09, I11, I13, I14, I15, I19, I20, I22, I24, I25, I26, N1, N3, N5, N6",C4
29,Málaga,1,True,5551.0,8853.0,12109.0,24353.0,28578.0,47820.0,53040.0,1030.04,4120.17,11.63,46.54,1528.4,3056.9,4585.3,34.53,vacías: corto-medio; construcción y N2: medio-largo,"P1 más construcción donde falta (signo estable C2); I10/I27/N7 movilización de vacías (signo estable C2); I02/N8: C2 (signo ≤ 0, nulo con desplazamiento total de la construcción privada)","N2 edificabilidad (Büchler-Lutz 2024, Greenaway-McGrevy-Phillips 2023; VERIFICADAS, otros países, magnitud de resumen secundario); N1/I13 licencias (Ball 2011, VERIFICADA, solo asociación)","I02/N8 con posible desplazamiento de la construcción privada (signo ≤ 0, que puede ser nulo; C2); ayudas generales a la demanda (I06-I09, N9) sin más oferta: traslado al precio del 28-82 % (método A) o 15-46 % (método B) de una ayuda general (C4)",C2 (P-D v3): el beneficiario paga igual o menos (igual con εs = 0) y el no beneficiario paga más; conjunto del mercado sin signo estable. Traslado a precios por clase: C4,"I01, I16, I28 (signo no estable en P-D v3 o discrepancia en la literatura; sin inferencia por clase, C4)","I12, I18, I21, I29, N4 (evidencia no verificada: solo robustez, sin uso en la lectura por clase)","No evaluable (campo separado): I03, I04, I05, I09, I11, I13, I14, I15, I19, I20, I22, I24, I25, I26, N1, N3, N5, N6",C4
30,Murcia,1,False,6347.0,11787.0,14200.0,35087.0,50480.0,72367.0,73520.0,1371.41,5485.64,11.63,46.54,1031.1,2062.2,3093.3,17.5,vacías: corto-medio; construcción y N2: medio-largo,"P1 más construcción donde falta (signo estable C2); I10/I27/N7 movilización de vacías (signo estable C2); I02/N8: C2 (signo ≤ 0, nulo con desplazamiento total de la construcción privada)","N2 edificabilidad (Büchler-Lutz 2024, Greenaway-McGrevy-Phillips 2023; VERIFICADAS, otros países, magnitud de resumen secundario); N1/I13 licencias (Ball 2011, VERIFICADA, solo asociación)","I02/N8 con posible desplazamiento de la construcción privada (signo ≤ 0, que puede ser nulo; C2); ayudas generales a la demanda (I06-I09, N9) sin más oferta: traslado al precio del 28-82 % (método A) o 15-46 % (método B) de una ayuda general (C4)",C2 (P-D v3): el beneficiario paga igual o menos (igual con εs = 0) y el no beneficiario paga más; conjunto del mercado sin signo estable. Traslado a precios por clase: C4,"I01, I16, I28 (signo no estable en P-D v3 o discrepancia en la literatura; sin inferencia por clase, C4)","I12, I18, I21, I29, N4 (evidencia no verificada: solo robustez, sin uso en la lectura por clase)","No evaluable (campo separado): I03, I04, I05, I09, I11, I13, I14, I15, I19, I20, I22, I24, I25, I26, N1, N3, N5, N6",C4
31,Navarra,1,False,1590.0,3065.0,3917.0,4356.0,2059.0,8397.0,10252.0,356.61,1426.44,11.63,46.54,328.6,657.1,985.7,21.44,vacías: corto-medio; construcción y N2: medio-largo,"P1 más construcción donde falta (signo estable C2); I10/I27/N7 movilización de vacías (signo estable C2); I02/N8: C2 (signo ≤ 0, nulo con desplazamiento total de la construcción privada)","N2 edificabilidad (Büchler-Lutz 2024, Greenaway-McGrevy-Phillips 2023; VERIFICADAS, otros países, magnitud de resumen secundario); N1/I13 licencias (Ball 2011, VERIFICADA, solo asociación)","I02/N8 con posible desplazamiento de la construcción privada (signo ≤ 0, que puede ser nulo; C2); ayudas generales a la demanda (I06-I09, N9) sin más oferta: traslado al precio del 28-82 % (método A) o 15-46 % (método B) de una ayuda general (C4)",C2 (P-D v3): el beneficiario paga igual o menos (igual con εs = 0) y el no beneficiario paga más; conjunto del mercado sin signo estable. Traslado a precios por clase: C4,"I01, I16, I28 (signo no estable en P-D v3 o discrepancia en la literatura; sin inferencia por clase, C4)","I12, I18, I21, I29, N4 (evidencia no verificada: solo robustez, sin uso en la lectura por clase)","No evaluable (campo separado): I03, I04, I05, I09, I11, I13, I14, I15, I19, I20, I22, I24, I25, I26, N1, N3, N5, N6",C4
32,Ourense,2,False,-3208.0,-1236.0,214.0,2902.0,2105.0,5069.0,5282.0,-143.81,-575.23,,,1192.8,2385.6,3578.4,,vacías: corto-medio; N2/N1: medio; construcción: medio-largo,"P1 más construcción (signo estable C2) y I10/I27/N7 (signo estable C2); I02/N8: C2 (signo ≤ 0, nulo con desplazamiento total de la construcción privada); la clase se define por oferta sin respuesta, de modo que el cuello de botella es de suelo o regulatorio","N2 edificabilidad y N1/I13 licencias se dirigen a ese cuello de botella (inferencia de mecanismo, C4; mismas referencias que en clase 1; sin evaluación en España)","ayudas generales a la demanda (I06-I09, N9): traslado al precio del 88-100 % (método A) o 100 % (método B) de una ayuda general (C4); Eriksen-Ross 2015 (VERIFICADA, Q1) halla subidas donde la oferta es rígida e Hilber-Turner 2014 (VERIFICADA, Q1) un efecto adverso en mercados restrictivos (otros países)",C2 (P-D v3): el beneficiario paga igual o menos (igual con εs = 0) y el no beneficiario paga más; conjunto del mercado sin signo estable. Traslado a precios por clase: C4,"I01, I16, I28 (signo no estable en P-D v3 o discrepancia en la literatura; sin inferencia por clase, C4)","I12, I18, I21, I29, N4 (evidencia no verificada: solo robustez, sin uso en la lectura por clase)","No evaluable (campo separado): I03, I04, I05, I09, I11, I13, I14, I15, I19, I20, I22, I24, I25, I26, N1, N3, N5, N6",C4
33,Asturias,1,False,-2655.0,316.0,2247.0,4799.0,-6110.0,3114.0,4194.0,36.77,147.07,11.63,46.54,1007.1,2014.3,3021.4,637.44,vacías: corto-medio; construcción y N2: medio-largo,"P1 más construcción donde falta (signo estable C2); I10/I27/N7 movilización de vacías (signo estable C2); I02/N8: C2 (signo ≤ 0, nulo con desplazamiento total de la construcción privada)","N2 edificabilidad (Büchler-Lutz 2024, Greenaway-McGrevy-Phillips 2023; VERIFICADAS, otros países, magnitud de resumen secundario); N1/I13 licencias (Ball 2011, VERIFICADA, solo asociación)","I02/N8 con posible desplazamiento de la construcción privada (signo ≤ 0, que puede ser nulo; C2); ayudas generales a la demanda (I06-I09, N9) sin más oferta: traslado al precio del 28-82 % (método A) o 15-46 % (método B) de una ayuda general (C4)",C2 (P-D v3): el beneficiario paga igual o menos (igual con εs = 0) y el no beneficiario paga más; conjunto del mercado sin signo estable. Traslado a precios por clase: C4,"I01, I16, I28 (signo no estable en P-D v3 o discrepancia en la literatura; sin inferencia por clase, C4)","I12, I18, I21, I29, N4 (evidencia no verificada: solo robustez, sin uso en la lectura por clase)","No evaluable (campo separado): I03, I04, I05, I09, I11, I13, I14, I15, I19, I20, I22, I24, I25, I26, N1, N3, N5, N6",C4
34,Palencia,1,False,-668.0,-207.0,90.0,507.0,-2694.0,-1234.0,-363.0,-24.08,-96.34,,,178.0,356.0,534.0,,vacías: corto-medio; construcción y N2: medio-largo,"P1 más construcción donde falta (signo estable C2); I10/I27/N7 movilización de vacías (signo estable C2); I02/N8: C2 (signo ≤ 0, nulo con desplazamiento total de la construcción privada)","N2 edificabilidad (Büchler-Lutz 2024, Greenaway-McGrevy-Phillips 2023; VERIFICADAS, otros países, magnitud de resumen secundario); N1/I13 licencias (Ball 2011, VERIFICADA, solo asociación)","I02/N8 con posible desplazamiento de la construcción privada (signo ≤ 0, que puede ser nulo; C2); ayudas generales a la demanda (I06-I09, N9) sin más oferta: traslado al precio del 28-82 % (método A) o 15-46 % (método B) de una ayuda general (C4)",C2 (P-D v3): el beneficiario paga igual o menos (igual con εs = 0) y el no beneficiario paga más; conjunto del mercado sin signo estable. Traslado a precios por clase: C4,"I01, I16, I28 (signo no estable en P-D v3 o discrepancia en la literatura; sin inferencia por clase, C4)","I12, I18, I21, I29, N4 (evidencia no verificada: solo robustez, sin uso en la lectura por clase)","No evaluable (campo separado): I03, I04, I05, I09, I11, I13, I14, I15, I19, I20, I22, I24, I25, I26, N1, N3, N5, N6",C4
35,"Palmas, Las",1,True,1799.0,5004.0,7140.0,18737.0,27483.0,37492.0,39069.0,582.21,2328.85,11.63,46.54,1004.9,2009.7,3014.6,40.16,vacías: corto-medio; construcción y N2: medio-largo,"P1 más construcción donde falta (signo estable C2); I10/I27/N7 movilización de vacías (signo estable C2); I02/N8: C2 (signo ≤ 0, nulo con desplazamiento total de la construcción privada)","N2 edificabilidad (Büchler-Lutz 2024, Greenaway-McGrevy-Phillips 2023; VERIFICADAS, otros países, magnitud de resumen secundario); N1/I13 licencias (Ball 2011, VERIFICADA, solo asociación)","I02/N8 con posible desplazamiento de la construcción privada (signo ≤ 0, que puede ser nulo; C2); ayudas generales a la demanda (I06-I09, N9) sin más oferta: traslado al precio del 28-82 % (método A) o 15-46 % (método B) de una ayuda general (C4)",C2 (P-D v3): el beneficiario paga igual o menos (igual con εs = 0) y el no beneficiario paga más; conjunto del mercado sin signo estable. Traslado a precios por clase: C4,"I01, I16, I28 (signo no estable en P-D v3 o discrepancia en la literatura; sin inferencia por clase, C4)","I12, I18, I21, I29, N4 (evidencia no verificada: solo robustez, sin uso en la lectura por clase)","No evaluable (campo separado): I03, I04, I05, I09, I11, I13, I14, I15, I19, I20, I22, I24, I25, I26, N1, N3, N5, N6",C4
36,Pontevedra,1,False,-3409.0,468.0,2498.0,7776.0,45.0,12539.0,13162.0,54.45,217.81,11.63,46.54,1233.9,2467.8,3701.7,527.31,vacías: corto-medio; construcción y N2: medio-largo,"P1 más construcción donde falta (signo estable C2); I10/I27/N7 movilización de vacías (signo estable C2); I02/N8: C2 (signo ≤ 0, nulo con desplazamiento total de la construcción privada)","N2 edificabilidad (Büchler-Lutz 2024, Greenaway-McGrevy-Phillips 2023; VERIFICADAS, otros países, magnitud de resumen secundario); N1/I13 licencias (Ball 2011, VERIFICADA, solo asociación)","I02/N8 con posible desplazamiento de la construcción privada (signo ≤ 0, que puede ser nulo; C2); ayudas generales a la demanda (I06-I09, N9) sin más oferta: traslado al precio del 28-82 % (método A) o 15-46 % (método B) de una ayuda general (C4)",C2 (P-D v3): el beneficiario paga igual o menos (igual con εs = 0) y el no beneficiario paga más; conjunto del mercado sin signo estable. Traslado a precios por clase: C4,"I01, I16, I28 (signo no estable en P-D v3 o discrepancia en la literatura; sin inferencia por clase, C4)","I12, I18, I21, I29, N4 (evidencia no verificada: solo robustez, sin uso en la lectura por clase)","No evaluable (campo separado): I03, I04, I05, I09, I11, I13, I14, I15, I19, I20, I22, I24, I25, I26, N1, N3, N5, N6",C4
37,Salamanca,1,False,-999.0,296.0,1074.0,3804.0,395.0,4535.0,5484.0,34.44,137.76,11.63,46.54,406.7,813.4,1220.1,274.8,vacías: corto-medio; construcción y N2: medio-largo,"P1 más construcción donde falta (signo estable C2); I10/I27/N7 movilización de vacías (signo estable C2); I02/N8: C2 (signo ≤ 0, nulo con desplazamiento total de la construcción privada)","N2 edificabilidad (Büchler-Lutz 2024, Greenaway-McGrevy-Phillips 2023; VERIFICADAS, otros países, magnitud de resumen secundario); N1/I13 licencias (Ball 2011, VERIFICADA, solo asociación)","I02/N8 con posible desplazamiento de la construcción privada (signo ≤ 0, que puede ser nulo; C2); ayudas generales a la demanda (I06-I09, N9) sin más oferta: traslado al precio del 28-82 % (método A) o 15-46 % (método B) de una ayuda general (C4)",C2 (P-D v3): el beneficiario paga igual o menos (igual con εs = 0) y el no beneficiario paga más; conjunto del mercado sin signo estable. Traslado a precios por clase: C4,"I01, I16, I28 (signo no estable en P-D v3 o discrepancia en la literatura; sin inferencia por clase, C4)","I12, I18, I21, I29, N4 (evidencia no verificada: solo robustez, sin uso en la lectura por clase)","No evaluable (campo separado): I03, I04, I05, I09, I11, I13, I14, I15, I19, I20, I22, I24, I25, I26, N1, N3, N5, N6",C4
38,Santa Cruz de Tenerife,2,True,1967.0,4191.0,6362.0,16426.0,30615.0,33383.0,35756.0,487.62,1950.48,11.63,46.54,1109.7,2219.3,3329.0,52.95,vacías: corto-medio; N2/N1: medio; construcción: medio-largo,"P1 más construcción (signo estable C2) y I10/I27/N7 (signo estable C2); I02/N8: C2 (signo ≤ 0, nulo con desplazamiento total de la construcción privada); la clase se define por oferta sin respuesta, de modo que el cuello de botella es de suelo o regulatorio","N2 edificabilidad y N1/I13 licencias se dirigen a ese cuello de botella (inferencia de mecanismo, C4; mismas referencias que en clase 1; sin evaluación en España)","ayudas generales a la demanda (I06-I09, N9): traslado al precio del 88-100 % (método A) o 100 % (método B) de una ayuda general (C4); Eriksen-Ross 2015 (VERIFICADA, Q1) halla subidas donde la oferta es rígida e Hilber-Turner 2014 (VERIFICADA, Q1) un efecto adverso en mercados restrictivos (otros países)",C2 (P-D v3): el beneficiario paga igual o menos (igual con εs = 0) y el no beneficiario paga más; conjunto del mercado sin signo estable. Traslado a precios por clase: C4,"I01, I16, I28 (signo no estable en P-D v3 o discrepancia en la literatura; sin inferencia por clase, C4)","I12, I18, I21, I29, N4 (evidencia no verificada: solo robustez, sin uso en la lectura por clase)","No evaluable (campo separado): I03, I04, I05, I09, I11, I13, I14, I15, I19, I20, I22, I24, I25, I26, N1, N3, N5, N6",C4
39,Cantabria,1,True,-307.0,1695.0,2845.0,5981.0,2537.0,11006.0,12596.0,197.21,788.85,11.63,46.54,493.7,987.4,1481.2,58.25,vacías: corto-medio; construcción y N2: medio-largo,"P1 más construcción donde falta (signo estable C2); I10/I27/N7 movilización de vacías (signo estable C2); I02/N8: C2 (signo ≤ 0, nulo con desplazamiento total de la construcción privada)","N2 edificabilidad (Büchler-Lutz 2024, Greenaway-McGrevy-Phillips 2023; VERIFICADAS, otros países, magnitud de resumen secundario); N1/I13 licencias (Ball 2011, VERIFICADA, solo asociación)","I02/N8 con posible desplazamiento de la construcción privada (signo ≤ 0, que puede ser nulo; C2); ayudas generales a la demanda (I06-I09, N9) sin más oferta: traslado al precio del 28-82 % (método A) o 15-46 % (método B) de una ayuda general (C4)",C2 (P-D v3): el beneficiario paga igual o menos (igual con εs = 0) y el no beneficiario paga más; conjunto del mercado sin signo estable. Traslado a precios por clase: C4,"I01, I16, I28 (signo no estable en P-D v3 o discrepancia en la literatura; sin inferencia por clase, C4)","I12, I18, I21, I29, N4 (evidencia no verificada: solo robustez, sin uso en la lectura por clase)","No evaluable (campo separado): I03, I04, I05, I09, I11, I13, I14, I15, I19, I20, I22, I24, I25, I26, N1, N3, N5, N6",C4
40,Segovia,2,False,-437.0,163.0,707.0,2190.0,2714.0,3650.0,3832.0,18.96,75.86,11.63,46.54,347.8,695.7,1043.5,426.81,vacías: corto-medio; N2/N1: medio; construcción: medio-largo,"P1 más construcción (signo estable C2) y I10/I27/N7 (signo estable C2); I02/N8: C2 (signo ≤ 0, nulo con desplazamiento total de la construcción privada); la clase se define por oferta sin respuesta, de modo que el cuello de botella es de suelo o regulatorio","N2 edificabilidad y N1/I13 licencias se dirigen a ese cuello de botella (inferencia de mecanismo, C4; mismas referencias que en clase 1; sin evaluación en España)","ayudas generales a la demanda (I06-I09, N9): traslado al precio del 88-100 % (método A) o 100 % (método B) de una ayuda general (C4); Eriksen-Ross 2015 (VERIFICADA, Q1) halla subidas donde la oferta es rígida e Hilber-Turner 2014 (VERIFICADA, Q1) un efecto adverso en mercados restrictivos (otros países)",C2 (P-D v3): el beneficiario paga igual o menos (igual con εs = 0) y el no beneficiario paga más; conjunto del mercado sin signo estable. Traslado a precios por clase: C4,"I01, I16, I28 (signo no estable en P-D v3 o discrepancia en la literatura; sin inferencia por clase, C4)","I12, I18, I21, I29, N4 (evidencia no verificada: solo robustez, sin uso en la lectura por clase)","No evaluable (campo separado): I03, I04, I05, I09, I11, I13, I14, I15, I19, I20, I22, I24, I25, I26, N1, N3, N5, N6",C4
41,Sevilla,1,False,-546.0,4702.0,7348.0,15258.0,-17658.0,12768.0,14538.0,547.07,2188.3,11.63,46.54,973.0,1945.9,2918.9,41.38,vacías: corto-medio; construcción y N2: medio-largo,"P1 más construcción donde falta (signo estable C2); I10/I27/N7 movilización de vacías (signo estable C2); I02/N8: C2 (signo ≤ 0, nulo con desplazamiento total de la construcción privada)","N2 edificabilidad (Büchler-Lutz 2024, Greenaway-McGrevy-Phillips 2023; VERIFICADAS, otros países, magnitud de resumen secundario); N1/I13 licencias (Ball 2011, VERIFICADA, solo asociación)","I02/N8 con posible desplazamiento de la construcción privada (signo ≤ 0, que puede ser nulo; C2); ayudas generales a la demanda (I06-I09, N9) sin más oferta: traslado al precio del 28-82 % (método A) o 15-46 % (método B) de una ayuda general (C4)",C2 (P-D v3): el beneficiario paga igual o menos (igual con εs = 0) y el no beneficiario paga más; conjunto del mercado sin signo estable. Traslado a precios por clase: C4,"I01, I16, I28 (signo no estable en P-D v3 o discrepancia en la literatura; sin inferencia por clase, C4)","I12, I18, I21, I29, N4 (evidencia no verificada: solo robustez, sin uso en la lectura por clase)","No evaluable (campo separado): I03, I04, I05, I09, I11, I13, I14, I15, I19, I20, I22, I24, I25, I26, N1, N3, N5, N6",C4
42,Soria,1,False,-573.0,-184.0,179.0,-626.0,-3016.0,-1442.0,-693.0,-21.41,-85.63,,,210.8,421.5,632.2,,vacías: corto-medio; construcción y N2: medio-largo,"P1 más construcción donde falta (signo estable C2); I10/I27/N7 movilización de vacías (signo estable C2); I02/N8: C2 (signo ≤ 0, nulo con desplazamiento total de la construcción privada)","N2 edificabilidad (Büchler-Lutz 2024, Greenaway-McGrevy-Phillips 2023; VERIFICADAS, otros países, magnitud de resumen secundario); N1/I13 licencias (Ball 2011, VERIFICADA, solo asociación)","I02/N8 con posible desplazamiento de la construcción privada (signo ≤ 0, que puede ser nulo; C2); ayudas generales a la demanda (I06-I09, N9) sin más oferta: traslado al precio del 28-82 % (método A) o 15-46 % (método B) de una ayuda general (C4)",C2 (P-D v3): el beneficiario paga igual o menos (igual con εs = 0) y el no beneficiario paga más; conjunto del mercado sin signo estable. Traslado a precios por clase: C4,"I01, I16, I28 (signo no estable en P-D v3 o discrepancia en la literatura; sin inferencia por clase, C4)","I12, I18, I21, I29, N4 (evidencia no verificada: solo robustez, sin uso en la lectura por clase)","No evaluable (campo separado): I03, I04, I05, I09, I11, I13, I14, I15, I19, I20, I22, I24, I25, I26, N1, N3, N5, N6",C4
43,Tarragona,1,False,4506.0,7234.0,9020.0,26982.0,45350.0,53190.0,54732.0,841.67,3366.69,11.63,46.54,879.3,1758.6,2637.8,24.31,vacías: corto-medio; construcción y N2: medio-largo,"P1 más construcción donde falta (signo estable C2); I10/I27/N7 movilización de vacías (signo estable C2); I02/N8: C2 (signo ≤ 0, nulo con desplazamiento total de la construcción privada)","N2 edificabilidad (Büchler-Lutz 2024, Greenaway-McGrevy-Phillips 2023; VERIFICADAS, otros países, magnitud de resumen secundario); N1/I13 licencias (Ball 2011, VERIFICADA, solo asociación)","I02/N8 con posible desplazamiento de la construcción privada (signo ≤ 0, que puede ser nulo; C2); ayudas generales a la demanda (I06-I09, N9) sin más oferta: traslado al precio del 28-82 % (método A) o 15-46 % (método B) de una ayuda general (C4)",C2 (P-D v3): el beneficiario paga igual o menos (igual con εs = 0) y el no beneficiario paga más; conjunto del mercado sin signo estable. Traslado a precios por clase: C4,"I01, I16, I28 (signo no estable en P-D v3 o discrepancia en la literatura; sin inferencia por clase, C4)","I12, I18, I21, I29, N4 (evidencia no verificada: solo robustez, sin uso en la lectura por clase)","No evaluable (campo separado): I03, I04, I05, I09, I11, I13, I14, I15, I19, I20, I22, I24, I25, I26, N1, N3, N5, N6",C4
44,Teruel,2,False,-763.0,-164.0,287.0,678.0,-367.0,835.0,1013.0,-19.08,-76.33,,,330.1,660.2,990.3,,vacías: corto-medio; N2/N1: medio; construcción: medio-largo,"P1 más construcción (signo estable C2) y I10/I27/N7 (signo estable C2); I02/N8: C2 (signo ≤ 0, nulo con desplazamiento total de la construcción privada); la clase se define por oferta sin respuesta, de modo que el cuello de botella es de suelo o regulatorio","N2 edificabilidad y N1/I13 licencias se dirigen a ese cuello de botella (inferencia de mecanismo, C4; mismas referencias que en clase 1; sin evaluación en España)","ayudas generales a la demanda (I06-I09, N9): traslado al precio del 88-100 % (método A) o 100 % (método B) de una ayuda general (C4); Eriksen-Ross 2015 (VERIFICADA, Q1) halla subidas donde la oferta es rígida e Hilber-Turner 2014 (VERIFICADA, Q1) un efecto adverso en mercados restrictivos (otros países)",C2 (P-D v3): el beneficiario paga igual o menos (igual con εs = 0) y el no beneficiario paga más; conjunto del mercado sin signo estable. Traslado a precios por clase: C4,"I01, I16, I28 (signo no estable en P-D v3 o discrepancia en la literatura; sin inferencia por clase, C4)","I12, I18, I21, I29, N4 (evidencia no verificada: solo robustez, sin uso en la lectura por clase)","No evaluable (campo separado): I03, I04, I05, I09, I11, I13, I14, I15, I19, I20, I22, I24, I25, I26, N1, N3, N5, N6",C4
45,Toledo,1,False,2359.0,4001.0,5533.0,17664.0,25181.0,29965.0,30403.0,465.51,1862.06,11.63,46.54,888.7,1777.3,2666.0,44.42,vacías: corto-medio; construcción y N2: medio-largo,"P1 más construcción donde falta (signo estable C2); I10/I27/N7 movilización de vacías (signo estable C2); I02/N8: C2 (signo ≤ 0, nulo con desplazamiento total de la construcción privada)","N2 edificabilidad (Büchler-Lutz 2024, Greenaway-McGrevy-Phillips 2023; VERIFICADAS, otros países, magnitud de resumen secundario); N1/I13 licencias (Ball 2011, VERIFICADA, solo asociación)","I02/N8 con posible desplazamiento de la construcción privada (signo ≤ 0, que puede ser nulo; C2); ayudas generales a la demanda (I06-I09, N9) sin más oferta: traslado al precio del 28-82 % (método A) o 15-46 % (método B) de una ayuda general (C4)",C2 (P-D v3): el beneficiario paga igual o menos (igual con εs = 0) y el no beneficiario paga más; conjunto del mercado sin signo estable. Traslado a precios por clase: C4,"I01, I16, I28 (signo no estable en P-D v3 o discrepancia en la literatura; sin inferencia por clase, C4)","I12, I18, I21, I29, N4 (evidencia no verificada: solo robustez, sin uso en la lectura por clase)","No evaluable (campo separado): I03, I04, I05, I09, I11, I13, I14, I15, I19, I20, I22, I24, I25, I26, N1, N3, N5, N6",C4
46,Valencia/València,1,False,13241.0,16993.0,22407.0,65204.0,112120.0,118711.0,128910.0,1977.13,7908.5,11.63,46.54,1725.5,3450.9,5176.4,20.31,vacías: corto-medio; construcción y N2: medio-largo,"P1 más construcción donde falta (signo estable C2); I10/I27/N7 movilización de vacías (signo estable C2); I02/N8: C2 (signo ≤ 0, nulo con desplazamiento total de la construcción privada)","N2 edificabilidad (Büchler-Lutz 2024, Greenaway-McGrevy-Phillips 2023; VERIFICADAS, otros países, magnitud de resumen secundario); N1/I13 licencias (Ball 2011, VERIFICADA, solo asociación)","I02/N8 con posible desplazamiento de la construcción privada (signo ≤ 0, que puede ser nulo; C2); ayudas generales a la demanda (I06-I09, N9) sin más oferta: traslado al precio del 28-82 % (método A) o 15-46 % (método B) de una ayuda general (C4)",C2 (P-D v3): el beneficiario paga igual o menos (igual con εs = 0) y el no beneficiario paga más; conjunto del mercado sin signo estable. Traslado a precios por clase: C4,"I01, I16, I28 (signo no estable en P-D v3 o discrepancia en la literatura; sin inferencia por clase, C4)","I12, I18, I21, I29, N4 (evidencia no verificada: solo robustez, sin uso en la lectura por clase)","No evaluable (campo separado): I03, I04, I05, I09, I11, I13, I14, I15, I19, I20, I22, I24, I25, I26, N1, N3, N5, N6",C4
47,Valladolid,1,False,199.0,1455.0,2181.0,5462.0,18.0,5796.0,6116.0,169.29,677.15,11.63,46.54,266.3,532.5,798.8,36.6,vacías: corto-medio; construcción y N2: medio-largo,"P1 más construcción donde falta (signo estable C2); I10/I27/N7 movilización de vacías (signo estable C2); I02/N8: C2 (signo ≤ 0, nulo con desplazamiento total de la construcción privada)","N2 edificabilidad (Büchler-Lutz 2024, Greenaway-McGrevy-Phillips 2023; VERIFICADAS, otros países, magnitud de resumen secundario); N1/I13 licencias (Ball 2011, VERIFICADA, solo asociación)","I02/N8 con posible desplazamiento de la construcción privada (signo ≤ 0, que puede ser nulo; C2); ayudas generales a la demanda (I06-I09, N9) sin más oferta: traslado al precio del 28-82 % (método A) o 15-46 % (método B) de una ayuda general (C4)",C2 (P-D v3): el beneficiario paga igual o menos (igual con εs = 0) y el no beneficiario paga más; conjunto del mercado sin signo estable. Traslado a precios por clase: C4,"I01, I16, I28 (signo no estable en P-D v3 o discrepancia en la literatura; sin inferencia por clase, C4)","I12, I18, I21, I29, N4 (evidencia no verificada: solo robustez, sin uso en la lectura por clase)","No evaluable (campo separado): I03, I04, I05, I09, I11, I13, I14, I15, I19, I20, I22, I24, I25, I26, N1, N3, N5, N6",C4
48,Bizkaia,2,True,1200.0,3613.0,4820.0,9341.0,4573.0,13866.0,16624.0,420.37,1681.48,11.63,46.54,340.2,680.3,1020.5,18.83,vacías: corto-medio; N2/N1: medio; construcción: medio-largo,"P1 más construcción (signo estable C2) y I10/I27/N7 (signo estable C2); I02/N8: C2 (signo ≤ 0, nulo con desplazamiento total de la construcción privada); la clase se define por oferta sin respuesta, de modo que el cuello de botella es de suelo o regulatorio","N2 edificabilidad y N1/I13 licencias se dirigen a ese cuello de botella (inferencia de mecanismo, C4; mismas referencias que en clase 1; sin evaluación en España)","ayudas generales a la demanda (I06-I09, N9): traslado al precio del 88-100 % (método A) o 100 % (método B) de una ayuda general (C4); Eriksen-Ross 2015 (VERIFICADA, Q1) halla subidas donde la oferta es rígida e Hilber-Turner 2014 (VERIFICADA, Q1) un efecto adverso en mercados restrictivos (otros países)",C2 (P-D v3): el beneficiario paga igual o menos (igual con εs = 0) y el no beneficiario paga más; conjunto del mercado sin signo estable. Traslado a precios por clase: C4,"I01, I16, I28 (signo no estable en P-D v3 o discrepancia en la literatura; sin inferencia por clase, C4)","I12, I18, I21, I29, N4 (evidencia no verificada: solo robustez, sin uso en la lectura por clase)","No evaluable (campo separado): I03, I04, I05, I09, I11, I13, I14, I15, I19, I20, I22, I24, I25, I26, N1, N3, N5, N6",C4
49,Zamora,2,False,-1536.0,-475.0,191.0,518.0,-2494.0,326.0,1154.0,-55.27,-221.06,,,404.0,808.1,1212.1,,vacías: corto-medio; N2/N1: medio; construcción: medio-largo,"P1 más construcción (signo estable C2) y I10/I27/N7 (signo estable C2); I02/N8: C2 (signo ≤ 0, nulo con desplazamiento total de la construcción privada); la clase se define por oferta sin respuesta, de modo que el cuello de botella es de suelo o regulatorio","N2 edificabilidad y N1/I13 licencias se dirigen a ese cuello de botella (inferencia de mecanismo, C4; mismas referencias que en clase 1; sin evaluación en España)","ayudas generales a la demanda (I06-I09, N9): traslado al precio del 88-100 % (método A) o 100 % (método B) de una ayuda general (C4); Eriksen-Ross 2015 (VERIFICADA, Q1) halla subidas donde la oferta es rígida e Hilber-Turner 2014 (VERIFICADA, Q1) un efecto adverso en mercados restrictivos (otros países)",C2 (P-D v3): el beneficiario paga igual o menos (igual con εs = 0) y el no beneficiario paga más; conjunto del mercado sin signo estable. Traslado a precios por clase: C4,"I01, I16, I28 (signo no estable en P-D v3 o discrepancia en la literatura; sin inferencia por clase, C4)","I12, I18, I21, I29, N4 (evidencia no verificada: solo robustez, sin uso en la lectura por clase)","No evaluable (campo separado): I03, I04, I05, I09, I11, I13, I14, I15, I19, I20, I22, I24, I25, I26, N1, N3, N5, N6",C4
50,Zaragoza,1,False,1712.0,3767.0,5388.0,15406.0,15862.0,22840.0,23926.0,438.29,1753.15,11.63,46.54,670.3,1340.5,2010.8,35.59,vacías: corto-medio; construcción y N2: medio-largo,"P1 más construcción donde falta (signo estable C2); I10/I27/N7 movilización de vacías (signo estable C2); I02/N8: C2 (signo ≤ 0, nulo con desplazamiento total de la construcción privada)","N2 edificabilidad (Büchler-Lutz 2024, Greenaway-McGrevy-Phillips 2023; VERIFICADAS, otros países, magnitud de resumen secundario); N1/I13 licencias (Ball 2011, VERIFICADA, solo asociación)","I02/N8 con posible desplazamiento de la construcción privada (signo ≤ 0, que puede ser nulo; C2); ayudas generales a la demanda (I06-I09, N9) sin más oferta: traslado al precio del 28-82 % (método A) o 15-46 % (método B) de una ayuda general (C4)",C2 (P-D v3): el beneficiario paga igual o menos (igual con εs = 0) y el no beneficiario paga más; conjunto del mercado sin signo estable. Traslado a precios por clase: C4,"I01, I16, I28 (signo no estable en P-D v3 o discrepancia en la literatura; sin inferencia por clase, C4)","I12, I18, I21, I29, N4 (evidencia no verificada: solo robustez, sin uso en la lectura por clase)","No evaluable (campo separado): I03, I04, I05, I09, I11, I13, I14, I15, I19, I20, I22, I24, I25, I26, N1, N3, N5, N6",C4
51,Ceuta,9,True,22.0,313.0,373.0,996.0,617.0,1680.0,1782.0,36.42,145.67,11.63,46.54,0.0,0.0,0.0,0.0,No evaluable,No evaluable: clase 9 (sin dato de clase en A4),No evaluable: sin dato,No evaluable: sin dato,No evaluable: sin dato de clase,No evaluable: sin dato de clase,No evaluable: sin dato de clase,No evaluable: sin dato de clase,C4
52,Melilla,9,False,83.0,403.0,469.0,924.0,444.0,1780.0,2330.0,46.89,187.56,11.63,46.54,0.0,0.0,0.0,0.0,No evaluable,No evaluable: clase 9 (sin dato de clase en A4),No evaluable: sin dato,No evaluable: sin dato,No evaluable: sin dato de clase,No evaluable: sin dato de clase,No evaluable: sin dato de clase,No evaluable: sin dato de clase,C4
