fase,modelo_id,formula,muestra_ini,muestra_fin,n,r2_adj,aic,bic,rmse_oos,coef_interes,p_interes,notas
B1,B1_A_01,componente A 2026-2035 (central; rango en tabla),2026,2035,1,,,,,6378.446400000001,,"Araba/Álava; capa C4; p ajustado no aplica (estimación, sin contraste)"
B1,B1_R_01,componente R 2026-2035 (central; rango en tabla),2026,2035,1,,,,,0.0,,"Araba/Álava; capa C4; p ajustado no aplica (estimación, sin contraste)"
B1,B1_V_01,componente V 2026-2035 (central; rango en tabla),2026,2035,1,,,,,399.7,,"Araba/Álava; capa C4; p ajustado no aplica (estimación, sin contraste)"
B1,B1_F_01,componente F 2026-2035 (central; rango en tabla),2026,2035,1,,,,,12184.0,,"Araba/Álava; capa C2; p ajustado no aplica (estimación, sin contraste)"
B1,B1_M_01,componente M 2026-2035 (central; rango en tabla),2026,2035,1,,,,,2193.0,,"Araba/Álava; capa C4; p ajustado no aplica (estimación, sin contraste)"
B1,B1_K_01,componente K 2026-2035 (central; rango en tabla),2026,2035,1,,,,,516.0,,"Araba/Álava; capa C4; p ajustado no aplica (estimación, sin contraste)"
B1,B1_L_01,componente L 2026-2035 (central; rango en tabla),2026,2035,1,,,,,10367.468394705771,,"Araba/Álava; capa C4; p ajustado no aplica (estimación, sin contraste)"
B1,B1_N_01,componente N 2026-2035 (central; rango en tabla),2026,2035,1,,,,,16253.146400000001,,"Araba/Álava; capa C4; p ajustado no aplica (estimación, sin contraste)"
B1,B1_A_02,componente A 2026-2035 (central; rango en tabla),2026,2035,1,,,,,7132.2165,,"Albacete; capa C4; p ajustado no aplica (estimación, sin contraste)"
B1,B1_R_02,componente R 2026-2035 (central; rango en tabla),2026,2035,1,,,,,0.0,,"Albacete; capa C4; p ajustado no aplica (estimación, sin contraste)"
B1,B1_V_02,componente V 2026-2035 (central; rango en tabla),2026,2035,1,,,,,323.18,,"Albacete; capa C4; p ajustado no aplica (estimación, sin contraste)"
B1,B1_F_02,componente F 2026-2035 (central; rango en tabla),2026,2035,1,,,,,9863.0,,"Albacete; capa C2; p ajustado no aplica (estimación, sin contraste)"
B1,B1_M_02,componente M 2026-2035 (central; rango en tabla),2026,2035,1,,,,,7954.0,,"Albacete; capa C4; p ajustado no aplica (estimación, sin contraste)"
B1,B1_K_02,componente K 2026-2035 (central; rango en tabla),2026,2035,1,,,,,448.5,,"Albacete; capa C4; p ajustado no aplica (estimación, sin contraste)"
B1,B1_L_02,componente L 2026-2035 (central; rango en tabla),2026,2035,1,,,,,12511.367919902632,,"Albacete; capa C4; p ajustado no aplica (estimación, sin contraste)"
B1,B1_N_02,componente N 2026-2035 (central; rango en tabla),2026,2035,1,,,,,8915.896500000003,,"Albacete; capa C4; p ajustado no aplica (estimación, sin contraste)"
B1,B1_A_03,componente A 2026-2035 (central; rango en tabla),2026,2035,1,,,,,69883.2632,,"Alicante/Alacant; capa C4; p ajustado no aplica (estimación, sin contraste)"
B1,B1_R_03,componente R 2026-2035 (central; rango en tabla),2026,2035,1,,,,,0.0,,"Alicante/Alacant; capa C4; p ajustado no aplica (estimación, sin contraste)"
B1,B1_V_03,componente V 2026-2035 (central; rango en tabla),2026,2035,1,,,,,2294.64,,"Alicante/Alacant; capa C4; p ajustado no aplica (estimación, sin contraste)"
B1,B1_F_03,componente F 2026-2035 (central; rango en tabla),2026,2035,1,,,,,119281.0,,"Alicante/Alacant; capa C2; p ajustado no aplica (estimación, sin contraste)"
B1,B1_M_03,componente M 2026-2035 (central; rango en tabla),2026,2035,1,,,,,41897.4,,"Alicante/Alacant; capa C4; p ajustado no aplica (estimación, sin contraste)"
B1,B1_K_03,componente K 2026-2035 (central; rango en tabla),2026,2035,1,,,,,6921.0,,"Alicante/Alacant; capa C4; p ajustado no aplica (estimación, sin contraste)"
B1,B1_L_03,componente L 2026-2035 (central; rango en tabla),2026,2035,1,,,,,58441.917340554544,,"Alicante/Alacant; capa C4; p ajustado no aplica (estimación, sin contraste)"
B1,B1_N_03,componente N 2026-2035 (central; rango en tabla),2026,2035,1,,,,,142640.5032,,"Alicante/Alacant; capa C4; p ajustado no aplica (estimación, sin contraste)"
B1,B1_A_04,componente A 2026-2035 (central; rango en tabla),2026,2035,1,,,,,24964.8549,,"Almería; capa C4; p ajustado no aplica (estimación, sin contraste)"
B1,B1_R_04,componente R 2026-2035 (central; rango en tabla),2026,2035,1,,,,,0.0,,"Almería; capa C4; p ajustado no aplica (estimación, sin contraste)"
B1,B1_V_04,componente V 2026-2035 (central; rango en tabla),2026,2035,1,,,,,852.9200000000001,,"Almería; capa C4; p ajustado no aplica (estimación, sin contraste)"
B1,B1_F_04,componente F 2026-2035 (central; rango en tabla),2026,2035,1,,,,,43917.0,,"Almería; capa C2; p ajustado no aplica (estimación, sin contraste)"
B1,B1_M_04,componente M 2026-2035 (central; rango en tabla),2026,2035,1,,,,,14644.400000000001,,"Almería; capa C4; p ajustado no aplica (estimación, sin contraste)"
B1,B1_K_04,componente K 2026-2035 (central; rango en tabla),2026,2035,1,,,,,1413.0,,"Almería; capa C4; p ajustado no aplica (estimación, sin contraste)"
B1,B1_L_04,componente L 2026-2035 (central; rango en tabla),2026,2035,1,,,,,18056.875003116373,,"Almería; capa C4; p ajustado no aplica (estimación, sin contraste)"
B1,B1_N_04,componente N 2026-2035 (central; rango en tabla),2026,2035,1,,,,,53677.37489999999,,"Almería; capa C4; p ajustado no aplica (estimación, sin contraste)"
B1,B1_A_05,componente A 2026-2035 (central; rango en tabla),2026,2035,1,,,,,2570.6189,,"Ávila; capa C4; p ajustado no aplica (estimación, sin contraste)"
B1,B1_R_05,componente R 2026-2035 (central; rango en tabla),2026,2035,1,,,,,0.0,,"Ávila; capa C4; p ajustado no aplica (estimación, sin contraste)"
B1,B1_V_05,componente V 2026-2035 (central; rango en tabla),2026,2035,1,,,,,138.68,,"Ávila; capa C4; p ajustado no aplica (estimación, sin contraste)"
B1,B1_F_05,componente F 2026-2035 (central; rango en tabla),2026,2035,1,,,,,2559.0,,"Ávila; capa C2; p ajustado no aplica (estimación, sin contraste)"
B1,B1_M_05,componente M 2026-2035 (central; rango en tabla),2026,2035,1,,,,,7441.0,,"Ávila; capa C4; p ajustado no aplica (estimación, sin contraste)"
B1,B1_K_05,componente K 2026-2035 (central; rango en tabla),2026,2035,1,,,,,274.0,,"Ávila; capa C4; p ajustado no aplica (estimación, sin contraste)"
B1,B1_L_05,componente L 2026-2035 (central; rango en tabla),2026,2035,1,,,,,6231.224688725046,,"Ávila; capa C4; p ajustado no aplica (estimación, sin contraste)"
B1,B1_N_05,componente N 2026-2035 (central; rango en tabla),2026,2035,1,,,,,-2446.7011,,"Ávila; capa C4; p ajustado no aplica (estimación, sin contraste)"
B1,B1_A_06,componente A 2026-2035 (central; rango en tabla),2026,2035,1,,,,,11314.7547,,"Badajoz; capa C4; p ajustado no aplica (estimación, sin contraste)"
B1,B1_R_06,componente R 2026-2035 (central; rango en tabla),2026,2035,1,,,,,0.0,,"Badajoz; capa C4; p ajustado no aplica (estimación, sin contraste)"
B1,B1_V_06,componente V 2026-2035 (central; rango en tabla),2026,2035,1,,,,,424.6,,"Badajoz; capa C4; p ajustado no aplica (estimación, sin contraste)"
B1,B1_F_06,componente F 2026-2035 (central; rango en tabla),2026,2035,1,,,,,9386.0,,"Badajoz; capa C2; p ajustado no aplica (estimación, sin contraste)"
B1,B1_M_06,componente M 2026-2035 (central; rango en tabla),2026,2035,1,,,,,12383.6,,"Badajoz; capa C4; p ajustado no aplica (estimación, sin contraste)"
B1,B1_K_06,componente K 2026-2035 (central; rango en tabla),2026,2035,1,,,,,2294.0,,"Badajoz; capa C4; p ajustado no aplica (estimación, sin contraste)"
B1,B1_L_06,componente L 2026-2035 (central; rango en tabla),2026,2035,1,,,,,21341.216707205145,,"Badajoz; capa C4; p ajustado no aplica (estimación, sin contraste)"
B1,B1_N_06,componente N 2026-2035 (central; rango en tabla),2026,2035,1,,,,,6447.7546999999995,,"Badajoz; capa C4; p ajustado no aplica (estimación, sin contraste)"
B1,B1_A_07,componente A 2026-2035 (central; rango en tabla),2026,2035,1,,,,,25059.3811,,"Balears, Illes; capa C4; p ajustado no aplica (estimación, sin contraste)"
B1,B1_R_07,componente R 2026-2035 (central; rango en tabla),2026,2035,1,,,,,4979.986177674596,,"Balears, Illes; capa C4; p ajustado no aplica (estimación, sin contraste)"
B1,B1_V_07,componente V 2026-2035 (central; rango en tabla),2026,2035,1,,,,,2070.52,,"Balears, Illes; capa C4; p ajustado no aplica (estimación, sin contraste)"
B1,B1_F_07,componente F 2026-2035 (central; rango en tabla),2026,2035,1,,,,,54501.0,,"Balears, Illes; capa C2; p ajustado no aplica (estimación, sin contraste)"
B1,B1_M_07,componente M 2026-2035 (central; rango en tabla),2026,2035,1,,,,,21126.4,,"Balears, Illes; capa C4; p ajustado no aplica (estimación, sin contraste)"
B1,B1_K_07,componente K 2026-2035 (central; rango en tabla),2026,2035,1,,,,,2182.0,,"Balears, Illes; capa C4; p ajustado no aplica (estimación, sin contraste)"
B1,B1_L_07,componente L 2026-2035 (central; rango en tabla),2026,2035,1,,,,,29879.181571417466,,"Balears, Illes; capa C4; p ajustado no aplica (estimación, sin contraste)"
B1,B1_N_07,componente N 2026-2035 (central; rango en tabla),2026,2035,1,,,,,63302.4872776746,,"Balears, Illes; capa C4; p ajustado no aplica (estimación, sin contraste)"
B1,B1_A_08,componente A 2026-2035 (central; rango en tabla),2026,2035,1,,,,,131569.1559,,"Barcelona; capa C4; p ajustado no aplica (estimación, sin contraste)"
B1,B1_R_08,componente R 2026-2035 (central; rango en tabla),2026,2035,1,,,,,34711.13691075916,,"Barcelona; capa C4; p ajustado no aplica (estimación, sin contraste)"
B1,B1_V_08,componente V 2026-2035 (central; rango en tabla),2026,2035,1,,,,,10448.48,,"Barcelona; capa C4; p ajustado no aplica (estimación, sin contraste)"
B1,B1_F_08,componente F 2026-2035 (central; rango en tabla),2026,2035,1,,,,,182295.0,,"Barcelona; capa C2; p ajustado no aplica (estimación, sin contraste)"
B1,B1_M_08,componente M 2026-2035 (central; rango en tabla),2026,2035,1,,,,,42600.4,,"Barcelona; capa C4; p ajustado no aplica (estimación, sin contraste)"
B1,B1_K_08,componente K 2026-2035 (central; rango en tabla),2026,2035,1,,,,,6797.5,,"Barcelona; capa C4; p ajustado no aplica (estimación, sin contraste)"
B1,B1_L_08,componente L 2026-2035 (central; rango en tabla),2026,2035,1,,,,,159222.4536996676,,"Barcelona; capa C4; p ajustado no aplica (estimación, sin contraste)"
B1,B1_N_08,componente N 2026-2035 (central; rango en tabla),2026,2035,1,,,,,309625.8728107591,,"Barcelona; capa C4; p ajustado no aplica (estimación, sin contraste)"
B1,B1_A_09,componente A 2026-2035 (central; rango en tabla),2026,2035,1,,,,,6392.523999999999,,"Burgos; capa C4; p ajustado no aplica (estimación, sin contraste)"
B1,B1_R_09,componente R 2026-2035 (central; rango en tabla),2026,2035,1,,,,,0.0,,"Burgos; capa C4; p ajustado no aplica (estimación, sin contraste)"
B1,B1_V_09,componente V 2026-2035 (central; rango en tabla),2026,2035,1,,,,,341.1,,"Burgos; capa C4; p ajustado no aplica (estimación, sin contraste)"
B1,B1_F_09,componente F 2026-2035 (central; rango en tabla),2026,2035,1,,,,,9285.0,,"Burgos; capa C2; p ajustado no aplica (estimación, sin contraste)"
B1,B1_M_09,componente M 2026-2035 (central; rango en tabla),2026,2035,1,,,,,9562.2,,"Burgos; capa C4; p ajustado no aplica (estimación, sin contraste)"
B1,B1_K_09,componente K 2026-2035 (central; rango en tabla),2026,2035,1,,,,,1008.0,,"Burgos; capa C4; p ajustado no aplica (estimación, sin contraste)"
B1,B1_L_09,componente L 2026-2035 (central; rango en tabla),2026,2035,1,,,,,12754.106175781462,,"Burgos; capa C4; p ajustado no aplica (estimación, sin contraste)"
B1,B1_N_09,componente N 2026-2035 (central; rango en tabla),2026,2035,1,,,,,5448.423999999999,,"Burgos; capa C4; p ajustado no aplica (estimación, sin contraste)"
B1,B1_A_10,componente A 2026-2035 (central; rango en tabla),2026,2035,1,,,,,3223.8739000000005,,"Cáceres; capa C4; p ajustado no aplica (estimación, sin contraste)"
B1,B1_R_10,componente R 2026-2035 (central; rango en tabla),2026,2035,1,,,,,0.0,,"Cáceres; capa C4; p ajustado no aplica (estimación, sin contraste)"
B1,B1_V_10,componente V 2026-2035 (central; rango en tabla),2026,2035,1,,,,,365.96,,"Cáceres; capa C4; p ajustado no aplica (estimación, sin contraste)"
B1,B1_F_10,componente F 2026-2035 (central; rango en tabla),2026,2035,1,,,,,2962.0,,"Cáceres; capa C2; p ajustado no aplica (estimación, sin contraste)"
B1,B1_M_10,componente M 2026-2035 (central; rango en tabla),2026,2035,1,,,,,12216.400000000001,,"Cáceres; capa C4; p ajustado no aplica (estimación, sin contraste)"
B1,B1_K_10,componente K 2026-2035 (central; rango en tabla),2026,2035,1,,,,,0.0,,"Cáceres; capa C4; p ajustado no aplica (estimación, sin contraste)"
B1,B1_L_10,componente L 2026-2035 (central; rango en tabla),2026,2035,1,,,,,14185.530701666736,,"Cáceres; capa C4; p ajustado no aplica (estimación, sin contraste)"
B1,B1_N_10,componente N 2026-2035 (central; rango en tabla),2026,2035,1,,,,,-5664.566100000001,,"Cáceres; capa C4; p ajustado no aplica (estimación, sin contraste)"
B1,B1_A_11,componente A 2026-2035 (central; rango en tabla),2026,2035,1,,,,,24978.966099999998,,"Cádiz; capa C4; p ajustado no aplica (estimación, sin contraste)"
B1,B1_R_11,componente R 2026-2035 (central; rango en tabla),2026,2035,1,,,,,0.0,,"Cádiz; capa C4; p ajustado no aplica (estimación, sin contraste)"
B1,B1_V_11,componente V 2026-2035 (central; rango en tabla),2026,2035,1,,,,,1039.04,,"Cádiz; capa C4; p ajustado no aplica (estimación, sin contraste)"
B1,B1_F_11,componente F 2026-2035 (central; rango en tabla),2026,2035,1,,,,,36198.0,,"Cádiz; capa C2; p ajustado no aplica (estimación, sin contraste)"
B1,B1_M_11,componente M 2026-2035 (central; rango en tabla),2026,2035,1,,,,,14035.400000000001,,"Cádiz; capa C4; p ajustado no aplica (estimación, sin contraste)"
B1,B1_K_11,componente K 2026-2035 (central; rango en tabla),2026,2035,1,,,,,893.0,,"Cádiz; capa C4; p ajustado no aplica (estimación, sin contraste)"
B1,B1_L_11,componente L 2026-2035 (central; rango en tabla),2026,2035,1,,,,,34660.12282541652,,"Cádiz; capa C4; p ajustado no aplica (estimación, sin contraste)"
B1,B1_N_11,componente N 2026-2035 (central; rango en tabla),2026,2035,1,,,,,47287.6061,,"Cádiz; capa C4; p ajustado no aplica (estimación, sin contraste)"
B1,B1_A_12,componente A 2026-2035 (central; rango en tabla),2026,2035,1,,,,,23509.2966,,"Castellón/Castelló; capa C4; p ajustado no aplica (estimación, sin contraste)"
B1,B1_R_12,componente R 2026-2035 (central; rango en tabla),2026,2035,1,,,,,0.0,,"Castellón/Castelló; capa C4; p ajustado no aplica (estimación, sin contraste)"
B1,B1_V_12,componente V 2026-2035 (central; rango en tabla),2026,2035,1,,,,,581.48,,"Castellón/Castelló; capa C4; p ajustado no aplica (estimación, sin contraste)"
B1,B1_F_12,componente F 2026-2035 (central; rango en tabla),2026,2035,1,,,,,35372.0,,"Castellón/Castelló; capa C2; p ajustado no aplica (estimación, sin contraste)"
B1,B1_M_12,componente M 2026-2035 (central; rango en tabla),2026,2035,1,,,,,15546.400000000001,,"Castellón/Castelló; capa C4; p ajustado no aplica (estimación, sin contraste)"
B1,B1_K_12,componente K 2026-2035 (central; rango en tabla),2026,2035,1,,,,,1248.5,,"Castellón/Castelló; capa C4; p ajustado no aplica (estimación, sin contraste)"
B1,B1_L_12,componente L 2026-2035 (central; rango en tabla),2026,2035,1,,,,,18751.08225516732,,"Castellón/Castelló; capa C4; p ajustado no aplica (estimación, sin contraste)"
B1,B1_N_12,componente N 2026-2035 (central; rango en tabla),2026,2035,1,,,,,42667.876599999996,,"Castellón/Castelló; capa C4; p ajustado no aplica (estimación, sin contraste)"
B1,B1_A_13,componente A 2026-2035 (central; rango en tabla),2026,2035,1,,,,,8946.4655,,"Ciudad Real; capa C4; p ajustado no aplica (estimación, sin contraste)"
B1,B1_R_13,componente R 2026-2035 (central; rango en tabla),2026,2035,1,,,,,0.0,,"Ciudad Real; capa C4; p ajustado no aplica (estimación, sin contraste)"
B1,B1_V_13,componente V 2026-2035 (central; rango en tabla),2026,2035,1,,,,,0.0,,"Ciudad Real; capa C4; p ajustado no aplica (estimación, sin contraste)"
B1,B1_F_13,componente F 2026-2035 (central; rango en tabla),2026,2035,1,,,,,9390.0,,"Ciudad Real; capa C2; p ajustado no aplica (estimación, sin contraste)"
B1,B1_M_13,componente M 2026-2035 (central; rango en tabla),2026,2035,1,,,,,0.0,,"Ciudad Real; capa C4; p ajustado no aplica (estimación, sin contraste)"
B1,B1_K_13,componente K 2026-2035 (central; rango en tabla),2026,2035,1,,,,,510.0,,"Ciudad Real; capa C4; p ajustado no aplica (estimación, sin contraste)"
B1,B1_L_13,componente L 2026-2035 (central; rango en tabla),2026,2035,1,,,,,16356.031643170758,,"Ciudad Real; capa C4; p ajustado no aplica (estimación, sin contraste)"
B1,B1_N_13,componente N 2026-2035 (central; rango en tabla),2026,2035,1,,,,,17826.4655,,"Ciudad Real; capa C4; p ajustado no aplica (estimación, sin contraste)"
B1,B1_A_14,componente A 2026-2035 (central; rango en tabla),2026,2035,1,,,,,10724.5631,,"Córdoba; capa C4; p ajustado no aplica (estimación, sin contraste)"
B1,B1_R_14,componente R 2026-2035 (central; rango en tabla),2026,2035,1,,,,,0.0,,"Córdoba; capa C4; p ajustado no aplica (estimación, sin contraste)"
B1,B1_V_14,componente V 2026-2035 (central; rango en tabla),2026,2035,1,,,,,518.82,,"Córdoba; capa C4; p ajustado no aplica (estimación, sin contraste)"
B1,B1_F_14,componente F 2026-2035 (central; rango en tabla),2026,2035,1,,,,,10989.0,,"Córdoba; capa C2; p ajustado no aplica (estimación, sin contraste)"
B1,B1_M_14,componente M 2026-2035 (central; rango en tabla),2026,2035,1,,,,,10590.2,,"Córdoba; capa C4; p ajustado no aplica (estimación, sin contraste)"
B1,B1_K_14,componente K 2026-2035 (central; rango en tabla),2026,2035,1,,,,,0.0,,"Córdoba; capa C4; p ajustado no aplica (estimación, sin contraste)"
B1,B1_L_14,componente L 2026-2035 (central; rango en tabla),2026,2035,1,,,,,24468.509842618118,,"Córdoba; capa C4; p ajustado no aplica (estimación, sin contraste)"
B1,B1_N_14,componente N 2026-2035 (central; rango en tabla),2026,2035,1,,,,,11642.183099999998,,"Córdoba; capa C4; p ajustado no aplica (estimación, sin contraste)"
B1,B1_A_15,componente A 2026-2035 (central; rango en tabla),2026,2035,1,,,,,23240.836,,"Coruña, A; capa C4; p ajustado no aplica (estimación, sin contraste)"
B1,B1_R_15,componente R 2026-2035 (central; rango en tabla),2026,2035,1,,,,,0.0,,"Coruña, A; capa C4; p ajustado no aplica (estimación, sin contraste)"
B1,B1_V_15,componente V 2026-2035 (central; rango en tabla),2026,2035,1,,,,,1260.34,,"Coruña, A; capa C4; p ajustado no aplica (estimación, sin contraste)"
B1,B1_F_15,componente F 2026-2035 (central; rango en tabla),2026,2035,1,,,,,22209.0,,"Coruña, A; capa C2; p ajustado no aplica (estimación, sin contraste)"
B1,B1_M_15,componente M 2026-2035 (central; rango en tabla),2026,2035,1,,,,,32638.800000000003,,"Coruña, A; capa C4; p ajustado no aplica (estimación, sin contraste)"
B1,B1_K_15,componente K 2026-2035 (central; rango en tabla),2026,2035,1,,,,,1476.0,,"Coruña, A; capa C4; p ajustado no aplica (estimación, sin contraste)"
B1,B1_L_15,componente L 2026-2035 (central; rango en tabla),2026,2035,1,,,,,43273.546009240774,,"Coruña, A; capa C4; p ajustado no aplica (estimación, sin contraste)"
B1,B1_N_15,componente N 2026-2035 (central; rango en tabla),2026,2035,1,,,,,12595.375999999997,,"Coruña, A; capa C4; p ajustado no aplica (estimación, sin contraste)"
B1,B1_A_16,componente A 2026-2035 (central; rango en tabla),2026,2035,1,,,,,3748.2879000000003,,"Cuenca; capa C4; p ajustado no aplica (estimación, sin contraste)"
B1,B1_R_16,componente R 2026-2035 (central; rango en tabla),2026,2035,1,,,,,0.0,,"Cuenca; capa C4; p ajustado no aplica (estimación, sin contraste)"
B1,B1_V_16,componente V 2026-2035 (central; rango en tabla),2026,2035,1,,,,,172.78,,"Cuenca; capa C4; p ajustado no aplica (estimación, sin contraste)"
B1,B1_F_16,componente F 2026-2035 (central; rango en tabla),2026,2035,1,,,,,4967.0,,"Cuenca; capa C2; p ajustado no aplica (estimación, sin contraste)"
B1,B1_M_16,componente M 2026-2035 (central; rango en tabla),2026,2035,1,,,,,8201.6,,"Cuenca; capa C4; p ajustado no aplica (estimación, sin contraste)"
B1,B1_K_16,componente K 2026-2035 (central; rango en tabla),2026,2035,1,,,,,178.5,,"Cuenca; capa C4; p ajustado no aplica (estimación, sin contraste)"
B1,B1_L_16,componente L 2026-2035 (central; rango en tabla),2026,2035,1,,,,,7150.895824501727,,"Cuenca; capa C4; p ajustado no aplica (estimación, sin contraste)"
B1,B1_N_16,componente N 2026-2035 (central; rango en tabla),2026,2035,1,,,,,507.96789999999964,,"Cuenca; capa C4; p ajustado no aplica (estimación, sin contraste)"
B1,B1_A_17,componente A 2026-2035 (central; rango en tabla),2026,2035,1,,,,,24356.3189,,"Girona; capa C4; p ajustado no aplica (estimación, sin contraste)"
B1,B1_R_17,componente R 2026-2035 (central; rango en tabla),2026,2035,1,,,,,384.6322282573744,,"Girona; capa C4; p ajustado no aplica (estimación, sin contraste)"
B1,B1_V_17,componente V 2026-2035 (central; rango en tabla),2026,2035,1,,,,,1436.1200000000001,,"Girona; capa C4; p ajustado no aplica (estimación, sin contraste)"
B1,B1_F_17,componente F 2026-2035 (central; rango en tabla),2026,2035,1,,,,,43126.0,,"Girona; capa C2; p ajustado no aplica (estimación, sin contraste)"
B1,B1_M_17,componente M 2026-2035 (central; rango en tabla),2026,2035,1,,,,,15244.400000000001,,"Girona; capa C4; p ajustado no aplica (estimación, sin contraste)"
B1,B1_K_17,componente K 2026-2035 (central; rango en tabla),2026,2035,1,,,,,1411.5,,"Girona; capa C4; p ajustado no aplica (estimación, sin contraste)"
B1,B1_L_17,componente L 2026-2035 (central; rango en tabla),2026,2035,1,,,,,22161.86983107913,,"Girona; capa C4; p ajustado no aplica (estimación, sin contraste)"
B1,B1_N_17,componente N 2026-2035 (central; rango en tabla),2026,2035,1,,,,,52647.171128257374,,"Girona; capa C4; p ajustado no aplica (estimación, sin contraste)"
B1,B1_A_18,componente A 2026-2035 (central; rango en tabla),2026,2035,1,,,,,25090.533799999997,,"Granada; capa C4; p ajustado no aplica (estimación, sin contraste)"
B1,B1_R_18,componente R 2026-2035 (central; rango en tabla),2026,2035,1,,,,,0.0,,"Granada; capa C4; p ajustado no aplica (estimación, sin contraste)"
B1,B1_V_18,componente V 2026-2035 (central; rango en tabla),2026,2035,1,,,,,939.7,,"Granada; capa C4; p ajustado no aplica (estimación, sin contraste)"
B1,B1_F_18,componente F 2026-2035 (central; rango en tabla),2026,2035,1,,,,,38229.0,,"Granada; capa C2; p ajustado no aplica (estimación, sin contraste)"
B1,B1_M_18,componente M 2026-2035 (central; rango en tabla),2026,2035,1,,,,,18088.600000000002,,"Granada; capa C4; p ajustado no aplica (estimación, sin contraste)"
B1,B1_K_18,componente K 2026-2035 (central; rango en tabla),2026,2035,1,,,,,1209.5,,"Granada; capa C4; p ajustado no aplica (estimación, sin contraste)"
B1,B1_L_18,componente L 2026-2035 (central; rango en tabla),2026,2035,1,,,,,27515.02642548588,,"Granada; capa C4; p ajustado no aplica (estimación, sin contraste)"
B1,B1_N_18,componente N 2026-2035 (central; rango en tabla),2026,2035,1,,,,,44961.133799999996,,"Granada; capa C4; p ajustado no aplica (estimación, sin contraste)"
B1,B1_A_19,componente A 2026-2035 (central; rango en tabla),2026,2035,1,,,,,7810.6522,,"Guadalajara; capa C4; p ajustado no aplica (estimación, sin contraste)"
B1,B1_R_19,componente R 2026-2035 (central; rango en tabla),2026,2035,1,,,,,0.0,,"Guadalajara; capa C4; p ajustado no aplica (estimación, sin contraste)"
B1,B1_V_19,componente V 2026-2035 (central; rango en tabla),2026,2035,1,,,,,357.12,,"Guadalajara; capa C4; p ajustado no aplica (estimación, sin contraste)"
B1,B1_F_19,componente F 2026-2035 (central; rango en tabla),2026,2035,1,,,,,16439.0,,"Guadalajara; capa C2; p ajustado no aplica (estimación, sin contraste)"
B1,B1_M_19,componente M 2026-2035 (central; rango en tabla),2026,2035,1,,,,,8493.800000000001,,"Guadalajara; capa C4; p ajustado no aplica (estimación, sin contraste)"
B1,B1_K_19,componente K 2026-2035 (central; rango en tabla),2026,2035,1,,,,,1635.5,,"Guadalajara; capa C4; p ajustado no aplica (estimación, sin contraste)"
B1,B1_L_19,componente L 2026-2035 (central; rango en tabla),2026,2035,1,,,,,6882.602338469651,,"Guadalajara; capa C4; p ajustado no aplica (estimación, sin contraste)"
B1,B1_N_19,componente N 2026-2035 (central; rango en tabla),2026,2035,1,,,,,14477.472199999998,,"Guadalajara; capa C4; p ajustado no aplica (estimación, sin contraste)"
B1,B1_A_20,componente A 2026-2035 (central; rango en tabla),2026,2035,1,,,,,8699.3726,,"Gipuzkoa; capa C4; p ajustado no aplica (estimación, sin contraste)"
B1,B1_R_20,componente R 2026-2035 (central; rango en tabla),2026,2035,1,,,,,0.0,,"Gipuzkoa; capa C4; p ajustado no aplica (estimación, sin contraste)"
B1,B1_V_20,componente V 2026-2035 (central; rango en tabla),2026,2035,1,,,,,875.8000000000001,,"Gipuzkoa; capa C4; p ajustado no aplica (estimación, sin contraste)"
B1,B1_F_20,componente F 2026-2035 (central; rango en tabla),2026,2035,1,,,,,15541.0,,"Gipuzkoa; capa C2; p ajustado no aplica (estimación, sin contraste)"
B1,B1_M_20,componente M 2026-2035 (central; rango en tabla),2026,2035,1,,,,,4942.0,,"Gipuzkoa; capa C4; p ajustado no aplica (estimación, sin contraste)"
B1,B1_K_20,componente K 2026-2035 (central; rango en tabla),2026,2035,1,,,,,462.0,,"Gipuzkoa; capa C4; p ajustado no aplica (estimación, sin contraste)"
B1,B1_L_20,componente L 2026-2035 (central; rango en tabla),2026,2035,1,,,,,24380.781720551793,,"Gipuzkoa; capa C4; p ajustado no aplica (estimación, sin contraste)"
B1,B1_N_20,componente N 2026-2035 (central; rango en tabla),2026,2035,1,,,,,19712.172599999998,,"Gipuzkoa; capa C4; p ajustado no aplica (estimación, sin contraste)"
B1,B1_A_21,componente A 2026-2035 (central; rango en tabla),2026,2035,1,,,,,10683.5609,,"Huelva; capa C4; p ajustado no aplica (estimación, sin contraste)"
B1,B1_R_21,componente R 2026-2035 (central; rango en tabla),2026,2035,1,,,,,0.0,,"Huelva; capa C4; p ajustado no aplica (estimación, sin contraste)"
B1,B1_V_21,componente V 2026-2035 (central; rango en tabla),2026,2035,1,,,,,495.6,,"Huelva; capa C4; p ajustado no aplica (estimación, sin contraste)"
B1,B1_F_21,componente F 2026-2035 (central; rango en tabla),2026,2035,1,,,,,18157.0,,"Huelva; capa C2; p ajustado no aplica (estimación, sin contraste)"
B1,B1_M_21,componente M 2026-2035 (central; rango en tabla),2026,2035,1,,,,,8449.2,,"Huelva; capa C4; p ajustado no aplica (estimación, sin contraste)"
B1,B1_K_21,componente K 2026-2035 (central; rango en tabla),2026,2035,1,,,,,1018.5,,"Huelva; capa C4; p ajustado no aplica (estimación, sin contraste)"
B1,B1_L_21,componente L 2026-2035 (central; rango en tabla),2026,2035,1,,,,,15074.334267379892,,"Huelva; capa C4; p ajustado no aplica (estimación, sin contraste)"
B1,B1_N_21,componente N 2026-2035 (central; rango en tabla),2026,2035,1,,,,,19868.460900000002,,"Huelva; capa C4; p ajustado no aplica (estimación, sin contraste)"
B1,B1_A_22,componente A 2026-2035 (central; rango en tabla),2026,2035,1,,,,,4594.440500000001,,"Huesca; capa C4; p ajustado no aplica (estimación, sin contraste)"
B1,B1_R_22,componente R 2026-2035 (central; rango en tabla),2026,2035,1,,,,,68.83742064953361,,"Huesca; capa C4; p ajustado no aplica (estimación, sin contraste)"
B1,B1_V_22,componente V 2026-2035 (central; rango en tabla),2026,2035,1,,,,,268.84000000000003,,"Huesca; capa C4; p ajustado no aplica (estimación, sin contraste)"
B1,B1_F_22,componente F 2026-2035 (central; rango en tabla),2026,2035,1,,,,,7325.0,,"Huesca; capa C2; p ajustado no aplica (estimación, sin contraste)"
B1,B1_M_22,componente M 2026-2035 (central; rango en tabla),2026,2035,1,,,,,5845.8,,"Huesca; capa C4; p ajustado no aplica (estimación, sin contraste)"
B1,B1_K_22,componente K 2026-2035 (central; rango en tabla),2026,2035,1,,,,,555.5,,"Huesca; capa C4; p ajustado no aplica (estimación, sin contraste)"
B1,B1_L_22,componente L 2026-2035 (central; rango en tabla),2026,2035,1,,,,,7890.724975309586,,"Huesca; capa C4; p ajustado no aplica (estimación, sin contraste)"
B1,B1_N_22,componente N 2026-2035 (central; rango en tabla),2026,2035,1,,,,,5855.817920649534,,"Huesca; capa C4; p ajustado no aplica (estimación, sin contraste)"
B1,B1_A_23,componente A 2026-2035 (central; rango en tabla),2026,2035,1,,,,,9434.4966,,"Jaén; capa C4; p ajustado no aplica (estimación, sin contraste)"
B1,B1_R_23,componente R 2026-2035 (central; rango en tabla),2026,2035,1,,,,,0.0,,"Jaén; capa C4; p ajustado no aplica (estimación, sin contraste)"
B1,B1_V_23,componente V 2026-2035 (central; rango en tabla),2026,2035,1,,,,,0.0,,"Jaén; capa C4; p ajustado no aplica (estimación, sin contraste)"
B1,B1_F_23,componente F 2026-2035 (central; rango en tabla),2026,2035,1,,,,,4239.0,,"Jaén; capa C2; p ajustado no aplica (estimación, sin contraste)"
B1,B1_M_23,componente M 2026-2035 (central; rango en tabla),2026,2035,1,,,,,0.0,,"Jaén; capa C4; p ajustado no aplica (estimación, sin contraste)"
B1,B1_K_23,componente K 2026-2035 (central; rango en tabla),2026,2035,1,,,,,203.0,,"Jaén; capa C4; p ajustado no aplica (estimación, sin contraste)"
B1,B1_L_23,componente L 2026-2035 (central; rango en tabla),2026,2035,1,,,,,19820.077779453928,,"Jaén; capa C4; p ajustado no aplica (estimación, sin contraste)"
B1,B1_N_23,componente N 2026-2035 (central; rango en tabla),2026,2035,1,,,,,13470.4966,,"Jaén; capa C4; p ajustado no aplica (estimación, sin contraste)"
B1,B1_A_24,componente A 2026-2035 (central; rango en tabla),2026,2035,1,,,,,6521.0898,,"León; capa C4; p ajustado no aplica (estimación, sin contraste)"
B1,B1_R_24,componente R 2026-2035 (central; rango en tabla),2026,2035,1,,,,,0.0,,"León; capa C4; p ajustado no aplica (estimación, sin contraste)"
B1,B1_V_24,componente V 2026-2035 (central; rango en tabla),2026,2035,1,,,,,529.22,,"León; capa C4; p ajustado no aplica (estimación, sin contraste)"
B1,B1_F_24,componente F 2026-2035 (central; rango en tabla),2026,2035,1,,,,,2883.0,,"León; capa C2; p ajustado no aplica (estimación, sin contraste)"
B1,B1_M_24,componente M 2026-2035 (central; rango en tabla),2026,2035,1,,,,,17661.4,,"León; capa C4; p ajustado no aplica (estimación, sin contraste)"
B1,B1_K_24,componente K 2026-2035 (central; rango en tabla),2026,2035,1,,,,,1012.5,,"León; capa C4; p ajustado no aplica (estimación, sin contraste)"
B1,B1_L_24,componente L 2026-2035 (central; rango en tabla),2026,2035,1,,,,,18741.42858417007,,"León; capa C4; p ajustado no aplica (estimación, sin contraste)"
B1,B1_N_24,componente N 2026-2035 (central; rango en tabla),2026,2035,1,,,,,-8740.590200000002,,"León; capa C4; p ajustado no aplica (estimación, sin contraste)"
B1,B1_A_25,componente A 2026-2035 (central; rango en tabla),2026,2035,1,,,,,11399.3521,,"Lleida; capa C4; p ajustado no aplica (estimación, sin contraste)"
B1,B1_R_25,componente R 2026-2035 (central; rango en tabla),2026,2035,1,,,,,0.0,,"Lleida; capa C4; p ajustado no aplica (estimación, sin contraste)"
B1,B1_V_25,componente V 2026-2035 (central; rango en tabla),2026,2035,1,,,,,727.96,,"Lleida; capa C4; p ajustado no aplica (estimación, sin contraste)"
B1,B1_F_25,componente F 2026-2035 (central; rango en tabla),2026,2035,1,,,,,16072.0,,"Lleida; capa C2; p ajustado no aplica (estimación, sin contraste)"
B1,B1_M_25,componente M 2026-2035 (central; rango en tabla),2026,2035,1,,,,,8100.0,,"Lleida; capa C4; p ajustado no aplica (estimación, sin contraste)"
B1,B1_K_25,componente K 2026-2035 (central; rango en tabla),2026,2035,1,,,,,534.5,,"Lleida; capa C4; p ajustado no aplica (estimación, sin contraste)"
B1,B1_L_25,componente L 2026-2035 (central; rango en tabla),2026,2035,1,,,,,13051.275722489336,,"Lleida; capa C4; p ajustado no aplica (estimación, sin contraste)"
B1,B1_N_25,componente N 2026-2035 (central; rango en tabla),2026,2035,1,,,,,19564.8121,,"Lleida; capa C4; p ajustado no aplica (estimación, sin contraste)"
B1,B1_A_26,componente A 2026-2035 (central; rango en tabla),2026,2035,1,,,,,6405.6267,,"Rioja, La; capa C4; p ajustado no aplica (estimación, sin contraste)"
B1,B1_R_26,componente R 2026-2035 (central; rango en tabla),2026,2035,1,,,,,6.662009032342975,,"Rioja, La; capa C4; p ajustado no aplica (estimación, sin contraste)"
B1,B1_V_26,componente V 2026-2035 (central; rango en tabla),2026,2035,1,,,,,295.7,,"Rioja, La; capa C4; p ajustado no aplica (estimación, sin contraste)"
B1,B1_F_26,componente F 2026-2035 (central; rango en tabla),2026,2035,1,,,,,12771.0,,"Rioja, La; capa C2; p ajustado no aplica (estimación, sin contraste)"
B1,B1_M_26,componente M 2026-2035 (central; rango en tabla),2026,2035,1,,,,,5068.8,,"Rioja, La; capa C4; p ajustado no aplica (estimación, sin contraste)"
B1,B1_K_26,componente K 2026-2035 (central; rango en tabla),2026,2035,1,,,,,712.0,,"Rioja, La; capa C4; p ajustado no aplica (estimación, sin contraste)"
B1,B1_L_26,componente L 2026-2035 (central; rango en tabla),2026,2035,1,,,,,10784.820283417894,,"Rioja, La; capa C4; p ajustado no aplica (estimación, sin contraste)"
B1,B1_N_26,componente N 2026-2035 (central; rango en tabla),2026,2035,1,,,,,13698.188709032343,,"Rioja, La; capa C4; p ajustado no aplica (estimación, sin contraste)"
B1,B1_A_27,componente A 2026-2035 (central; rango en tabla),2026,2035,1,,,,,6420.613300000001,,"Lugo; capa C4; p ajustado no aplica (estimación, sin contraste)"
B1,B1_R_27,componente R 2026-2035 (central; rango en tabla),2026,2035,1,,,,,0.0,,"Lugo; capa C4; p ajustado no aplica (estimación, sin contraste)"
B1,B1_V_27,componente V 2026-2035 (central; rango en tabla),2026,2035,1,,,,,280.3,,"Lugo; capa C4; p ajustado no aplica (estimación, sin contraste)"
B1,B1_F_27,componente F 2026-2035 (central; rango en tabla),2026,2035,1,,,,,3357.0,,"Lugo; capa C2; p ajustado no aplica (estimación, sin contraste)"
B1,B1_M_27,componente M 2026-2035 (central; rango en tabla),2026,2035,1,,,,,20097.4,,"Lugo; capa C4; p ajustado no aplica (estimación, sin contraste)"
B1,B1_K_27,componente K 2026-2035 (central; rango en tabla),2026,2035,1,,,,,341.0,,"Lugo; capa C4; p ajustado no aplica (estimación, sin contraste)"
B1,B1_L_27,componente L 2026-2035 (central; rango en tabla),2026,2035,1,,,,,15189.085093399963,,"Lugo; capa C4; p ajustado no aplica (estimación, sin contraste)"
B1,B1_N_27,componente N 2026-2035 (central; rango en tabla),2026,2035,1,,,,,-10380.486700000001,,"Lugo; capa C4; p ajustado no aplica (estimación, sin contraste)"
B1,B1_A_28,componente A 2026-2035 (central; rango en tabla),2026,2035,1,,,,,157535.3956,,"Madrid; capa C4; p ajustado no aplica (estimación, sin contraste)"
B1,B1_R_28,componente R 2026-2035 (central; rango en tabla),2026,2035,1,,,,,43727.22300304594,,"Madrid; capa C4; p ajustado no aplica (estimación, sin contraste)"
B1,B1_V_28,componente V 2026-2035 (central; rango en tabla),2026,2035,1,,,,,10515.1,,"Madrid; capa C4; p ajustado no aplica (estimación, sin contraste)"
B1,B1_F_28,componente F 2026-2035 (central; rango en tabla),2026,2035,1,,,,,311654.0,,"Madrid; capa C2; p ajustado no aplica (estimación, sin contraste)"
B1,B1_M_28,componente M 2026-2035 (central; rango en tabla),2026,2035,1,,,,,37517.200000000004,,"Madrid; capa C4; p ajustado no aplica (estimación, sin contraste)"
B1,B1_K_28,componente K 2026-2035 (central; rango en tabla),2026,2035,1,,,,,13632.5,,"Madrid; capa C4; p ajustado no aplica (estimación, sin contraste)"
B1,B1_L_28,componente L 2026-2035 (central; rango en tabla),2026,2035,1,,,,,165386.97944104238,,"Madrid; capa C4; p ajustado no aplica (estimación, sin contraste)"
B1,B1_N_28,componente N 2026-2035 (central; rango en tabla),2026,2035,1,,,,,472282.0186030459,,"Madrid; capa C4; p ajustado no aplica (estimación, sin contraste)"
B1,B1_A_29,componente A 2026-2035 (central; rango en tabla),2026,2035,1,,,,,38186.3598,,"Málaga; capa C4; p ajustado no aplica (estimación, sin contraste)"
B1,B1_R_29,componente R 2026-2035 (central; rango en tabla),2026,2035,1,,,,,0.0,,"Málaga; capa C4; p ajustado no aplica (estimación, sin contraste)"
B1,B1_V_29,componente V 2026-2035 (central; rango en tabla),2026,2035,1,,,,,1729.72,,"Málaga; capa C4; p ajustado no aplica (estimación, sin contraste)"
B1,B1_F_29,componente F 2026-2035 (central; rango en tabla),2026,2035,1,,,,,87973.0,,"Málaga; capa C2; p ajustado no aplica (estimación, sin contraste)"
B1,B1_M_29,componente M 2026-2035 (central; rango en tabla),2026,2035,1,,,,,30568.600000000002,,"Málaga; capa C4; p ajustado no aplica (estimación, sin contraste)"
B1,B1_K_29,componente K 2026-2035 (central; rango en tabla),2026,2035,1,,,,,8795.0,,"Málaga; capa C4; p ajustado no aplica (estimación, sin contraste)"
B1,B1_L_29,componente L 2026-2035 (central; rango en tabla),2026,2035,1,,,,,47106.2360926118,,"Málaga; capa C4; p ajustado no aplica (estimación, sin contraste)"
B1,B1_N_29,componente N 2026-2035 (central; rango en tabla),2026,2035,1,,,,,88525.4798,,"Málaga; capa C4; p ajustado no aplica (estimación, sin contraste)"
B1,B1_A_30,componente A 2026-2035 (central; rango en tabla),2026,2035,1,,,,,49404.7759,,"Murcia; capa C4; p ajustado no aplica (estimación, sin contraste)"
B1,B1_R_30,componente R 2026-2035 (central; rango en tabla),2026,2035,1,,,,,0.0,,"Murcia; capa C4; p ajustado no aplica (estimación, sin contraste)"
B1,B1_V_30,componente V 2026-2035 (central; rango en tabla),2026,2035,1,,,,,1691.56,,"Murcia; capa C4; p ajustado no aplica (estimación, sin contraste)"
B1,B1_F_30,componente F 2026-2035 (central; rango en tabla),2026,2035,1,,,,,90108.0,,"Murcia; capa C2; p ajustado no aplica (estimación, sin contraste)"
B1,B1_M_30,componente M 2026-2035 (central; rango en tabla),2026,2035,1,,,,,20622.2,,"Murcia; capa C4; p ajustado no aplica (estimación, sin contraste)"
B1,B1_K_30,componente K 2026-2035 (central; rango en tabla),2026,2035,1,,,,,2709.5,,"Murcia; capa C4; p ajustado no aplica (estimación, sin contraste)"
B1,B1_L_30,componente L 2026-2035 (central; rango en tabla),2026,2035,1,,,,,38318.26184718559,,"Murcia; capa C4; p ajustado no aplica (estimación, sin contraste)"
B1,B1_N_30,componente N 2026-2035 (central; rango en tabla),2026,2035,1,,,,,117872.63590000001,,"Murcia; capa C4; p ajustado no aplica (estimación, sin contraste)"
B1,B1_A_31,componente A 2026-2035 (central; rango en tabla),2026,2035,1,,,,,10366.5294,,"Navarra; capa C4; p ajustado no aplica (estimación, sin contraste)"
B1,B1_R_31,componente R 2026-2035 (central; rango en tabla),2026,2035,1,,,,,0.0,,"Navarra; capa C4; p ajustado no aplica (estimación, sin contraste)"
B1,B1_V_31,componente V 2026-2035 (central; rango en tabla),2026,2035,1,,,,,672.6,,"Navarra; capa C4; p ajustado no aplica (estimación, sin contraste)"
B1,B1_F_31,componente F 2026-2035 (central; rango en tabla),2026,2035,1,,,,,27076.0,,"Navarra; capa C2; p ajustado no aplica (estimación, sin contraste)"
B1,B1_M_31,componente M 2026-2035 (central; rango en tabla),2026,2035,1,,,,,6571.200000000001,,"Navarra; capa C4; p ajustado no aplica (estimación, sin contraste)"
B1,B1_K_31,componente K 2026-2035 (central; rango en tabla),2026,2035,1,,,,,890.0,,"Navarra; capa C4; p ajustado no aplica (estimación, sin contraste)"
B1,B1_L_31,componente L 2026-2035 (central; rango en tabla),2026,2035,1,,,,,20098.132786663766,,"Navarra; capa C4; p ajustado no aplica (estimación, sin contraste)"
B1,B1_N_31,componente N 2026-2035 (central; rango en tabla),2026,2035,1,,,,,30653.929399999997,,"Navarra; capa C4; p ajustado no aplica (estimación, sin contraste)"
B1,B1_A_32,componente A 2026-2035 (central; rango en tabla),2026,2035,1,,,,,5781.953399999999,,"Ourense; capa C4; p ajustado no aplica (estimación, sin contraste)"
B1,B1_R_32,componente R 2026-2035 (central; rango en tabla),2026,2035,1,,,,,0.0,,"Ourense; capa C4; p ajustado no aplica (estimación, sin contraste)"
B1,B1_V_32,componente V 2026-2035 (central; rango en tabla),2026,2035,1,,,,,304.40000000000003,,"Ourense; capa C4; p ajustado no aplica (estimación, sin contraste)"
B1,B1_F_32,componente F 2026-2035 (central; rango en tabla),2026,2035,1,,,,,5469.0,,"Ourense; capa C2; p ajustado no aplica (estimación, sin contraste)"
B1,B1_M_32,componente M 2026-2035 (central; rango en tabla),2026,2035,1,,,,,23856.0,,"Ourense; capa C4; p ajustado no aplica (estimación, sin contraste)"
B1,B1_K_32,componente K 2026-2035 (central; rango en tabla),2026,2035,1,,,,,57.0,,"Ourense; capa C4; p ajustado no aplica (estimación, sin contraste)"
B1,B1_L_32,componente L 2026-2035 (central; rango en tabla),2026,2035,1,,,,,14962.128091451887,,"Ourense; capa C4; p ajustado no aplica (estimación, sin contraste)"
B1,B1_N_32,componente N 2026-2035 (central; rango en tabla),2026,2035,1,,,,,-12357.6466,,"Ourense; capa C4; p ajustado no aplica (estimación, sin contraste)"
B1,B1_A_33,componente A 2026-2035 (central; rango en tabla),2026,2035,1,,,,,11348.943,,"Asturias; capa C4; p ajustado no aplica (estimación, sin contraste)"
B1,B1_R_33,componente R 2026-2035 (central; rango en tabla),2026,2035,1,,,,,0.0,,"Asturias; capa C4; p ajustado no aplica (estimación, sin contraste)"
B1,B1_V_33,componente V 2026-2035 (central; rango en tabla),2026,2035,1,,,,,1163.68,,"Asturias; capa C4; p ajustado no aplica (estimación, sin contraste)"
B1,B1_F_33,componente F 2026-2035 (central; rango en tabla),2026,2035,1,,,,,12467.0,,"Asturias; capa C2; p ajustado no aplica (estimación, sin contraste)"
B1,B1_M_33,componente M 2026-2035 (central; rango en tabla),2026,2035,1,,,,,20142.800000000003,,"Asturias; capa C4; p ajustado no aplica (estimación, sin contraste)"
B1,B1_K_33,componente K 2026-2035 (central; rango en tabla),2026,2035,1,,,,,1675.0,,"Asturias; capa C4; p ajustado no aplica (estimación, sin contraste)"
B1,B1_L_33,componente L 2026-2035 (central; rango en tabla),2026,2035,1,,,,,41310.56419017525,,"Asturias; capa C4; p ajustado no aplica (estimación, sin contraste)"
B1,B1_N_33,componente N 2026-2035 (central; rango en tabla),2026,2035,1,,,,,3161.8229999999967,,"Asturias; capa C4; p ajustado no aplica (estimación, sin contraste)"
B1,B1_A_34,componente A 2026-2035 (central; rango en tabla),2026,2035,1,,,,,2177.6342,,"Palencia; capa C4; p ajustado no aplica (estimación, sin contraste)"
B1,B1_R_34,componente R 2026-2035 (central; rango en tabla),2026,2035,1,,,,,255.17268062259072,,"Palencia; capa C4; p ajustado no aplica (estimación, sin contraste)"
B1,B1_V_34,componente V 2026-2035 (central; rango en tabla),2026,2035,1,,,,,129.1,,"Palencia; capa C4; p ajustado no aplica (estimación, sin contraste)"
B1,B1_F_34,componente F 2026-2035 (central; rango en tabla),2026,2035,1,,,,,-1073.0,,"Palencia; capa C2; p ajustado no aplica (estimación, sin contraste)"
B1,B1_M_34,componente M 2026-2035 (central; rango en tabla),2026,2035,1,,,,,3559.8,,"Palencia; capa C4; p ajustado no aplica (estimación, sin contraste)"
B1,B1_K_34,componente K 2026-2035 (central; rango en tabla),2026,2035,1,,,,,0.0,,"Palencia; capa C4; p ajustado no aplica (estimación, sin contraste)"
B1,B1_L_34,componente L 2026-2035 (central; rango en tabla),2026,2035,1,,,,,6315.519234125678,,"Palencia; capa C4; p ajustado no aplica (estimación, sin contraste)"
B1,B1_N_34,componente N 2026-2035 (central; rango en tabla),2026,2035,1,,,,,-2070.8931193774097,,"Palencia; capa C4; p ajustado no aplica (estimación, sin contraste)"
B1,B1_A_35,componente A 2026-2035 (central; rango en tabla),2026,2035,1,,,,,28259.9296,,"Palmas, Las; capa C4; p ajustado no aplica (estimación, sin contraste)"
B1,B1_R_35,componente R 2026-2035 (central; rango en tabla),2026,2035,1,,,,,0.0,,"Palmas, Las; capa C4; p ajustado no aplica (estimación, sin contraste)"
B1,B1_V_35,componente V 2026-2035 (central; rango en tabla),2026,2035,1,,,,,1840.82,,"Palmas, Las; capa C4; p ajustado no aplica (estimación, sin contraste)"
B1,B1_F_35,componente F 2026-2035 (central; rango en tabla),2026,2035,1,,,,,43461.0,,"Palmas, Las; capa C2; p ajustado no aplica (estimación, sin contraste)"
B1,B1_M_35,componente M 2026-2035 (central; rango en tabla),2026,2035,1,,,,,20097.2,,"Palmas, Las; capa C4; p ajustado no aplica (estimación, sin contraste)"
B1,B1_K_35,componente K 2026-2035 (central; rango en tabla),2026,2035,1,,,,,3427.0,,"Palmas, Las; capa C4; p ajustado no aplica (estimación, sin contraste)"
B1,B1_L_35,componente L 2026-2035 (central; rango en tabla),2026,2035,1,,,,,27217.19758435319,,"Palmas, Las; capa C4; p ajustado no aplica (estimación, sin contraste)"
B1,B1_N_35,componente N 2026-2035 (central; rango en tabla),2026,2035,1,,,,,50037.5496,,"Palmas, Las; capa C4; p ajustado no aplica (estimación, sin contraste)"
B1,B1_A_36,componente A 2026-2035 (central; rango en tabla),2026,2035,1,,,,,14232.8001,,"Pontevedra; capa C4; p ajustado no aplica (estimación, sin contraste)"
B1,B1_R_36,componente R 2026-2035 (central; rango en tabla),2026,2035,1,,,,,0.0,,"Pontevedra; capa C4; p ajustado no aplica (estimación, sin contraste)"
B1,B1_V_36,componente V 2026-2035 (central; rango en tabla),2026,2035,1,,,,,840.0,,"Pontevedra; capa C4; p ajustado no aplica (estimación, sin contraste)"
B1,B1_F_36,componente F 2026-2035 (central; rango en tabla),2026,2035,1,,,,,16308.0,,"Pontevedra; capa C2; p ajustado no aplica (estimación, sin contraste)"
B1,B1_M_36,componente M 2026-2035 (central; rango en tabla),2026,2035,1,,,,,24678.0,,"Pontevedra; capa C4; p ajustado no aplica (estimación, sin contraste)"
B1,B1_K_36,componente K 2026-2035 (central; rango en tabla),2026,2035,1,,,,,2021.5,,"Pontevedra; capa C4; p ajustado no aplica (estimación, sin contraste)"
B1,B1_L_36,componente L 2026-2035 (central; rango en tabla),2026,2035,1,,,,,32932.91528125393,,"Pontevedra; capa C4; p ajustado no aplica (estimación, sin contraste)"
B1,B1_N_36,componente N 2026-2035 (central; rango en tabla),2026,2035,1,,,,,4681.3001,,"Pontevedra; capa C4; p ajustado no aplica (estimación, sin contraste)"
B1,B1_A_37,componente A 2026-2035 (central; rango en tabla),2026,2035,1,,,,,6223.9308,,"Salamanca; capa C4; p ajustado no aplica (estimación, sin contraste)"
B1,B1_R_37,componente R 2026-2035 (central; rango en tabla),2026,2035,1,,,,,391.9754938052325,,"Salamanca; capa C4; p ajustado no aplica (estimación, sin contraste)"
B1,B1_V_37,componente V 2026-2035 (central; rango en tabla),2026,2035,1,,,,,306.62,,"Salamanca; capa C4; p ajustado no aplica (estimación, sin contraste)"
B1,B1_F_37,componente F 2026-2035 (central; rango en tabla),2026,2035,1,,,,,4249.0,,"Salamanca; capa C2; p ajustado no aplica (estimación, sin contraste)"
B1,B1_M_37,componente M 2026-2035 (central; rango en tabla),2026,2035,1,,,,,8133.8,,"Salamanca; capa C4; p ajustado no aplica (estimación, sin contraste)"
B1,B1_K_37,componente K 2026-2035 (central; rango en tabla),2026,2035,1,,,,,73.5,,"Salamanca; capa C4; p ajustado no aplica (estimación, sin contraste)"
B1,B1_L_37,componente L 2026-2035 (central; rango en tabla),2026,2035,1,,,,,12549.842030456775,,"Salamanca; capa C4; p ajustado no aplica (estimación, sin contraste)"
B1,B1_N_37,componente N 2026-2035 (central; rango en tabla),2026,2035,1,,,,,2964.2262938052327,,"Salamanca; capa C4; p ajustado no aplica (estimación, sin contraste)"
B1,B1_A_38,componente A 2026-2035 (central; rango en tabla),2026,2035,1,,,,,25085.5326,,"Santa Cruz de Tenerife; capa C4; p ajustado no aplica (estimación, sin contraste)"
B1,B1_R_38,componente R 2026-2035 (central; rango en tabla),2026,2035,1,,,,,0.0,,"Santa Cruz de Tenerife; capa C4; p ajustado no aplica (estimación, sin contraste)"
B1,B1_V_38,componente V 2026-2035 (central; rango en tabla),2026,2035,1,,,,,1762.76,,"Santa Cruz de Tenerife; capa C4; p ajustado no aplica (estimación, sin contraste)"
B1,B1_F_38,componente F 2026-2035 (central; rango en tabla),2026,2035,1,,,,,37715.0,,"Santa Cruz de Tenerife; capa C2; p ajustado no aplica (estimación, sin contraste)"
B1,B1_M_38,componente M 2026-2035 (central; rango en tabla),2026,2035,1,,,,,22193.2,,"Santa Cruz de Tenerife; capa C4; p ajustado no aplica (estimación, sin contraste)"
B1,B1_K_38,componente K 2026-2035 (central; rango en tabla),2026,2035,1,,,,,462.5,,"Santa Cruz de Tenerife; capa C4; p ajustado no aplica (estimación, sin contraste)"
B1,B1_L_38,componente L 2026-2035 (central; rango en tabla),2026,2035,1,,,,,28134.314335473515,,"Santa Cruz de Tenerife; capa C4; p ajustado no aplica (estimación, sin contraste)"
B1,B1_N_38,componente N 2026-2035 (central; rango en tabla),2026,2035,1,,,,,41907.5926,,"Santa Cruz de Tenerife; capa C4; p ajustado no aplica (estimación, sin contraste)"
B1,B1_A_39,componente A 2026-2035 (central; rango en tabla),2026,2035,1,,,,,10631.2092,,"Cantabria; capa C4; p ajustado no aplica (estimación, sin contraste)"
B1,B1_R_39,componente R 2026-2035 (central; rango en tabla),2026,2035,1,,,,,1379.9401077335863,,"Cantabria; capa C4; p ajustado no aplica (estimación, sin contraste)"
B1,B1_V_39,componente V 2026-2035 (central; rango en tabla),2026,2035,1,,,,,551.2,,"Cantabria; capa C4; p ajustado no aplica (estimación, sin contraste)"
B1,B1_F_39,componente F 2026-2035 (central; rango en tabla),2026,2035,1,,,,,15649.0,,"Cantabria; capa C2; p ajustado no aplica (estimación, sin contraste)"
B1,B1_M_39,componente M 2026-2035 (central; rango en tabla),2026,2035,1,,,,,9874.400000000001,,"Cantabria; capa C4; p ajustado no aplica (estimación, sin contraste)"
B1,B1_K_39,componente K 2026-2035 (central; rango en tabla),2026,2035,1,,,,,1385.0,,"Cantabria; capa C4; p ajustado no aplica (estimación, sin contraste)"
B1,B1_L_39,componente L 2026-2035 (central; rango en tabla),2026,2035,1,,,,,19738.356585874168,,"Cantabria; capa C4; p ajustado no aplica (estimación, sin contraste)"
B1,B1_N_39,componente N 2026-2035 (central; rango en tabla),2026,2035,1,,,,,16951.949307733586,,"Cantabria; capa C4; p ajustado no aplica (estimación, sin contraste)"
B1,B1_A_40,componente A 2026-2035 (central; rango en tabla),2026,2035,1,,,,,3443.5348000000004,,"Segovia; capa C4; p ajustado no aplica (estimación, sin contraste)"
B1,B1_R_40,componente R 2026-2035 (central; rango en tabla),2026,2035,1,,,,,253.6215041724393,,"Segovia; capa C4; p ajustado no aplica (estimación, sin contraste)"
B1,B1_V_40,componente V 2026-2035 (central; rango en tabla),2026,2035,1,,,,,170.78,,"Segovia; capa C4; p ajustado no aplica (estimación, sin contraste)"
B1,B1_F_40,componente F 2026-2035 (central; rango en tabla),2026,2035,1,,,,,4863.0,,"Segovia; capa C2; p ajustado no aplica (estimación, sin contraste)"
B1,B1_M_40,componente M 2026-2035 (central; rango en tabla),2026,2035,1,,,,,6956.8,,"Segovia; capa C4; p ajustado no aplica (estimación, sin contraste)"
B1,B1_K_40,componente K 2026-2035 (central; rango en tabla),2026,2035,1,,,,,148.0,,"Segovia; capa C4; p ajustado no aplica (estimación, sin contraste)"
B1,B1_L_40,componente L 2026-2035 (central; rango en tabla),2026,2035,1,,,,,5285.373740095125,,"Segovia; capa C4; p ajustado no aplica (estimación, sin contraste)"
B1,B1_N_40,componente N 2026-2035 (central; rango en tabla),2026,2035,1,,,,,1626.136304172439,,"Segovia; capa C4; p ajustado no aplica (estimación, sin contraste)"
B1,B1_A_41,componente A 2026-2035 (central; rango en tabla),2026,2035,1,,,,,30764.0092,,"Sevilla; capa C4; p ajustado no aplica (estimación, sin contraste)"
B1,B1_R_41,componente R 2026-2035 (central; rango en tabla),2026,2035,1,,,,,0.0,,"Sevilla; capa C4; p ajustado no aplica (estimación, sin contraste)"
B1,B1_V_41,componente V 2026-2035 (central; rango en tabla),2026,2035,1,,,,,1506.42,,"Sevilla; capa C4; p ajustado no aplica (estimación, sin contraste)"
B1,B1_F_41,componente F 2026-2035 (central; rango en tabla),2026,2035,1,,,,,41524.0,,"Sevilla; capa C2; p ajustado no aplica (estimación, sin contraste)"
B1,B1_M_41,componente M 2026-2035 (central; rango en tabla),2026,2035,1,,,,,19459.4,,"Sevilla; capa C4; p ajustado no aplica (estimación, sin contraste)"
B1,B1_K_41,componente K 2026-2035 (central; rango en tabla),2026,2035,1,,,,,7319.5,,"Sevilla; capa C4; p ajustado no aplica (estimación, sin contraste)"
B1,B1_L_41,componente L 2026-2035 (central; rango en tabla),2026,2035,1,,,,,53723.64299894297,,"Sevilla; capa C4; p ajustado no aplica (estimación, sin contraste)"
B1,B1_N_41,componente N 2026-2035 (central; rango en tabla),2026,2035,1,,,,,47015.5292,,"Sevilla; capa C4; p ajustado no aplica (estimación, sin contraste)"
B1,B1_A_42,componente A 2026-2035 (central; rango en tabla),2026,2035,1,,,,,522.4607000000001,,"Soria; capa C4; p ajustado no aplica (estimación, sin contraste)"
B1,B1_R_42,componente R 2026-2035 (central; rango en tabla),2026,2035,1,,,,,329.09659183967204,,"Soria; capa C4; p ajustado no aplica (estimación, sin contraste)"
B1,B1_V_42,componente V 2026-2035 (central; rango en tabla),2026,2035,1,,,,,84.72,,"Soria; capa C4; p ajustado no aplica (estimación, sin contraste)"
B1,B1_F_42,componente F 2026-2035 (central; rango en tabla),2026,2035,1,,,,,1965.0,,"Soria; capa C2; p ajustado no aplica (estimación, sin contraste)"
B1,B1_M_42,componente M 2026-2035 (central; rango en tabla),2026,2035,1,,,,,4215.0,,"Soria; capa C4; p ajustado no aplica (estimación, sin contraste)"
B1,B1_K_42,componente K 2026-2035 (central; rango en tabla),2026,2035,1,,,,,530.0,,"Soria; capa C4; p ajustado no aplica (estimación, sin contraste)"
B1,B1_L_42,componente L 2026-2035 (central; rango en tabla),2026,2035,1,,,,,3380.967819683975,,"Soria; capa C4; p ajustado no aplica (estimación, sin contraste)"
B1,B1_N_42,componente N 2026-2035 (central; rango en tabla),2026,2035,1,,,,,-1843.7227081603278,,"Soria; capa C4; p ajustado no aplica (estimación, sin contraste)"
B1,B1_A_43,componente A 2026-2035 (central; rango en tabla),2026,2035,1,,,,,33863.1566,,"Tarragona; capa C4; p ajustado no aplica (estimación, sin contraste)"
B1,B1_R_43,componente R 2026-2035 (central; rango en tabla),2026,2035,1,,,,,0.0,,"Tarragona; capa C4; p ajustado no aplica (estimación, sin contraste)"
B1,B1_V_43,componente V 2026-2035 (central; rango en tabla),2026,2035,1,,,,,1227.2,,"Tarragona; capa C4; p ajustado no aplica (estimación, sin contraste)"
B1,B1_F_43,componente F 2026-2035 (central; rango en tabla),2026,2035,1,,,,,56041.0,,"Tarragona; capa C2; p ajustado no aplica (estimación, sin contraste)"
B1,B1_M_43,componente M 2026-2035 (central; rango en tabla),2026,2035,1,,,,,17585.600000000002,,"Tarragona; capa C4; p ajustado no aplica (estimación, sin contraste)"
B1,B1_K_43,componente K 2026-2035 (central; rango en tabla),2026,2035,1,,,,,1201.0,,"Tarragona; capa C4; p ajustado no aplica (estimación, sin contraste)"
B1,B1_L_43,componente L 2026-2035 (central; rango en tabla),2026,2035,1,,,,,25285.859714057537,,"Tarragona; capa C4; p ajustado no aplica (estimación, sin contraste)"
B1,B1_N_43,componente N 2026-2035 (central; rango en tabla),2026,2035,1,,,,,72344.7566,,"Tarragona; capa C4; p ajustado no aplica (estimación, sin contraste)"
B1,B1_A_44,componente A 2026-2035 (central; rango en tabla),2026,2035,1,,,,,2219.6841,,"Teruel; capa C4; p ajustado no aplica (estimación, sin contraste)"
B1,B1_R_44,componente R 2026-2035 (central; rango en tabla),2026,2035,1,,,,,0.0,,"Teruel; capa C4; p ajustado no aplica (estimación, sin contraste)"
B1,B1_V_44,componente V 2026-2035 (central; rango en tabla),2026,2035,1,,,,,104.54,,"Teruel; capa C4; p ajustado no aplica (estimación, sin contraste)"
B1,B1_F_44,componente F 2026-2035 (central; rango en tabla),2026,2035,1,,,,,2837.0,,"Teruel; capa C2; p ajustado no aplica (estimación, sin contraste)"
B1,B1_M_44,componente M 2026-2035 (central; rango en tabla),2026,2035,1,,,,,6602.0,,"Teruel; capa C4; p ajustado no aplica (estimación, sin contraste)"
B1,B1_K_44,componente K 2026-2035 (central; rango en tabla),2026,2035,1,,,,,196.5,,"Teruel; capa C4; p ajustado no aplica (estimación, sin contraste)"
B1,B1_L_44,componente L 2026-2035 (central; rango en tabla),2026,2035,1,,,,,5222.935000917087,,"Teruel; capa C4; p ajustado no aplica (estimación, sin contraste)"
B1,B1_N_44,componente N 2026-2035 (central; rango en tabla),2026,2035,1,,,,,-1637.2759000000005,,"Teruel; capa C4; p ajustado no aplica (estimación, sin contraste)"
B1,B1_A_45,componente A 2026-2035 (central; rango en tabla),2026,2035,1,,,,,23908.5655,,"Toledo; capa C4; p ajustado no aplica (estimación, sin contraste)"
B1,B1_R_45,componente R 2026-2035 (central; rango en tabla),2026,2035,1,,,,,0.0,,"Toledo; capa C4; p ajustado no aplica (estimación, sin contraste)"
B1,B1_V_45,componente V 2026-2035 (central; rango en tabla),2026,2035,1,,,,,625.58,,"Toledo; capa C4; p ajustado no aplica (estimación, sin contraste)"
B1,B1_F_45,componente F 2026-2035 (central; rango en tabla),2026,2035,1,,,,,35401.0,,"Toledo; capa C2; p ajustado no aplica (estimación, sin contraste)"
B1,B1_M_45,componente M 2026-2035 (central; rango en tabla),2026,2035,1,,,,,17773.2,,"Toledo; capa C4; p ajustado no aplica (estimación, sin contraste)"
B1,B1_K_45,componente K 2026-2035 (central; rango en tabla),2026,2035,1,,,,,2150.5,,"Toledo; capa C4; p ajustado no aplica (estimación, sin contraste)"
B1,B1_L_45,componente L 2026-2035 (central; rango en tabla),2026,2035,1,,,,,19902.99996111634,,"Toledo; capa C4; p ajustado no aplica (estimación, sin contraste)"
B1,B1_N_45,componente N 2026-2035 (central; rango en tabla),2026,2035,1,,,,,40011.4455,,"Toledo; capa C4; p ajustado no aplica (estimación, sin contraste)"
B1,B1_A_46,componente A 2026-2035 (central; rango en tabla),2026,2035,1,,,,,87018.0154,,"Valencia/València; capa C4; p ajustado no aplica (estimación, sin contraste)"
B1,B1_R_46,componente R 2026-2035 (central; rango en tabla),2026,2035,1,,,,,0.0,,"Valencia/València; capa C4; p ajustado no aplica (estimación, sin contraste)"
B1,B1_V_46,componente V 2026-2035 (central; rango en tabla),2026,2035,1,,,,,2844.06,,"Valencia/València; capa C4; p ajustado no aplica (estimación, sin contraste)"
B1,B1_F_46,componente F 2026-2035 (central; rango en tabla),2026,2035,1,,,,,118305.0,,"Valencia/València; capa C2; p ajustado no aplica (estimación, sin contraste)"
B1,B1_M_46,componente M 2026-2035 (central; rango en tabla),2026,2035,1,,,,,34509.200000000004,,"Valencia/València; capa C4; p ajustado no aplica (estimación, sin contraste)"
B1,B1_K_46,componente K 2026-2035 (central; rango en tabla),2026,2035,1,,,,,3726.0,,"Valencia/València; capa C4; p ajustado no aplica (estimación, sin contraste)"
B1,B1_L_46,componente L 2026-2035 (central; rango en tabla),2026,2035,1,,,,,78467.6612373568,,"Valencia/València; capa C4; p ajustado no aplica (estimación, sin contraste)"
B1,B1_N_46,componente N 2026-2035 (central; rango en tabla),2026,2035,1,,,,,169931.8754,,"Valencia/València; capa C4; p ajustado no aplica (estimación, sin contraste)"
B1,B1_A_47,componente A 2026-2035 (central; rango en tabla),2026,2035,1,,,,,9056.669899999999,,"Valladolid; capa C4; p ajustado no aplica (estimación, sin contraste)"
B1,B1_R_47,componente R 2026-2035 (central; rango en tabla),2026,2035,1,,,,,0.0,,"Valladolid; capa C4; p ajustado no aplica (estimación, sin contraste)"
B1,B1_V_47,componente V 2026-2035 (central; rango en tabla),2026,2035,1,,,,,575.54,,"Valladolid; capa C4; p ajustado no aplica (estimación, sin contraste)"
B1,B1_F_47,componente F 2026-2035 (central; rango en tabla),2026,2035,1,,,,,11280.0,,"Valladolid; capa C2; p ajustado no aplica (estimación, sin contraste)"
B1,B1_M_47,componente M 2026-2035 (central; rango en tabla),2026,2035,1,,,,,5325.400000000001,,"Valladolid; capa C4; p ajustado no aplica (estimación, sin contraste)"
B1,B1_K_47,componente K 2026-2035 (central; rango en tabla),2026,2035,1,,,,,1040.5,,"Valladolid; capa C4; p ajustado no aplica (estimación, sin contraste)"
B1,B1_L_47,componente L 2026-2035 (central; rango en tabla),2026,2035,1,,,,,17573.363203827637,,"Valladolid; capa C4; p ajustado no aplica (estimación, sin contraste)"
B1,B1_N_47,componente N 2026-2035 (central; rango en tabla),2026,2035,1,,,,,14546.309899999997,,"Valladolid; capa C4; p ajustado no aplica (estimación, sin contraste)"
B1,B1_A_48,componente A 2026-2035 (central; rango en tabla),2026,2035,1,,,,,18867.209600000002,,"Bizkaia; capa C4; p ajustado no aplica (estimación, sin contraste)"
B1,B1_R_48,componente R 2026-2035 (central; rango en tabla),2026,2035,1,,,,,1070.3441066347161,,"Bizkaia; capa C4; p ajustado no aplica (estimación, sin contraste)"
B1,B1_V_48,componente V 2026-2035 (central; rango en tabla),2026,2035,1,,,,,1179.24,,"Bizkaia; capa C4; p ajustado no aplica (estimación, sin contraste)"
B1,B1_F_48,componente F 2026-2035 (central; rango en tabla),2026,2035,1,,,,,22868.0,,"Bizkaia; capa C2; p ajustado no aplica (estimación, sin contraste)"
B1,B1_M_48,componente M 2026-2035 (central; rango en tabla),2026,2035,1,,,,,6803.400000000001,,"Bizkaia; capa C4; p ajustado no aplica (estimación, sin contraste)"
B1,B1_K_48,componente K 2026-2035 (central; rango en tabla),2026,2035,1,,,,,1055.0,,"Bizkaia; capa C4; p ajustado no aplica (estimación, sin contraste)"
B1,B1_L_48,componente L 2026-2035 (central; rango en tabla),2026,2035,1,,,,,38557.42095966133,,"Bizkaia; capa C4; p ajustado no aplica (estimación, sin contraste)"
B1,B1_N_48,componente N 2026-2035 (central; rango en tabla),2026,2035,1,,,,,36126.39370663472,,"Bizkaia; capa C4; p ajustado no aplica (estimación, sin contraste)"
B1,B1_A_49,componente A 2026-2035 (central; rango en tabla),2026,2035,1,,,,,2292.4555,,"Zamora; capa C4; p ajustado no aplica (estimación, sin contraste)"
B1,B1_R_49,componente R 2026-2035 (central; rango en tabla),2026,2035,1,,,,,1437.1207825347321,,"Zamora; capa C4; p ajustado no aplica (estimación, sin contraste)"
B1,B1_V_49,componente V 2026-2035 (central; rango en tabla),2026,2035,1,,,,,110.38,,"Zamora; capa C4; p ajustado no aplica (estimación, sin contraste)"
B1,B1_F_49,componente F 2026-2035 (central; rango en tabla),2026,2035,1,,,,,-465.0,,"Zamora; capa C2; p ajustado no aplica (estimación, sin contraste)"
B1,B1_M_49,componente M 2026-2035 (central; rango en tabla),2026,2035,1,,,,,8080.8,,"Zamora; capa C4; p ajustado no aplica (estimación, sin contraste)"
B1,B1_K_49,componente K 2026-2035 (central; rango en tabla),2026,2035,1,,,,,40.5,,"Zamora; capa C4; p ajustado no aplica (estimación, sin contraste)"
B1,B1_L_49,componente L 2026-2035 (central; rango en tabla),2026,2035,1,,,,,7803.889533961867,,"Zamora; capa C4; p ajustado no aplica (estimación, sin contraste)"
B1,B1_N_49,componente N 2026-2035 (central; rango en tabla),2026,2035,1,,,,,-4746.343717465268,,"Zamora; capa C4; p ajustado no aplica (estimación, sin contraste)"
B1,B1_A_50,componente A 2026-2035 (central; rango en tabla),2026,2035,1,,,,,23517.2603,,"Zaragoza; capa C4; p ajustado no aplica (estimación, sin contraste)"
B1,B1_R_50,componente R 2026-2035 (central; rango en tabla),2026,2035,1,,,,,668.922448310773,,"Zaragoza; capa C4; p ajustado no aplica (estimación, sin contraste)"
B1,B1_V_50,componente V 2026-2035 (central; rango en tabla),2026,2035,1,,,,,1299.4,,"Zaragoza; capa C4; p ajustado no aplica (estimación, sin contraste)"
B1,B1_F_50,componente F 2026-2035 (central; rango en tabla),2026,2035,1,,,,,27558.0,,"Zaragoza; capa C2; p ajustado no aplica (estimación, sin contraste)"
B1,B1_M_50,componente M 2026-2035 (central; rango en tabla),2026,2035,1,,,,,13405.400000000001,,"Zaragoza; capa C4; p ajustado no aplica (estimación, sin contraste)"
B1,B1_K_50,componente K 2026-2035 (central; rango en tabla),2026,2035,1,,,,,1967.5,,"Zaragoza; capa C4; p ajustado no aplica (estimación, sin contraste)"
B1,B1_L_50,componente L 2026-2035 (central; rango en tabla),2026,2035,1,,,,,31608.65346135244,,"Zaragoza; capa C4; p ajustado no aplica (estimación, sin contraste)"
B1,B1_N_50,componente N 2026-2035 (central; rango en tabla),2026,2035,1,,,,,37670.68274831077,,"Zaragoza; capa C4; p ajustado no aplica (estimación, sin contraste)"
B1,B1_A_51,componente A 2026-2035 (central; rango en tabla),2026,2035,1,,,,,1710.6721,,"Ceuta; capa C4; p ajustado no aplica (estimación, sin contraste)"
B1,B1_R_51,componente R 2026-2035 (central; rango en tabla),2026,2035,1,,,,,0.0,,"Ceuta; capa C4; p ajustado no aplica (estimación, sin contraste)"
B1,B1_V_51,componente V 2026-2035 (central; rango en tabla),2026,2035,1,,,,,0.0,,"Ceuta; capa C4; p ajustado no aplica (estimación, sin contraste)"
B1,B1_F_51,componente F 2026-2035 (central; rango en tabla),2026,2035,1,,,,,1419.0,,"Ceuta; capa C2; p ajustado no aplica (estimación, sin contraste)"
B1,B1_M_51,componente M 2026-2035 (central; rango en tabla),2026,2035,1,,,,,0.0,,"Ceuta; capa C4; p ajustado no aplica (estimación, sin contraste)"
B1,B1_K_51,componente K 2026-2035 (central; rango en tabla),2026,2035,1,,,,,0.0,,"Ceuta; capa C4; p ajustado no aplica (estimación, sin contraste)"
B1,B1_L_51,componente L 2026-2035 (central; rango en tabla),2026,2035,1,,,,,2662.9311764392787,,"Ceuta; capa C4; p ajustado no aplica (estimación, sin contraste)"
B1,B1_N_51,componente N 2026-2035 (central; rango en tabla),2026,2035,1,,,,,3129.6721,,"Ceuta; capa C4; p ajustado no aplica (estimación, sin contraste)"
B1,B1_A_52,componente A 2026-2035 (central; rango en tabla),2026,2035,1,,,,,1698.1552,,"Melilla; capa C4; p ajustado no aplica (estimación, sin contraste)"
B1,B1_R_52,componente R 2026-2035 (central; rango en tabla),2026,2035,1,,,,,0.0,,"Melilla; capa C4; p ajustado no aplica (estimación, sin contraste)"
B1,B1_V_52,componente V 2026-2035 (central; rango en tabla),2026,2035,1,,,,,0.0,,"Melilla; capa C4; p ajustado no aplica (estimación, sin contraste)"
B1,B1_F_52,componente F 2026-2035 (central; rango en tabla),2026,2035,1,,,,,2388.0,,"Melilla; capa C2; p ajustado no aplica (estimación, sin contraste)"
B1,B1_M_52,componente M 2026-2035 (central; rango en tabla),2026,2035,1,,,,,0.0,,"Melilla; capa C4; p ajustado no aplica (estimación, sin contraste)"
B1,B1_K_52,componente K 2026-2035 (central; rango en tabla),2026,2035,1,,,,,56.0,,"Melilla; capa C4; p ajustado no aplica (estimación, sin contraste)"
B1,B1_L_52,componente L 2026-2035 (central; rango en tabla),2026,2035,1,,,,,2573.0670222636218,,"Melilla; capa C4; p ajustado no aplica (estimación, sin contraste)"
B1,B1_N_52,componente N 2026-2035 (central; rango en tabla),2026,2035,1,,,,,4030.1552,,"Melilla; capa C4; p ajustado no aplica (estimación, sin contraste)"
B1,B1_nac_F_alt_jefatura_constante,suma provincial,2026,2035,52,,,,,1360404.4948534907,,método alternativo
B1,B1_nac_R_censo,suma provincial,2026,2035,52,,,,,-687579.0,,método alternativo
B1,B1_nac_R_catastro,suma provincial,2026,2035,52,,,,,-397057.0,,método alternativo
