cod_prov,provincia,precio_eur_m2,suelo_eur_m2,deficit_2021_2025_mediana,uu_solar,cobertura_solares_10viv,brecha_central,brecha_min,brecha_max,brecha_p10,brecha_p90,pct_brecha_positiva,clase_central,clase_modal,estabilidad_pct,n_especificaciones,pct_clase_1,pct_clase_2,pct_clase_3,pct_clase_4,pct_clase_5,pct_clase_9,capa_fuente_deficit,capa,capa_efectiva,clase_etiqueta
01,Araba/Álava,2443.925,221.976,6130.265,,,818.945,98.308,1270.190,330.181,1173.617,100.000,2,2,77.778,1944,0.000,77.778,0.000,0.000,0.000,22.222,C4,C4,C4,2 falta y brecha regulatoria
02,Albacete,1171.250,114.311,4045.765,26776.000,66.183,-364.009,-1210.165,64.805,-956.957,-25.195,5.556,3,3,62.963,1944,3.704,0.000,62.963,33.333,0.000,0.000,C4,C4,C4,3 falta pero no rentable
03,Alicante/Alacant,1936.200,252.164,66656.485,71601.000,10.742,286.064,-383.012,743.598,-179.005,646.064,68.519,2,2,44.444,1944,24.074,44.444,31.481,0.000,0.000,0.000,C1,C4,C4,2 falta y brecha regulatoria
04,Almería,1424.975,183.500,17912.140,43125.000,24.076,-167.942,-746.373,275.287,-602.942,192.409,33.333,3,3,66.667,1944,19.444,13.889,66.667,0.000,0.000,0.000,C1,C4,C4,3 falta pero no rentable
05,Ávila,1102.625,67.263,1839.578,38426.000,208.885,-393.427,-913.254,25.586,-828.427,-26.294,3.704,3,3,64.198,1944,2.469,0.000,64.198,33.333,0.000,0.000,C4,C4,C4,3 falta pero no rentable
06,Badajoz,981.825,116.336,1928.576,38429.000,199.261,-555.122,-1199.806,-125.885,-1038.595,-206.491,0.000,3,3,66.667,1944,0.000,0.000,66.667,33.333,0.000,0.000,C4,C4,C4,3 falta pero no rentable
07,"Balears, Illes",3837.175,420.254,27956.184,43531.000,15.571,2046.964,1270.761,2539.516,1511.858,2411.468,100.000,2,2,100.000,1944,0.000,100.000,0.000,0.000,0.000,0.000,C1,C2,C2,2 falta y brecha regulatoria
08,Barcelona,3118.950,217.324,114899.636,122064.000,10.624,1497.847,759.116,1948.123,995.727,1841.533,100.000,2,2,100.000,1944,0.000,100.000,0.000,0.000,0.000,0.000,C1,C2,C2,2 falta y brecha regulatoria
09,Burgos,1404.375,74.589,4486.005,72192.000,160.927,-97.782,-972.040,322.757,-721.332,232.757,24.074,3,3,50.617,1944,10.494,5.556,50.617,33.333,0.000,0.000,C4,C4,C4,3 falta pero no rentable
10,Cáceres,927.575,120.552,1058.195,37924.000,358.384,-612.885,-1319.938,-182.770,-1120.767,-272.770,0.000,3,3,66.667,1944,0.000,0.000,66.667,33.333,0.000,0.000,C4,C4,C4,3 falta pero no rentable
