fecha,periodo,serie,valor,unidad,fuente,url,territorio,nivel,codigo,cod_serie,tabla,nombre_ine,medida,desglose
2002-01-01,2002T1,ECP77023_00_espanola_0-19,8081187.0,personas,INE,https://servicios.ine.es/wstempus/js/ES/DATOS_SERIE/<COD>?nult=400,España,nacional,00,,77023,Suma de grupos quinquenales INE (agregado),poblacion_residente_1_enero,nacionalidad=Española; edad=0-19
2003-01-01,2003T1,ECP77023_00_espanola_0-19,7994310.0,personas,INE,https://servicios.ine.es/wstempus/js/ES/DATOS_SERIE/<COD>?nult=400,España,nacional,00,,77023,Suma de grupos quinquenales INE (agregado),poblacion_residente_1_enero,nacionalidad=Española; edad=0-19
2004-01-01,2004T1,ECP77023_00_espanola_0-19,7954964.0,personas,INE,https://servicios.ine.es/wstempus/js/ES/DATOS_SERIE/<COD>?nult=400,España,nacional,00,,77023,Suma de grupos quinquenales INE (agregado),poblacion_residente_1_enero,nacionalidad=Española; edad=0-19
2005-01-01,2005T1,ECP77023_00_espanola_0-19,7940501.0,personas,INE,https://servicios.ine.es/wstempus/js/ES/DATOS_SERIE/<COD>?nult=400,España,nacional,00,,77023,Suma de grupos quinquenales INE (agregado),poblacion_residente_1_enero,nacionalidad=Española; edad=0-19
2006-01-01,2006T1,ECP77023_00_espanola_0-19,7950979.0,personas,INE,https://servicios.ine.es/wstempus/js/ES/DATOS_SERIE/<COD>?nult=400,España,nacional,00,,77023,Suma de grupos quinquenales INE (agregado),poblacion_residente_1_enero,nacionalidad=Española; edad=0-19
2007-01-01,2007T1,ECP77023_00_espanola_0-19,7992014.0,personas,INE,https://servicios.ine.es/wstempus/js/ES/DATOS_SERIE/<COD>?nult=400,España,nacional,00,,77023,Suma de grupos quinquenales INE (agregado),poblacion_residente_1_enero,nacionalidad=Española; edad=0-19
2008-01-01,2008T1,ECP77023_00_espanola_0-19,8044987.0,personas,INE,https://servicios.ine.es/wstempus/js/ES/DATOS_SERIE/<COD>?nult=400,España,nacional,00,,77023,Suma de grupos quinquenales INE (agregado),poblacion_residente_1_enero,nacionalidad=Española; edad=0-19
2009-01-01,2009T1,ECP77023_00_espanola_0-19,8121460.0,personas,INE,https://servicios.ine.es/wstempus/js/ES/DATOS_SERIE/<COD>?nult=400,España,nacional,00,,77023,Suma de grupos quinquenales INE (agregado),poblacion_residente_1_enero,nacionalidad=Española; edad=0-19
2010-01-01,2010T1,ECP77023_00_espanola_0-19,8169171.0,personas,INE,https://servicios.ine.es/wstempus/js/ES/DATOS_SERIE/<COD>?nult=400,España,nacional,00,,77023,Suma de grupos quinquenales INE (agregado),poblacion_residente_1_enero,nacionalidad=Española; edad=0-19
2011-01-01,2011T1,ECP77023_00_espanola_0-19,8222402.0,personas,INE,https://servicios.ine.es/wstempus/js/ES/DATOS_SERIE/<COD>?nult=400,España,nacional,00,,77023,Suma de grupos quinquenales INE (agregado),poblacion_residente_1_enero,nacionalidad=Española; edad=0-19
2012-01-01,2012T1,ECP77023_00_espanola_0-19,8272527.0,personas,INE,https://servicios.ine.es/wstempus/js/ES/DATOS_SERIE/<COD>?nult=400,España,nacional,00,,77023,Suma de grupos quinquenales INE (agregado),poblacion_residente_1_enero,nacionalidad=Española; edad=0-19
2013-01-01,2013T1,ECP77023_00_espanola_0-19,8270259.0,personas,INE,https://servicios.ine.es/wstempus/js/ES/DATOS_SERIE/<COD>?nult=400,España,nacional,00,,77023,Suma de grupos quinquenales INE (agregado),poblacion_residente_1_enero,nacionalidad=Española; edad=0-19
2014-01-01,2014T1,ECP77023_00_espanola_0-19,8281313.0,personas,INE,https://servicios.ine.es/wstempus/js/ES/DATOS_SERIE/<COD>?nult=400,España,nacional,00,,77023,Suma de grupos quinquenales INE (agregado),poblacion_residente_1_enero,nacionalidad=Española; edad=0-19
2015-01-01,2015T1,ECP77023_00_espanola_0-19,8322478.0,personas,INE,https://servicios.ine.es/wstempus/js/ES/DATOS_SERIE/<COD>?nult=400,España,nacional,00,,77023,Suma de grupos quinquenales INE (agregado),poblacion_residente_1_enero,nacionalidad=Española; edad=0-19
2016-01-01,2016T1,ECP77023_00_espanola_0-19,8340492.0,personas,INE,https://servicios.ine.es/wstempus/js/ES/DATOS_SERIE/<COD>?nult=400,España,nacional,00,,77023,Suma de grupos quinquenales INE (agregado),poblacion_residente_1_enero,nacionalidad=Española; edad=0-19
2017-01-01,2017T1,ECP77023_00_espanola_0-19,8353290.0,personas,INE,https://servicios.ine.es/wstempus/js/ES/DATOS_SERIE/<COD>?nult=400,España,nacional,00,,77023,Suma de grupos quinquenales INE (agregado),poblacion_residente_1_enero,nacionalidad=Española; edad=0-19
2018-01-01,2018T1,ECP77023_00_espanola_0-19,8326999.0,personas,INE,https://servicios.ine.es/wstempus/js/ES/DATOS_SERIE/<COD>?nult=400,España,nacional,00,,77023,Suma de grupos quinquenales INE (agregado),poblacion_residente_1_enero,nacionalidad=Española; edad=0-19
2019-01-01,2019T1,ECP77023_00_espanola_0-19,8286970.0,personas,INE,https://servicios.ine.es/wstempus/js/ES/DATOS_SERIE/<COD>?nult=400,España,nacional,00,,77023,Suma de grupos quinquenales INE (agregado),poblacion_residente_1_enero,nacionalidad=Española; edad=0-19
2020-01-01,2020T1,ECP77023_00_espanola_0-19,8224894.0,personas,INE,https://servicios.ine.es/wstempus/js/ES/DATOS_SERIE/<COD>?nult=400,España,nacional,00,,77023,Suma de grupos quinquenales INE (agregado),poblacion_residente_1_enero,nacionalidad=Española; edad=0-19
2021-01-01,2021T1,ECP77023_00_espanola_0-19,8125415.0,personas,INE,https://servicios.ine.es/wstempus/js/ES/DATOS_SERIE/<COD>?nult=400,España,nacional,00,,77023,Suma de grupos quinquenales INE (agregado),poblacion_residente_1_enero,nacionalidad=Española; edad=0-19
2022-01-01,2022T1,ECP77023_00_espanola_0-19,8044849.0,personas,INE,https://servicios.ine.es/wstempus/js/ES/DATOS_SERIE/<COD>?nult=400,España,nacional,00,,77023,Suma de grupos quinquenales INE (agregado),poblacion_residente_1_enero,nacionalidad=Española; edad=0-19
2023-01-01,2023T1,ECP77023_00_espanola_0-19,7979363.0,personas,INE,https://servicios.ine.es/wstempus/js/ES/DATOS_SERIE/<COD>?nult=400,España,nacional,00,,77023,Suma de grupos quinquenales INE (agregado),poblacion_residente_1_enero,nacionalidad=Española; edad=0-19
2024-01-01,2024T1,ECP77023_00_espanola_0-19,7895154.0,personas,INE,https://servicios.ine.es/wstempus/js/ES/DATOS_SERIE/<COD>?nult=400,España,nacional,00,,77023,Suma de grupos quinquenales INE (agregado),poblacion_residente_1_enero,nacionalidad=Española; edad=0-19
2025-01-01,2025T1,ECP77023_00_espanola_0-19,7791492.0,personas,INE,https://servicios.ine.es/wstempus/js/ES/DATOS_SERIE/<COD>?nult=400,España,nacional,00,,77023,Suma de grupos quinquenales INE (agregado),poblacion_residente_1_enero,nacionalidad=Española; edad=0-19
2026-01-01,2026T1,ECP77023_00_espanola_0-19,7687835.0,personas,INE,https://servicios.ine.es/wstempus/js/ES/DATOS_SERIE/<COD>?nult=400,España,nacional,00,,77023,Suma de grupos quinquenales INE (agregado),poblacion_residente_1_enero,nacionalidad=Española; edad=0-19
2002-01-01,2002T1,ECP77023_00_espanola_20-34,9421044.0,personas,INE,https://servicios.ine.es/wstempus/js/ES/DATOS_SERIE/<COD>?nult=400,España,nacional,00,,77023,Suma de grupos quinquenales INE (agregado),poblacion_residente_1_enero,nacionalidad=Española; edad=20-34
2003-01-01,2003T1,ECP77023_00_espanola_20-34,9321343.0,personas,INE,https://servicios.ine.es/wstempus/js/ES/DATOS_SERIE/<COD>?nult=400,España,nacional,00,,77023,Suma de grupos quinquenales INE (agregado),poblacion_residente_1_enero,nacionalidad=Española; edad=20-34
2004-01-01,2004T1,ECP77023_00_espanola_20-34,9204758.0,personas,INE,https://servicios.ine.es/wstempus/js/ES/DATOS_SERIE/<COD>?nult=400,España,nacional,00,,77023,Suma de grupos quinquenales INE (agregado),poblacion_residente_1_enero,nacionalidad=Española; edad=20-34
2005-01-01,2005T1,ECP77023_00_espanola_20-34,9075085.0,personas,INE,https://servicios.ine.es/wstempus/js/ES/DATOS_SERIE/<COD>?nult=400,España,nacional,00,,77023,Suma de grupos quinquenales INE (agregado),poblacion_residente_1_enero,nacionalidad=Española; edad=20-34
2006-01-01,2006T1,ECP77023_00_espanola_20-34,8922085.0,personas,INE,https://servicios.ine.es/wstempus/js/ES/DATOS_SERIE/<COD>?nult=400,España,nacional,00,,77023,Suma de grupos quinquenales INE (agregado),poblacion_residente_1_enero,nacionalidad=Española; edad=20-34
2007-01-01,2007T1,ECP77023_00_espanola_20-34,8744821.0,personas,INE,https://servicios.ine.es/wstempus/js/ES/DATOS_SERIE/<COD>?nult=400,España,nacional,00,,77023,Suma de grupos quinquenales INE (agregado),poblacion_residente_1_enero,nacionalidad=Española; edad=20-34
2008-01-01,2008T1,ECP77023_00_espanola_20-34,8546171.0,personas,INE,https://servicios.ine.es/wstempus/js/ES/DATOS_SERIE/<COD>?nult=400,España,nacional,00,,77023,Suma de grupos quinquenales INE (agregado),poblacion_residente_1_enero,nacionalidad=Española; edad=20-34
2009-01-01,2009T1,ECP77023_00_espanola_20-34,8340591.0,personas,INE,https://servicios.ine.es/wstempus/js/ES/DATOS_SERIE/<COD>?nult=400,España,nacional,00,,77023,Suma de grupos quinquenales INE (agregado),poblacion_residente_1_enero,nacionalidad=Española; edad=20-34
2010-01-01,2010T1,ECP77023_00_espanola_20-34,8112860.0,personas,INE,https://servicios.ine.es/wstempus/js/ES/DATOS_SERIE/<COD>?nult=400,España,nacional,00,,77023,Suma de grupos quinquenales INE (agregado),poblacion_residente_1_enero,nacionalidad=Española; edad=20-34
2011-01-01,2011T1,ECP77023_00_espanola_20-34,7888527.0,personas,INE,https://servicios.ine.es/wstempus/js/ES/DATOS_SERIE/<COD>?nult=400,España,nacional,00,,77023,Suma de grupos quinquenales INE (agregado),poblacion_residente_1_enero,nacionalidad=Española; edad=20-34
2012-01-01,2012T1,ECP77023_00_espanola_20-34,7645815.0,personas,INE,https://servicios.ine.es/wstempus/js/ES/DATOS_SERIE/<COD>?nult=400,España,nacional,00,,77023,Suma de grupos quinquenales INE (agregado),poblacion_residente_1_enero,nacionalidad=Española; edad=20-34
2013-01-01,2013T1,ECP77023_00_espanola_20-34,7397356.0,personas,INE,https://servicios.ine.es/wstempus/js/ES/DATOS_SERIE/<COD>?nult=400,España,nacional,00,,77023,Suma de grupos quinquenales INE (agregado),poblacion_residente_1_enero,nacionalidad=Española; edad=20-34
2014-01-01,2014T1,ECP77023_00_espanola_20-34,7185507.0,personas,INE,https://servicios.ine.es/wstempus/js/ES/DATOS_SERIE/<COD>?nult=400,España,nacional,00,,77023,Suma de grupos quinquenales INE (agregado),poblacion_residente_1_enero,nacionalidad=Española; edad=20-34
2015-01-01,2015T1,ECP77023_00_espanola_20-34,6974979.0,personas,INE,https://servicios.ine.es/wstempus/js/ES/DATOS_SERIE/<COD>?nult=400,España,nacional,00,,77023,Suma de grupos quinquenales INE (agregado),poblacion_residente_1_enero,nacionalidad=Española; edad=20-34
2016-01-01,2016T1,ECP77023_00_espanola_20-34,6758292.0,personas,INE,https://servicios.ine.es/wstempus/js/ES/DATOS_SERIE/<COD>?nult=400,España,nacional,00,,77023,Suma de grupos quinquenales INE (agregado),poblacion_residente_1_enero,nacionalidad=Española; edad=20-34
2017-01-01,2017T1,ECP77023_00_espanola_20-34,6591395.0,personas,INE,https://servicios.ine.es/wstempus/js/ES/DATOS_SERIE/<COD>?nult=400,España,nacional,00,,77023,Suma de grupos quinquenales INE (agregado),poblacion_residente_1_enero,nacionalidad=Española; edad=20-34
2018-01-01,2018T1,ECP77023_00_espanola_20-34,6445839.0,personas,INE,https://servicios.ine.es/wstempus/js/ES/DATOS_SERIE/<COD>?nult=400,España,nacional,00,,77023,Suma de grupos quinquenales INE (agregado),poblacion_residente_1_enero,nacionalidad=Española; edad=20-34
2019-01-01,2019T1,ECP77023_00_espanola_20-34,6340529.0,personas,INE,https://servicios.ine.es/wstempus/js/ES/DATOS_SERIE/<COD>?nult=400,España,nacional,00,,77023,Suma de grupos quinquenales INE (agregado),poblacion_residente_1_enero,nacionalidad=Española; edad=20-34
2020-01-01,2020T1,ECP77023_00_espanola_20-34,6269145.0,personas,INE,https://servicios.ine.es/wstempus/js/ES/DATOS_SERIE/<COD>?nult=400,España,nacional,00,,77023,Suma de grupos quinquenales INE (agregado),poblacion_residente_1_enero,nacionalidad=Española; edad=20-34
2021-01-01,2021T1,ECP77023_00_espanola_20-34,6233114.0,personas,INE,https://servicios.ine.es/wstempus/js/ES/DATOS_SERIE/<COD>?nult=400,España,nacional,00,,77023,Suma de grupos quinquenales INE (agregado),poblacion_residente_1_enero,nacionalidad=Española; edad=20-34
2022-01-01,2022T1,ECP77023_00_espanola_20-34,6213195.0,personas,INE,https://servicios.ine.es/wstempus/js/ES/DATOS_SERIE/<COD>?nult=400,España,nacional,00,,77023,Suma de grupos quinquenales INE (agregado),poblacion_residente_1_enero,nacionalidad=Española; edad=20-34
2023-01-01,2023T1,ECP77023_00_espanola_20-34,6226655.0,personas,INE,https://servicios.ine.es/wstempus/js/ES/DATOS_SERIE/<COD>?nult=400,España,nacional,00,,77023,Suma de grupos quinquenales INE (agregado),poblacion_residente_1_enero,nacionalidad=Española; edad=20-34
2024-01-01,2024T1,ECP77023_00_espanola_20-34,6290759.0,personas,INE,https://servicios.ine.es/wstempus/js/ES/DATOS_SERIE/<COD>?nult=400,España,nacional,00,,77023,Suma de grupos quinquenales INE (agregado),poblacion_residente_1_enero,nacionalidad=Española; edad=20-34
2025-01-01,2025T1,ECP77023_00_espanola_20-34,6362504.0,personas,INE,https://servicios.ine.es/wstempus/js/ES/DATOS_SERIE/<COD>?nult=400,España,nacional,00,,77023,Suma de grupos quinquenales INE (agregado),poblacion_residente_1_enero,nacionalidad=Española; edad=20-34
2026-01-01,2026T1,ECP77023_00_espanola_20-34,6448399.0,personas,INE,https://servicios.ine.es/wstempus/js/ES/DATOS_SERIE/<COD>?nult=400,España,nacional,00,,77023,Suma de grupos quinquenales INE (agregado),poblacion_residente_1_enero,nacionalidad=Española; edad=20-34
2002-01-01,2002T1,ECP77023_00_espanola_35-64,14912718.0,personas,INE,https://servicios.ine.es/wstempus/js/ES/DATOS_SERIE/<COD>?nult=400,España,nacional,00,,77023,Suma de grupos quinquenales INE (agregado),poblacion_residente_1_enero,nacionalidad=Española; edad=35-64
2003-01-01,2003T1,ECP77023_00_espanola_35-64,15174042.0,personas,INE,https://servicios.ine.es/wstempus/js/ES/DATOS_SERIE/<COD>?nult=400,España,nacional,00,,77023,Suma de grupos quinquenales INE (agregado),poblacion_residente_1_enero,nacionalidad=Española; edad=35-64
2004-01-01,2004T1,ECP77023_00_espanola_35-64,15477277.0,personas,INE,https://servicios.ine.es/wstempus/js/ES/DATOS_SERIE/<COD>?nult=400,España,nacional,00,,77023,Suma de grupos quinquenales INE (agregado),poblacion_residente_1_enero,nacionalidad=Española; edad=35-64
2005-01-01,2005T1,ECP77023_00_espanola_35-64,15838492.0,personas,INE,https://servicios.ine.es/wstempus/js/ES/DATOS_SERIE/<COD>?nult=400,España,nacional,00,,77023,Suma de grupos quinquenales INE (agregado),poblacion_residente_1_enero,nacionalidad=Española; edad=35-64
2006-01-01,2006T1,ECP77023_00_espanola_35-64,16060658.0,personas,INE,https://servicios.ine.es/wstempus/js/ES/DATOS_SERIE/<COD>?nult=400,España,nacional,00,,77023,Suma de grupos quinquenales INE (agregado),poblacion_residente_1_enero,nacionalidad=Española; edad=35-64
2007-01-01,2007T1,ECP77023_00_espanola_35-64,16391010.0,personas,INE,https://servicios.ine.es/wstempus/js/ES/DATOS_SERIE/<COD>?nult=400,España,nacional,00,,77023,Suma de grupos quinquenales INE (agregado),poblacion_residente_1_enero,nacionalidad=Española; edad=35-64
2008-01-01,2008T1,ECP77023_00_espanola_35-64,16707467.0,personas,INE,https://servicios.ine.es/wstempus/js/ES/DATOS_SERIE/<COD>?nult=400,España,nacional,00,,77023,Suma de grupos quinquenales INE (agregado),poblacion_residente_1_enero,nacionalidad=Española; edad=35-64
2009-01-01,2009T1,ECP77023_00_espanola_35-64,16972368.0,personas,INE,https://servicios.ine.es/wstempus/js/ES/DATOS_SERIE/<COD>?nult=400,España,nacional,00,,77023,Suma de grupos quinquenales INE (agregado),poblacion_residente_1_enero,nacionalidad=Española; edad=35-64
2010-01-01,2010T1,ECP77023_00_espanola_35-64,17247132.0,personas,INE,https://servicios.ine.es/wstempus/js/ES/DATOS_SERIE/<COD>?nult=400,España,nacional,00,,77023,Suma de grupos quinquenales INE (agregado),poblacion_residente_1_enero,nacionalidad=Española; edad=35-64
2011-01-01,2011T1,ECP77023_00_espanola_35-64,17527449.0,personas,INE,https://servicios.ine.es/wstempus/js/ES/DATOS_SERIE/<COD>?nult=400,España,nacional,00,,77023,Suma de grupos quinquenales INE (agregado),poblacion_residente_1_enero,nacionalidad=Española; edad=35-64
2012-01-01,2012T1,ECP77023_00_espanola_35-64,17819885.0,personas,INE,https://servicios.ine.es/wstempus/js/ES/DATOS_SERIE/<COD>?nult=400,España,nacional,00,,77023,Suma de grupos quinquenales INE (agregado),poblacion_residente_1_enero,nacionalidad=Española; edad=35-64
2013-01-01,2013T1,ECP77023_00_espanola_35-64,18025248.0,personas,INE,https://servicios.ine.es/wstempus/js/ES/DATOS_SERIE/<COD>?nult=400,España,nacional,00,,77023,Suma de grupos quinquenales INE (agregado),poblacion_residente_1_enero,nacionalidad=Española; edad=35-64
2014-01-01,2014T1,ECP77023_00_espanola_35-64,18232624.0,personas,INE,https://servicios.ine.es/wstempus/js/ES/DATOS_SERIE/<COD>?nult=400,España,nacional,00,,77023,Suma de grupos quinquenales INE (agregado),poblacion_residente_1_enero,nacionalidad=Española; edad=35-64
2015-01-01,2015T1,ECP77023_00_espanola_35-64,18419125.0,personas,INE,https://servicios.ine.es/wstempus/js/ES/DATOS_SERIE/<COD>?nult=400,España,nacional,00,,77023,Suma de grupos quinquenales INE (agregado),poblacion_residente_1_enero,nacionalidad=Española; edad=35-64
2016-01-01,2016T1,ECP77023_00_espanola_35-64,18557090.0,personas,INE,https://servicios.ine.es/wstempus/js/ES/DATOS_SERIE/<COD>?nult=400,España,nacional,00,,77023,Suma de grupos quinquenales INE (agregado),poblacion_residente_1_enero,nacionalidad=Española; edad=35-64
2017-01-01,2017T1,ECP77023_00_espanola_35-64,18680209.0,personas,INE,https://servicios.ine.es/wstempus/js/ES/DATOS_SERIE/<COD>?nult=400,España,nacional,00,,77023,Suma de grupos quinquenales INE (agregado),poblacion_residente_1_enero,nacionalidad=Española; edad=35-64
2018-01-01,2018T1,ECP77023_00_espanola_35-64,18712767.0,personas,INE,https://servicios.ine.es/wstempus/js/ES/DATOS_SERIE/<COD>?nult=400,España,nacional,00,,77023,Suma de grupos quinquenales INE (agregado),poblacion_residente_1_enero,nacionalidad=Española; edad=35-64
2019-01-01,2019T1,ECP77023_00_espanola_35-64,18732704.0,personas,INE,https://servicios.ine.es/wstempus/js/ES/DATOS_SERIE/<COD>?nult=400,España,nacional,00,,77023,Suma de grupos quinquenales INE (agregado),poblacion_residente_1_enero,nacionalidad=Española; edad=35-64
2020-01-01,2020T1,ECP77023_00_espanola_35-64,18743914.0,personas,INE,https://servicios.ine.es/wstempus/js/ES/DATOS_SERIE/<COD>?nult=400,España,nacional,00,,77023,Suma de grupos quinquenales INE (agregado),poblacion_residente_1_enero,nacionalidad=Española; edad=35-64
2021-01-01,2021T1,ECP77023_00_espanola_35-64,18718847.0,personas,INE,https://servicios.ine.es/wstempus/js/ES/DATOS_SERIE/<COD>?nult=400,España,nacional,00,,77023,Suma de grupos quinquenales INE (agregado),poblacion_residente_1_enero,nacionalidad=Española; edad=35-64
2022-01-01,2022T1,ECP77023_00_espanola_35-64,18663969.0,personas,INE,https://servicios.ine.es/wstempus/js/ES/DATOS_SERIE/<COD>?nult=400,España,nacional,00,,77023,Suma de grupos quinquenales INE (agregado),poblacion_residente_1_enero,nacionalidad=Española; edad=35-64
2023-01-01,2023T1,ECP77023_00_espanola_35-64,18572656.0,personas,INE,https://servicios.ine.es/wstempus/js/ES/DATOS_SERIE/<COD>?nult=400,España,nacional,00,,77023,Suma de grupos quinquenales INE (agregado),poblacion_residente_1_enero,nacionalidad=Española; edad=35-64
2024-01-01,2024T1,ECP77023_00_espanola_35-64,18511979.0,personas,INE,https://servicios.ine.es/wstempus/js/ES/DATOS_SERIE/<COD>?nult=400,España,nacional,00,,77023,Suma de grupos quinquenales INE (agregado),poblacion_residente_1_enero,nacionalidad=Española; edad=35-64
2025-01-01,2025T1,ECP77023_00_espanola_35-64,18431728.0,personas,INE,https://servicios.ine.es/wstempus/js/ES/DATOS_SERIE/<COD>?nult=400,España,nacional,00,,77023,Suma de grupos quinquenales INE (agregado),poblacion_residente_1_enero,nacionalidad=Española; edad=35-64
2026-01-01,2026T1,ECP77023_00_espanola_35-64,18355630.0,personas,INE,https://servicios.ine.es/wstempus/js/ES/DATOS_SERIE/<COD>?nult=400,España,nacional,00,,77023,Suma de grupos quinquenales INE (agregado),poblacion_residente_1_enero,nacionalidad=Española; edad=35-64
2002-01-01,2002T1,ECP77023_00_espanola_65+,6882351.0,personas,INE,https://servicios.ine.es/wstempus/js/ES/DATOS_SERIE/<COD>?nult=400,España,nacional,00,,77023,Suma de grupos quinquenales INE (agregado),poblacion_residente_1_enero,nacionalidad=Española; edad=65+
2003-01-01,2003T1,ECP77023_00_espanola_65+,6976115.0,personas,INE,https://servicios.ine.es/wstempus/js/ES/DATOS_SERIE/<COD>?nult=400,España,nacional,00,,77023,Suma de grupos quinquenales INE (agregado),poblacion_residente_1_enero,nacionalidad=Española; edad=65+
2004-01-01,2004T1,ECP77023_00_espanola_65+,7009667.0,personas,INE,https://servicios.ine.es/wstempus/js/ES/DATOS_SERIE/<COD>?nult=400,España,nacional,00,,77023,Suma de grupos quinquenales INE (agregado),poblacion_residente_1_enero,nacionalidad=Española; edad=65+
2005-01-01,2005T1,ECP77023_00_espanola_65+,7012053.0,personas,INE,https://servicios.ine.es/wstempus/js/ES/DATOS_SERIE/<COD>?nult=400,España,nacional,00,,77023,Suma de grupos quinquenales INE (agregado),poblacion_residente_1_enero,nacionalidad=Española; edad=65+
2006-01-01,2006T1,ECP77023_00_espanola_65+,7145330.0,personas,INE,https://servicios.ine.es/wstempus/js/ES/DATOS_SERIE/<COD>?nult=400,España,nacional,00,,77023,Suma de grupos quinquenales INE (agregado),poblacion_residente_1_enero,nacionalidad=Española; edad=65+
2007-01-01,2007T1,ECP77023_00_espanola_65+,7207380.0,personas,INE,https://servicios.ine.es/wstempus/js/ES/DATOS_SERIE/<COD>?nult=400,España,nacional,00,,77023,Suma de grupos quinquenales INE (agregado),poblacion_residente_1_enero,nacionalidad=Española; edad=65+
2008-01-01,2008T1,ECP77023_00_espanola_65+,7284020.0,personas,INE,https://servicios.ine.es/wstempus/js/ES/DATOS_SERIE/<COD>?nult=400,España,nacional,00,,77023,Suma de grupos quinquenales INE (agregado),poblacion_residente_1_enero,nacionalidad=Española; edad=65+
2009-01-01,2009T1,ECP77023_00_espanola_65+,7418193.0,personas,INE,https://servicios.ine.es/wstempus/js/ES/DATOS_SERIE/<COD>?nult=400,España,nacional,00,,77023,Suma de grupos quinquenales INE (agregado),poblacion_residente_1_enero,nacionalidad=Española; edad=65+
2010-01-01,2010T1,ECP77023_00_espanola_65+,7554878.0,personas,INE,https://servicios.ine.es/wstempus/js/ES/DATOS_SERIE/<COD>?nult=400,España,nacional,00,,77023,Suma de grupos quinquenales INE (agregado),poblacion_residente_1_enero,nacionalidad=Española; edad=65+
2011-01-01,2011T1,ECP77023_00_espanola_65+,7716355.0,personas,INE,https://servicios.ine.es/wstempus/js/ES/DATOS_SERIE/<COD>?nult=400,España,nacional,00,,77023,Suma de grupos quinquenales INE (agregado),poblacion_residente_1_enero,nacionalidad=Española; edad=65+
2012-01-01,2012T1,ECP77023_00_espanola_65+,7843957.0,personas,INE,https://servicios.ine.es/wstempus/js/ES/DATOS_SERIE/<COD>?nult=400,España,nacional,00,,77023,Suma de grupos quinquenales INE (agregado),poblacion_residente_1_enero,nacionalidad=Española; edad=65+
2013-01-01,2013T1,ECP77023_00_espanola_65+,7955203.0,personas,INE,https://servicios.ine.es/wstempus/js/ES/DATOS_SERIE/<COD>?nult=400,España,nacional,00,,77023,Suma de grupos quinquenales INE (agregado),poblacion_residente_1_enero,nacionalidad=Española; edad=65+
2014-01-01,2014T1,ECP77023_00_espanola_65+,8119948.0,personas,INE,https://servicios.ine.es/wstempus/js/ES/DATOS_SERIE/<COD>?nult=400,España,nacional,00,,77023,Suma de grupos quinquenales INE (agregado),poblacion_residente_1_enero,nacionalidad=Española; edad=65+
2015-01-01,2015T1,ECP77023_00_espanola_65+,8255155.0,personas,INE,https://servicios.ine.es/wstempus/js/ES/DATOS_SERIE/<COD>?nult=400,España,nacional,00,,77023,Suma de grupos quinquenales INE (agregado),poblacion_residente_1_enero,nacionalidad=Española; edad=65+
2016-01-01,2016T1,ECP77023_00_espanola_65+,8343676.0,personas,INE,https://servicios.ine.es/wstempus/js/ES/DATOS_SERIE/<COD>?nult=400,España,nacional,00,,77023,Suma de grupos quinquenales INE (agregado),poblacion_residente_1_enero,nacionalidad=Española; edad=65+
2017-01-01,2017T1,ECP77023_00_espanola_65+,8454846.0,personas,INE,https://servicios.ine.es/wstempus/js/ES/DATOS_SERIE/<COD>?nult=400,España,nacional,00,,77023,Suma de grupos quinquenales INE (agregado),poblacion_residente_1_enero,nacionalidad=Española; edad=65+
2018-01-01,2018T1,ECP77023_00_espanola_65+,8582143.0,personas,INE,https://servicios.ine.es/wstempus/js/ES/DATOS_SERIE/<COD>?nult=400,España,nacional,00,,77023,Suma de grupos quinquenales INE (agregado),poblacion_residente_1_enero,nacionalidad=Española; edad=65+
2019-01-01,2019T1,ECP77023_00_espanola_65+,8707986.0,personas,INE,https://servicios.ine.es/wstempus/js/ES/DATOS_SERIE/<COD>?nult=400,España,nacional,00,,77023,Suma de grupos quinquenales INE (agregado),poblacion_residente_1_enero,nacionalidad=Española; edad=65+
2020-01-01,2020T1,ECP77023_00_espanola_65+,8838819.0,personas,INE,https://servicios.ine.es/wstempus/js/ES/DATOS_SERIE/<COD>?nult=400,España,nacional,00,,77023,Suma de grupos quinquenales INE (agregado),poblacion_residente_1_enero,nacionalidad=Española; edad=65+
2021-01-01,2021T1,ECP77023_00_espanola_65+,8920720.0,personas,INE,https://servicios.ine.es/wstempus/js/ES/DATOS_SERIE/<COD>?nult=400,España,nacional,00,,77023,Suma de grupos quinquenales INE (agregado),poblacion_residente_1_enero,nacionalidad=Española; edad=65+
2022-01-01,2022T1,ECP77023_00_espanola_65+,9055668.0,personas,INE,https://servicios.ine.es/wstempus/js/ES/DATOS_SERIE/<COD>?nult=400,España,nacional,00,,77023,Suma de grupos quinquenales INE (agregado),poblacion_residente_1_enero,nacionalidad=Española; edad=65+
2023-01-01,2023T1,ECP77023_00_espanola_65+,9217067.0,personas,INE,https://servicios.ine.es/wstempus/js/ES/DATOS_SERIE/<COD>?nult=400,España,nacional,00,,77023,Suma de grupos quinquenales INE (agregado),poblacion_residente_1_enero,nacionalidad=Española; edad=65+
2024-01-01,2024T1,ECP77023_00_espanola_65+,9419521.0,personas,INE,https://servicios.ine.es/wstempus/js/ES/DATOS_SERIE/<COD>?nult=400,España,nacional,00,,77023,Suma de grupos quinquenales INE (agregado),poblacion_residente_1_enero,nacionalidad=Española; edad=65+
2025-01-01,2025T1,ECP77023_00_espanola_65+,9630602.0,personas,INE,https://servicios.ine.es/wstempus/js/ES/DATOS_SERIE/<COD>?nult=400,España,nacional,00,,77023,Suma de grupos quinquenales INE (agregado),poblacion_residente_1_enero,nacionalidad=Española; edad=65+
2026-01-01,2026T1,ECP77023_00_espanola_65+,9847716.0,personas,INE,https://servicios.ine.es/wstempus/js/ES/DATOS_SERIE/<COD>?nult=400,España,nacional,00,,77023,Suma de grupos quinquenales INE (agregado),poblacion_residente_1_enero,nacionalidad=Española; edad=65+
2002-01-01,2002T1,ECP77023_00_espanola_Todas,39297299.0,personas,INE,https://servicios.ine.es/wstempus/js/ES/DATOS_SERIE/<COD>?nult=400,España,nacional,00,,77023,Todas las edades (publicado),poblacion_residente_1_enero,nacionalidad=Española; edad=Todas
2003-01-01,2003T1,ECP77023_00_espanola_Todas,39465808.0,personas,INE,https://servicios.ine.es/wstempus/js/ES/DATOS_SERIE/<COD>?nult=400,España,nacional,00,,77023,Todas las edades (publicado),poblacion_residente_1_enero,nacionalidad=Española; edad=Todas
2004-01-01,2004T1,ECP77023_00_espanola_Todas,39646666.0,personas,INE,https://servicios.ine.es/wstempus/js/ES/DATOS_SERIE/<COD>?nult=400,España,nacional,00,,77023,Todas las edades (publicado),poblacion_residente_1_enero,nacionalidad=Española; edad=Todas
2005-01-01,2005T1,ECP77023_00_espanola_Todas,39866131.0,personas,INE,https://servicios.ine.es/wstempus/js/ES/DATOS_SERIE/<COD>?nult=400,España,nacional,00,,77023,Todas las edades (publicado),poblacion_residente_1_enero,nacionalidad=Española; edad=Todas
2006-01-01,2006T1,ECP77023_00_espanola_Todas,40079053.0,personas,INE,https://servicios.ine.es/wstempus/js/ES/DATOS_SERIE/<COD>?nult=400,España,nacional,00,,77023,Todas las edades (publicado),poblacion_residente_1_enero,nacionalidad=Española; edad=Todas
2007-01-01,2007T1,ECP77023_00_espanola_Todas,40335225.0,personas,INE,https://servicios.ine.es/wstempus/js/ES/DATOS_SERIE/<COD>?nult=400,España,nacional,00,,77023,Todas las edades (publicado),poblacion_residente_1_enero,nacionalidad=Española; edad=Todas
2008-01-01,2008T1,ECP77023_00_espanola_Todas,40582643.0,personas,INE,https://servicios.ine.es/wstempus/js/ES/DATOS_SERIE/<COD>?nult=400,España,nacional,00,,77023,Todas las edades (publicado),poblacion_residente_1_enero,nacionalidad=Española; edad=Todas
2009-01-01,2009T1,ECP77023_00_espanola_Todas,40852612.0,personas,INE,https://servicios.ine.es/wstempus/js/ES/DATOS_SERIE/<COD>?nult=400,España,nacional,00,,77023,Todas las edades (publicado),poblacion_residente_1_enero,nacionalidad=Española; edad=Todas
2010-01-01,2010T1,ECP77023_00_espanola_Todas,41084042.0,personas,INE,https://servicios.ine.es/wstempus/js/ES/DATOS_SERIE/<COD>?nult=400,España,nacional,00,,77023,Todas las edades (publicado),poblacion_residente_1_enero,nacionalidad=Española; edad=Todas
2011-01-01,2011T1,ECP77023_00_espanola_Todas,41354734.0,personas,INE,https://servicios.ine.es/wstempus/js/ES/DATOS_SERIE/<COD>?nult=400,España,nacional,00,,77023,Todas las edades (publicado),poblacion_residente_1_enero,nacionalidad=Española; edad=Todas
2012-01-01,2012T1,ECP77023_00_espanola_Todas,41582186.0,personas,INE,https://servicios.ine.es/wstempus/js/ES/DATOS_SERIE/<COD>?nult=400,España,nacional,00,,77023,Todas las edades (publicado),poblacion_residente_1_enero,nacionalidad=Española; edad=Todas
2013-01-01,2013T1,ECP77023_00_espanola_Todas,41648066.0,personas,INE,https://servicios.ine.es/wstempus/js/ES/DATOS_SERIE/<COD>?nult=400,España,nacional,00,,77023,Todas las edades (publicado),poblacion_residente_1_enero,nacionalidad=Española; edad=Todas
2014-01-01,2014T1,ECP77023_00_espanola_Todas,41819392.0,personas,INE,https://servicios.ine.es/wstempus/js/ES/DATOS_SERIE/<COD>?nult=400,España,nacional,00,,77023,Todas las edades (publicado),poblacion_residente_1_enero,nacionalidad=Española; edad=Todas
2015-01-01,2015T1,ECP77023_00_espanola_Todas,41971737.0,personas,INE,https://servicios.ine.es/wstempus/js/ES/DATOS_SERIE/<COD>?nult=400,España,nacional,00,,77023,Todas las edades (publicado),poblacion_residente_1_enero,nacionalidad=Española; edad=Todas
2016-01-01,2016T1,ECP77023_00_espanola_Todas,41999550.0,personas,INE,https://servicios.ine.es/wstempus/js/ES/DATOS_SERIE/<COD>?nult=400,España,nacional,00,,77023,Todas las edades (publicado),poblacion_residente_1_enero,nacionalidad=Española; edad=Todas
2017-01-01,2017T1,ECP77023_00_espanola_Todas,42079740.0,personas,INE,https://servicios.ine.es/wstempus/js/ES/DATOS_SERIE/<COD>?nult=400,España,nacional,00,,77023,Todas las edades (publicado),poblacion_residente_1_enero,nacionalidad=Española; edad=Todas
2018-01-01,2018T1,ECP77023_00_espanola_Todas,42067748.0,personas,INE,https://servicios.ine.es/wstempus/js/ES/DATOS_SERIE/<COD>?nult=400,España,nacional,00,,77023,Todas las edades (publicado),poblacion_residente_1_enero,nacionalidad=Española; edad=Todas
2019-01-01,2019T1,ECP77023_00_espanola_Todas,42068189.0,personas,INE,https://servicios.ine.es/wstempus/js/ES/DATOS_SERIE/<COD>?nult=400,España,nacional,00,,77023,Todas las edades (publicado),poblacion_residente_1_enero,nacionalidad=Española; edad=Todas
2020-01-01,2020T1,ECP77023_00_espanola_Todas,42076772.0,personas,INE,https://servicios.ine.es/wstempus/js/ES/DATOS_SERIE/<COD>?nult=400,España,nacional,00,,77023,Todas las edades (publicado),poblacion_residente_1_enero,nacionalidad=Española; edad=Todas
2021-01-01,2021T1,ECP77023_00_espanola_Todas,41998096.0,personas,INE,https://servicios.ine.es/wstempus/js/ES/DATOS_SERIE/<COD>?nult=400,España,nacional,00,,77023,Todas las edades (publicado),poblacion_residente_1_enero,nacionalidad=Española; edad=Todas
2022-01-01,2022T1,ECP77023_00_espanola_Todas,41977681.0,personas,INE,https://servicios.ine.es/wstempus/js/ES/DATOS_SERIE/<COD>?nult=400,España,nacional,00,,77023,Todas las edades (publicado),poblacion_residente_1_enero,nacionalidad=Española; edad=Todas
2023-01-01,2023T1,ECP77023_00_espanola_Todas,41995741.0,personas,INE,https://servicios.ine.es/wstempus/js/ES/DATOS_SERIE/<COD>?nult=400,España,nacional,00,,77023,Todas las edades (publicado),poblacion_residente_1_enero,nacionalidad=Española; edad=Todas
2024-01-01,2024T1,ECP77023_00_espanola_Todas,42117413.0,personas,INE,https://servicios.ine.es/wstempus/js/ES/DATOS_SERIE/<COD>?nult=400,España,nacional,00,,77023,Todas las edades (publicado),poblacion_residente_1_enero,nacionalidad=Española; edad=Todas
2025-01-01,2025T1,ECP77023_00_espanola_Todas,42216326.0,personas,INE,https://servicios.ine.es/wstempus/js/ES/DATOS_SERIE/<COD>?nult=400,España,nacional,00,,77023,Todas las edades (publicado),poblacion_residente_1_enero,nacionalidad=Española; edad=Todas
2026-01-01,2026T1,ECP77023_00_espanola_Todas,42339580.0,personas,INE,https://servicios.ine.es/wstempus/js/ES/DATOS_SERIE/<COD>?nult=400,España,nacional,00,,77023,Todas las edades (publicado),poblacion_residente_1_enero,nacionalidad=Española; edad=Todas
2002-01-01,2002T1,ECP77023_00_extranjera_0-19,332809.0,personas,INE,https://servicios.ine.es/wstempus/js/ES/DATOS_SERIE/<COD>?nult=400,España,nacional,00,,77023,Suma de grupos quinquenales INE (agregado),poblacion_residente_1_enero,nacionalidad=Extranjera; edad=0-19
2003-01-01,2003T1,ECP77023_00_extranjera_0-19,461000.0,personas,INE,https://servicios.ine.es/wstempus/js/ES/DATOS_SERIE/<COD>?nult=400,España,nacional,00,,77023,Suma de grupos quinquenales INE (agregado),poblacion_residente_1_enero,nacionalidad=Extranjera; edad=0-19
2004-01-01,2004T1,ECP77023_00_extranjera_0-19,571883.0,personas,INE,https://servicios.ine.es/wstempus/js/ES/DATOS_SERIE/<COD>?nult=400,España,nacional,00,,77023,Suma de grupos quinquenales INE (agregado),poblacion_residente_1_enero,nacionalidad=Extranjera; edad=0-19
2005-01-01,2005T1,ECP77023_00_extranjera_0-19,652419.0,personas,INE,https://servicios.ine.es/wstempus/js/ES/DATOS_SERIE/<COD>?nult=400,España,nacional,00,,77023,Suma de grupos quinquenales INE (agregado),poblacion_residente_1_enero,nacionalidad=Extranjera; edad=0-19
2006-01-01,2006T1,ECP77023_00_extranjera_0-19,738280.0,personas,INE,https://servicios.ine.es/wstempus/js/ES/DATOS_SERIE/<COD>?nult=400,España,nacional,00,,77023,Suma de grupos quinquenales INE (agregado),poblacion_residente_1_enero,nacionalidad=Extranjera; edad=0-19
2007-01-01,2007T1,ECP77023_00_extranjera_0-19,837126.0,personas,INE,https://servicios.ine.es/wstempus/js/ES/DATOS_SERIE/<COD>?nult=400,España,nacional,00,,77023,Suma de grupos quinquenales INE (agregado),poblacion_residente_1_enero,nacionalidad=Extranjera; edad=0-19
2008-01-01,2008T1,ECP77023_00_extranjera_0-19,957012.0,personas,INE,https://servicios.ine.es/wstempus/js/ES/DATOS_SERIE/<COD>?nult=400,España,nacional,00,,77023,Suma de grupos quinquenales INE (agregado),poblacion_residente_1_enero,nacionalidad=Extranjera; edad=0-19
2009-01-01,2009T1,ECP77023_00_extranjera_0-19,1017216.0,personas,INE,https://servicios.ine.es/wstempus/js/ES/DATOS_SERIE/<COD>?nult=400,España,nacional,00,,77023,Suma de grupos quinquenales INE (agregado),poblacion_residente_1_enero,nacionalidad=Extranjera; edad=0-19
2010-01-01,2010T1,ECP77023_00_extranjera_0-19,1028958.0,personas,INE,https://servicios.ine.es/wstempus/js/ES/DATOS_SERIE/<COD>?nult=400,España,nacional,00,,77023,Suma de grupos quinquenales INE (agregado),poblacion_residente_1_enero,nacionalidad=Extranjera; edad=0-19
2011-01-01,2011T1,ECP77023_00_extranjera_0-19,1019383.0,personas,INE,https://servicios.ine.es/wstempus/js/ES/DATOS_SERIE/<COD>?nult=400,España,nacional,00,,77023,Suma de grupos quinquenales INE (agregado),poblacion_residente_1_enero,nacionalidad=Extranjera; edad=0-19
2012-01-01,2012T1,ECP77023_00_extranjera_0-19,1003826.0,personas,INE,https://servicios.ine.es/wstempus/js/ES/DATOS_SERIE/<COD>?nult=400,España,nacional,00,,77023,Suma de grupos quinquenales INE (agregado),poblacion_residente_1_enero,nacionalidad=Extranjera; edad=0-19
2013-01-01,2013T1,ECP77023_00_extranjera_0-19,975627.0,personas,INE,https://servicios.ine.es/wstempus/js/ES/DATOS_SERIE/<COD>?nult=400,España,nacional,00,,77023,Suma de grupos quinquenales INE (agregado),poblacion_residente_1_enero,nacionalidad=Extranjera; edad=0-19
2014-01-01,2014T1,ECP77023_00_extranjera_0-19,909901.0,personas,INE,https://servicios.ine.es/wstempus/js/ES/DATOS_SERIE/<COD>?nult=400,España,nacional,00,,77023,Suma de grupos quinquenales INE (agregado),poblacion_residente_1_enero,nacionalidad=Extranjera; edad=0-19
2015-01-01,2015T1,ECP77023_00_extranjera_0-19,855654.0,personas,INE,https://servicios.ine.es/wstempus/js/ES/DATOS_SERIE/<COD>?nult=400,España,nacional,00,,77023,Suma de grupos quinquenales INE (agregado),poblacion_residente_1_enero,nacionalidad=Extranjera; edad=0-19
2016-01-01,2016T1,ECP77023_00_extranjera_0-19,836640.0,personas,INE,https://servicios.ine.es/wstempus/js/ES/DATOS_SERIE/<COD>?nult=400,España,nacional,00,,77023,Suma de grupos quinquenales INE (agregado),poblacion_residente_1_enero,nacionalidad=Extranjera; edad=0-19
2017-01-01,2017T1,ECP77023_00_extranjera_0-19,830120.0,personas,INE,https://servicios.ine.es/wstempus/js/ES/DATOS_SERIE/<COD>?nult=400,España,nacional,00,,77023,Suma de grupos quinquenales INE (agregado),poblacion_residente_1_enero,nacionalidad=Extranjera; edad=0-19
2018-01-01,2018T1,ECP77023_00_extranjera_0-19,865359.0,personas,INE,https://servicios.ine.es/wstempus/js/ES/DATOS_SERIE/<COD>?nult=400,España,nacional,00,,77023,Suma de grupos quinquenales INE (agregado),poblacion_residente_1_enero,nacionalidad=Extranjera; edad=0-19
2019-01-01,2019T1,ECP77023_00_extranjera_0-19,917299.0,personas,INE,https://servicios.ine.es/wstempus/js/ES/DATOS_SERIE/<COD>?nult=400,España,nacional,00,,77023,Suma de grupos quinquenales INE (agregado),poblacion_residente_1_enero,nacionalidad=Extranjera; edad=0-19
2020-01-01,2020T1,ECP77023_00_extranjera_0-19,989777.0,personas,INE,https://servicios.ine.es/wstempus/js/ES/DATOS_SERIE/<COD>?nult=400,España,nacional,00,,77023,Suma de grupos quinquenales INE (agregado),poblacion_residente_1_enero,nacionalidad=Extranjera; edad=0-19
2021-01-01,2021T1,ECP77023_00_extranjera_0-19,1006535.0,personas,INE,https://servicios.ine.es/wstempus/js/ES/DATOS_SERIE/<COD>?nult=400,España,nacional,00,,77023,Suma de grupos quinquenales INE (agregado),poblacion_residente_1_enero,nacionalidad=Extranjera; edad=0-19
2022-01-01,2022T1,ECP77023_00_extranjera_0-19,1018214.0,personas,INE,https://servicios.ine.es/wstempus/js/ES/DATOS_SERIE/<COD>?nult=400,España,nacional,00,,77023,Suma de grupos quinquenales INE (agregado),poblacion_residente_1_enero,nacionalidad=Extranjera; edad=0-19
2023-01-01,2023T1,ECP77023_00_extranjera_0-19,1120658.0,personas,INE,https://servicios.ine.es/wstempus/js/ES/DATOS_SERIE/<COD>?nult=400,España,nacional,00,,77023,Suma de grupos quinquenales INE (agregado),poblacion_residente_1_enero,nacionalidad=Extranjera; edad=0-19
2024-01-01,2024T1,ECP77023_00_extranjera_0-19,1180091.0,personas,INE,https://servicios.ine.es/wstempus/js/ES/DATOS_SERIE/<COD>?nult=400,España,nacional,00,,77023,Suma de grupos quinquenales INE (agregado),poblacion_residente_1_enero,nacionalidad=Extranjera; edad=0-19
2025-01-01,2025T1,ECP77023_00_extranjera_0-19,1249837.0,personas,INE,https://servicios.ine.es/wstempus/js/ES/DATOS_SERIE/<COD>?nult=400,España,nacional,00,,77023,Suma de grupos quinquenales INE (agregado),poblacion_residente_1_enero,nacionalidad=Extranjera; edad=0-19
2026-01-01,2026T1,ECP77023_00_extranjera_0-19,1287892.0,personas,INE,https://servicios.ine.es/wstempus/js/ES/DATOS_SERIE/<COD>?nult=400,España,nacional,00,,77023,Suma de grupos quinquenales INE (agregado),poblacion_residente_1_enero,nacionalidad=Extranjera; edad=0-19
2002-01-01,2002T1,ECP77023_00_extranjera_20-34,703095.0,personas,INE,https://servicios.ine.es/wstempus/js/ES/DATOS_SERIE/<COD>?nult=400,España,nacional,00,,77023,Suma de grupos quinquenales INE (agregado),poblacion_residente_1_enero,nacionalidad=Extranjera; edad=20-34
2003-01-01,2003T1,ECP77023_00_extranjera_20-34,979840.0,personas,INE,https://servicios.ine.es/wstempus/js/ES/DATOS_SERIE/<COD>?nult=400,España,nacional,00,,77023,Suma de grupos quinquenales INE (agregado),poblacion_residente_1_enero,nacionalidad=Extranjera; edad=20-34
2004-01-01,2004T1,ECP77023_00_extranjera_20-34,1195443.0,personas,INE,https://servicios.ine.es/wstempus/js/ES/DATOS_SERIE/<COD>?nult=400,España,nacional,00,,77023,Suma de grupos quinquenales INE (agregado),poblacion_residente_1_enero,nacionalidad=Extranjera; edad=20-34
2005-01-01,2005T1,ECP77023_00_extranjera_20-34,1418234.0,personas,INE,https://servicios.ine.es/wstempus/js/ES/DATOS_SERIE/<COD>?nult=400,España,nacional,00,,77023,Suma de grupos quinquenales INE (agregado),poblacion_residente_1_enero,nacionalidad=Extranjera; edad=20-34
2006-01-01,2006T1,ECP77023_00_extranjera_20-34,1608298.0,personas,INE,https://servicios.ine.es/wstempus/js/ES/DATOS_SERIE/<COD>?nult=400,España,nacional,00,,77023,Suma de grupos quinquenales INE (agregado),poblacion_residente_1_enero,nacionalidad=Extranjera; edad=20-34
2007-01-01,2007T1,ECP77023_00_extranjera_20-34,1801589.0,personas,INE,https://servicios.ine.es/wstempus/js/ES/DATOS_SERIE/<COD>?nult=400,España,nacional,00,,77023,Suma de grupos quinquenales INE (agregado),poblacion_residente_1_enero,nacionalidad=Extranjera; edad=20-34
2008-01-01,2008T1,ECP77023_00_extranjera_20-34,2048757.0,personas,INE,https://servicios.ine.es/wstempus/js/ES/DATOS_SERIE/<COD>?nult=400,España,nacional,00,,77023,Suma de grupos quinquenales INE (agregado),poblacion_residente_1_enero,nacionalidad=Extranjera; edad=20-34
2009-01-01,2009T1,ECP77023_00_extranjera_20-34,2125011.0,personas,INE,https://servicios.ine.es/wstempus/js/ES/DATOS_SERIE/<COD>?nult=400,España,nacional,00,,77023,Suma de grupos quinquenales INE (agregado),poblacion_residente_1_enero,nacionalidad=Extranjera; edad=20-34
2010-01-01,2010T1,ECP77023_00_extranjera_20-34,2042474.0,personas,INE,https://servicios.ine.es/wstempus/js/ES/DATOS_SERIE/<COD>?nult=400,España,nacional,00,,77023,Suma de grupos quinquenales INE (agregado),poblacion_residente_1_enero,nacionalidad=Extranjera; edad=20-34
2011-01-01,2011T1,ECP77023_00_extranjera_20-34,1914549.0,personas,INE,https://servicios.ine.es/wstempus/js/ES/DATOS_SERIE/<COD>?nult=400,España,nacional,00,,77023,Suma de grupos quinquenales INE (agregado),poblacion_residente_1_enero,nacionalidad=Extranjera; edad=20-34
2012-01-01,2012T1,ECP77023_00_extranjera_20-34,1793368.0,personas,INE,https://servicios.ine.es/wstempus/js/ES/DATOS_SERIE/<COD>?nult=400,España,nacional,00,,77023,Suma de grupos quinquenales INE (agregado),poblacion_residente_1_enero,nacionalidad=Extranjera; edad=20-34
2013-01-01,2013T1,ECP77023_00_extranjera_20-34,1640338.0,personas,INE,https://servicios.ine.es/wstempus/js/ES/DATOS_SERIE/<COD>?nult=400,España,nacional,00,,77023,Suma de grupos quinquenales INE (agregado),poblacion_residente_1_enero,nacionalidad=Extranjera; edad=20-34
2014-01-01,2014T1,ECP77023_00_extranjera_20-34,1416457.0,personas,INE,https://servicios.ine.es/wstempus/js/ES/DATOS_SERIE/<COD>?nult=400,España,nacional,00,,77023,Suma de grupos quinquenales INE (agregado),poblacion_residente_1_enero,nacionalidad=Extranjera; edad=20-34
2015-01-01,2015T1,ECP77023_00_extranjera_20-34,1285755.0,personas,INE,https://servicios.ine.es/wstempus/js/ES/DATOS_SERIE/<COD>?nult=400,España,nacional,00,,77023,Suma de grupos quinquenales INE (agregado),poblacion_residente_1_enero,nacionalidad=Extranjera; edad=20-34
2016-01-01,2016T1,ECP77023_00_extranjera_20-34,1225017.0,personas,INE,https://servicios.ine.es/wstempus/js/ES/DATOS_SERIE/<COD>?nult=400,España,nacional,00,,77023,Suma de grupos quinquenales INE (agregado),poblacion_residente_1_enero,nacionalidad=Extranjera; edad=20-34
2017-01-01,2017T1,ECP77023_00_extranjera_20-34,1189953.0,personas,INE,https://servicios.ine.es/wstempus/js/ES/DATOS_SERIE/<COD>?nult=400,España,nacional,00,,77023,Suma de grupos quinquenales INE (agregado),poblacion_residente_1_enero,nacionalidad=Extranjera; edad=20-34
2018-01-01,2018T1,ECP77023_00_extranjera_20-34,1225081.0,personas,INE,https://servicios.ine.es/wstempus/js/ES/DATOS_SERIE/<COD>?nult=400,España,nacional,00,,77023,Suma de grupos quinquenales INE (agregado),poblacion_residente_1_enero,nacionalidad=Extranjera; edad=20-34
2019-01-01,2019T1,ECP77023_00_extranjera_20-34,1312522.0,personas,INE,https://servicios.ine.es/wstempus/js/ES/DATOS_SERIE/<COD>?nult=400,España,nacional,00,,77023,Suma de grupos quinquenales INE (agregado),poblacion_residente_1_enero,nacionalidad=Extranjera; edad=20-34
2020-01-01,2020T1,ECP77023_00_extranjera_20-34,1438308.0,personas,INE,https://servicios.ine.es/wstempus/js/ES/DATOS_SERIE/<COD>?nult=400,España,nacional,00,,77023,Suma de grupos quinquenales INE (agregado),poblacion_residente_1_enero,nacionalidad=Extranjera; edad=20-34
2021-01-01,2021T1,ECP77023_00_extranjera_20-34,1464908.0,personas,INE,https://servicios.ine.es/wstempus/js/ES/DATOS_SERIE/<COD>?nult=400,España,nacional,00,,77023,Suma de grupos quinquenales INE (agregado),poblacion_residente_1_enero,nacionalidad=Extranjera; edad=20-34
2022-01-01,2022T1,ECP77023_00_extranjera_20-34,1462308.0,personas,INE,https://servicios.ine.es/wstempus/js/ES/DATOS_SERIE/<COD>?nult=400,España,nacional,00,,77023,Suma de grupos quinquenales INE (agregado),poblacion_residente_1_enero,nacionalidad=Extranjera; edad=20-34
2023-01-01,2023T1,ECP77023_00_extranjera_20-34,1649286.0,personas,INE,https://servicios.ine.es/wstempus/js/ES/DATOS_SERIE/<COD>?nult=400,España,nacional,00,,77023,Suma de grupos quinquenales INE (agregado),poblacion_residente_1_enero,nacionalidad=Extranjera; edad=20-34
2024-01-01,2024T1,ECP77023_00_extranjera_20-34,1774030.0,personas,INE,https://servicios.ine.es/wstempus/js/ES/DATOS_SERIE/<COD>?nult=400,España,nacional,00,,77023,Suma de grupos quinquenales INE (agregado),poblacion_residente_1_enero,nacionalidad=Extranjera; edad=20-34
2025-01-01,2025T1,ECP77023_00_extranjera_20-34,1902784.0,personas,INE,https://servicios.ine.es/wstempus/js/ES/DATOS_SERIE/<COD>?nult=400,España,nacional,00,,77023,Suma de grupos quinquenales INE (agregado),poblacion_residente_1_enero,nacionalidad=Extranjera; edad=20-34
2026-01-01,2026T1,ECP77023_00_extranjera_20-34,2011311.0,personas,INE,https://servicios.ine.es/wstempus/js/ES/DATOS_SERIE/<COD>?nult=400,España,nacional,00,,77023,Suma de grupos quinquenales INE (agregado),poblacion_residente_1_enero,nacionalidad=Extranjera; edad=20-34
2002-01-01,2002T1,ECP77023_00_extranjera_35-64,603872.0,personas,INE,https://servicios.ine.es/wstempus/js/ES/DATOS_SERIE/<COD>?nult=400,España,nacional,00,,77023,Suma de grupos quinquenales INE (agregado),poblacion_residente_1_enero,nacionalidad=Extranjera; edad=35-64
2003-01-01,2003T1,ECP77023_00_extranjera_35-64,804463.0,personas,INE,https://servicios.ine.es/wstempus/js/ES/DATOS_SERIE/<COD>?nult=400,España,nacional,00,,77023,Suma de grupos quinquenales INE (agregado),poblacion_residente_1_enero,nacionalidad=Extranjera; edad=35-64
2004-01-01,2004T1,ECP77023_00_extranjera_35-64,996454.0,personas,INE,https://servicios.ine.es/wstempus/js/ES/DATOS_SERIE/<COD>?nult=400,España,nacional,00,,77023,Suma de grupos quinquenales INE (agregado),poblacion_residente_1_enero,nacionalidad=Extranjera; edad=35-64
2005-01-01,2005T1,ECP77023_00_extranjera_35-64,1201722.0,personas,INE,https://servicios.ine.es/wstempus/js/ES/DATOS_SERIE/<COD>?nult=400,España,nacional,00,,77023,Suma de grupos quinquenales INE (agregado),poblacion_residente_1_enero,nacionalidad=Extranjera; edad=35-64
2006-01-01,2006T1,ECP77023_00_extranjera_35-64,1405519.0,personas,INE,https://servicios.ine.es/wstempus/js/ES/DATOS_SERIE/<COD>?nult=400,España,nacional,00,,77023,Suma de grupos quinquenales INE (agregado),poblacion_residente_1_enero,nacionalidad=Extranjera; edad=35-64
2007-01-01,2007T1,ECP77023_00_extranjera_35-64,1610938.0,personas,INE,https://servicios.ine.es/wstempus/js/ES/DATOS_SERIE/<COD>?nult=400,España,nacional,00,,77023,Suma de grupos quinquenales INE (agregado),poblacion_residente_1_enero,nacionalidad=Extranjera; edad=35-64
2008-01-01,2008T1,ECP77023_00_extranjera_35-64,1858253.0,personas,INE,https://servicios.ine.es/wstempus/js/ES/DATOS_SERIE/<COD>?nult=400,España,nacional,00,,77023,Suma de grupos quinquenales INE (agregado),poblacion_residente_1_enero,nacionalidad=Extranjera; edad=35-64
2009-01-01,2009T1,ECP77023_00_extranjera_35-64,2004659.0,personas,INE,https://servicios.ine.es/wstempus/js/ES/DATOS_SERIE/<COD>?nult=400,España,nacional,00,,77023,Suma de grupos quinquenales INE (agregado),poblacion_residente_1_enero,nacionalidad=Extranjera; edad=35-64
2010-01-01,2010T1,ECP77023_00_extranjera_35-64,2075627.0,personas,INE,https://servicios.ine.es/wstempus/js/ES/DATOS_SERIE/<COD>?nult=400,España,nacional,00,,77023,Suma de grupos quinquenales INE (agregado),poblacion_residente_1_enero,nacionalidad=Extranjera; edad=35-64
2011-01-01,2011T1,ECP77023_00_extranjera_35-64,2111868.0,personas,INE,https://servicios.ine.es/wstempus/js/ES/DATOS_SERIE/<COD>?nult=400,España,nacional,00,,77023,Suma de grupos quinquenales INE (agregado),poblacion_residente_1_enero,nacionalidad=Extranjera; edad=35-64
2012-01-01,2012T1,ECP77023_00_extranjera_35-64,2154756.0,personas,INE,https://servicios.ine.es/wstempus/js/ES/DATOS_SERIE/<COD>?nult=400,España,nacional,00,,77023,Suma de grupos quinquenales INE (agregado),poblacion_residente_1_enero,nacionalidad=Extranjera; edad=35-64
2013-01-01,2013T1,ECP77023_00_extranjera_35-64,2150900.0,personas,INE,https://servicios.ine.es/wstempus/js/ES/DATOS_SERIE/<COD>?nult=400,España,nacional,00,,77023,Suma de grupos quinquenales INE (agregado),poblacion_residente_1_enero,nacionalidad=Extranjera; edad=35-64
2014-01-01,2014T1,ECP77023_00_extranjera_35-64,2047266.0,personas,INE,https://servicios.ine.es/wstempus/js/ES/DATOS_SERIE/<COD>?nult=400,España,nacional,00,,77023,Suma de grupos quinquenales INE (agregado),poblacion_residente_1_enero,nacionalidad=Extranjera; edad=35-64
2015-01-01,2015T1,ECP77023_00_extranjera_35-64,2003117.0,personas,INE,https://servicios.ine.es/wstempus/js/ES/DATOS_SERIE/<COD>?nult=400,España,nacional,00,,77023,Suma de grupos quinquenales INE (agregado),poblacion_residente_1_enero,nacionalidad=Extranjera; edad=35-64
2016-01-01,2016T1,ECP77023_00_extranjera_35-64,2037150.0,personas,INE,https://servicios.ine.es/wstempus/js/ES/DATOS_SERIE/<COD>?nult=400,España,nacional,00,,77023,Suma de grupos quinquenales INE (agregado),poblacion_residente_1_enero,nacionalidad=Extranjera; edad=35-64
2017-01-01,2017T1,ECP77023_00_extranjera_35-64,2068127.0,personas,INE,https://servicios.ine.es/wstempus/js/ES/DATOS_SERIE/<COD>?nult=400,España,nacional,00,,77023,Suma de grupos quinquenales INE (agregado),poblacion_residente_1_enero,nacionalidad=Extranjera; edad=35-64
2018-01-01,2018T1,ECP77023_00_extranjera_35-64,2150571.0,personas,INE,https://servicios.ine.es/wstempus/js/ES/DATOS_SERIE/<COD>?nult=400,España,nacional,00,,77023,Suma de grupos quinquenales INE (agregado),poblacion_residente_1_enero,nacionalidad=Extranjera; edad=35-64
2019-01-01,2019T1,ECP77023_00_extranjera_35-64,2272004.0,personas,INE,https://servicios.ine.es/wstempus/js/ES/DATOS_SERIE/<COD>?nult=400,España,nacional,00,,77023,Suma de grupos quinquenales INE (agregado),poblacion_residente_1_enero,nacionalidad=Extranjera; edad=35-64
2020-01-01,2020T1,ECP77023_00_extranjera_35-64,2440574.0,personas,INE,https://servicios.ine.es/wstempus/js/ES/DATOS_SERIE/<COD>?nult=400,España,nacional,00,,77023,Suma de grupos quinquenales INE (agregado),poblacion_residente_1_enero,nacionalidad=Extranjera; edad=35-64
2021-01-01,2021T1,ECP77023_00_extranjera_35-64,2540495.0,personas,INE,https://servicios.ine.es/wstempus/js/ES/DATOS_SERIE/<COD>?nult=400,España,nacional,00,,77023,Suma de grupos quinquenales INE (agregado),poblacion_residente_1_enero,nacionalidad=Extranjera; edad=35-64
2022-01-01,2022T1,ECP77023_00_extranjera_35-64,2602390.0,personas,INE,https://servicios.ine.es/wstempus/js/ES/DATOS_SERIE/<COD>?nult=400,España,nacional,00,,77023,Suma de grupos quinquenales INE (agregado),poblacion_residente_1_enero,nacionalidad=Extranjera; edad=35-64
2023-01-01,2023T1,ECP77023_00_extranjera_35-64,2848967.0,personas,INE,https://servicios.ine.es/wstempus/js/ES/DATOS_SERIE/<COD>?nult=400,España,nacional,00,,77023,Suma de grupos quinquenales INE (agregado),poblacion_residente_1_enero,nacionalidad=Extranjera; edad=35-64
2024-01-01,2024T1,ECP77023_00_extranjera_35-64,3039314.0,personas,INE,https://servicios.ine.es/wstempus/js/ES/DATOS_SERIE/<COD>?nult=400,España,nacional,00,,77023,Suma de grupos quinquenales INE (agregado),poblacion_residente_1_enero,nacionalidad=Extranjera; edad=35-64
2025-01-01,2025T1,ECP77023_00_extranjera_35-64,3211327.0,personas,INE,https://servicios.ine.es/wstempus/js/ES/DATOS_SERIE/<COD>?nult=400,España,nacional,00,,77023,Suma de grupos quinquenales INE (agregado),poblacion_residente_1_enero,nacionalidad=Extranjera; edad=35-64
2026-01-01,2026T1,ECP77023_00_extranjera_35-64,3366055.0,personas,INE,https://servicios.ine.es/wstempus/js/ES/DATOS_SERIE/<COD>?nult=400,España,nacional,00,,77023,Suma de grupos quinquenales INE (agregado),poblacion_residente_1_enero,nacionalidad=Extranjera; edad=35-64
2002-01-01,2002T1,ECP77023_00_extranjera_65+,98197.0,personas,INE,https://servicios.ine.es/wstempus/js/ES/DATOS_SERIE/<COD>?nult=400,España,nacional,00,,77023,Suma de grupos quinquenales INE (agregado),poblacion_residente_1_enero,nacionalidad=Extranjera; edad=65+
2003-01-01,2003T1,ECP77023_00_extranjera_65+,116724.0,personas,INE,https://servicios.ine.es/wstempus/js/ES/DATOS_SERIE/<COD>?nult=400,España,nacional,00,,77023,Suma de grupos quinquenales INE (agregado),poblacion_residente_1_enero,nacionalidad=Extranjera; edad=65+
2004-01-01,2004T1,ECP77023_00_extranjera_65+,137008.0,personas,INE,https://servicios.ine.es/wstempus/js/ES/DATOS_SERIE/<COD>?nult=400,España,nacional,00,,77023,Suma de grupos quinquenales INE (agregado),poblacion_residente_1_enero,nacionalidad=Extranjera; edad=65+
2005-01-01,2005T1,ECP77023_00_extranjera_65+,157830.0,personas,INE,https://servicios.ine.es/wstempus/js/ES/DATOS_SERIE/<COD>?nult=400,España,nacional,00,,77023,Suma de grupos quinquenales INE (agregado),poblacion_residente_1_enero,nacionalidad=Extranjera; edad=65+
2006-01-01,2006T1,ECP77023_00_extranjera_65+,178817.0,personas,INE,https://servicios.ine.es/wstempus/js/ES/DATOS_SERIE/<COD>?nult=400,España,nacional,00,,77023,Suma de grupos quinquenales INE (agregado),poblacion_residente_1_enero,nacionalidad=Extranjera; edad=65+
2007-01-01,2007T1,ECP77023_00_extranjera_65+,199780.0,personas,INE,https://servicios.ine.es/wstempus/js/ES/DATOS_SERIE/<COD>?nult=400,España,nacional,00,,77023,Suma de grupos quinquenales INE (agregado),poblacion_residente_1_enero,nacionalidad=Extranjera; edad=65+
2008-01-01,2008T1,ECP77023_00_extranjera_65+,222272.0,personas,INE,https://servicios.ine.es/wstempus/js/ES/DATOS_SERIE/<COD>?nult=400,España,nacional,00,,77023,Suma de grupos quinquenales INE (agregado),poblacion_residente_1_enero,nacionalidad=Extranjera; edad=65+
2009-01-01,2009T1,ECP77023_00_extranjera_65+,239771.0,personas,INE,https://servicios.ine.es/wstempus/js/ES/DATOS_SERIE/<COD>?nult=400,España,nacional,00,,77023,Suma de grupos quinquenales INE (agregado),poblacion_residente_1_enero,nacionalidad=Extranjera; edad=65+
2010-01-01,2010T1,ECP77023_00_extranjera_65+,255522.0,personas,INE,https://servicios.ine.es/wstempus/js/ES/DATOS_SERIE/<COD>?nult=400,España,nacional,00,,77023,Suma de grupos quinquenales INE (agregado),poblacion_residente_1_enero,nacionalidad=Extranjera; edad=65+
2011-01-01,2011T1,ECP77023_00_extranjera_65+,266641.0,personas,INE,https://servicios.ine.es/wstempus/js/ES/DATOS_SERIE/<COD>?nult=400,España,nacional,00,,77023,Suma de grupos quinquenales INE (agregado),poblacion_residente_1_enero,nacionalidad=Extranjera; edad=65+
2012-01-01,2012T1,ECP77023_00_extranjera_65+,284081.0,personas,INE,https://servicios.ine.es/wstempus/js/ES/DATOS_SERIE/<COD>?nult=400,España,nacional,00,,77023,Suma de grupos quinquenales INE (agregado),poblacion_residente_1_enero,nacionalidad=Extranjera; edad=65+
2013-01-01,2013T1,ECP77023_00_extranjera_65+,297719.0,personas,INE,https://servicios.ine.es/wstempus/js/ES/DATOS_SERIE/<COD>?nult=400,España,nacional,00,,77023,Suma de grupos quinquenales INE (agregado),poblacion_residente_1_enero,nacionalidad=Extranjera; edad=65+
2014-01-01,2014T1,ECP77023_00_extranjera_65+,302728.0,personas,INE,https://servicios.ine.es/wstempus/js/ES/DATOS_SERIE/<COD>?nult=400,España,nacional,00,,77023,Suma de grupos quinquenales INE (agregado),poblacion_residente_1_enero,nacionalidad=Extranjera; edad=65+
2015-01-01,2015T1,ECP77023_00_extranjera_65+,309459.0,personas,INE,https://servicios.ine.es/wstempus/js/ES/DATOS_SERIE/<COD>?nult=400,España,nacional,00,,77023,Suma de grupos quinquenales INE (agregado),poblacion_residente_1_enero,nacionalidad=Extranjera; edad=65+
2016-01-01,2016T1,ECP77023_00_extranjera_65+,320527.0,personas,INE,https://servicios.ine.es/wstempus/js/ES/DATOS_SERIE/<COD>?nult=400,España,nacional,00,,77023,Suma de grupos quinquenales INE (agregado),poblacion_residente_1_enero,nacionalidad=Extranjera; edad=65+
2017-01-01,2017T1,ECP77023_00_extranjera_65+,329453.0,personas,INE,https://servicios.ine.es/wstempus/js/ES/DATOS_SERIE/<COD>?nult=400,España,nacional,00,,77023,Suma de grupos quinquenales INE (agregado),poblacion_residente_1_enero,nacionalidad=Extranjera; edad=65+
2018-01-01,2018T1,ECP77023_00_extranjera_65+,336311.0,personas,INE,https://servicios.ine.es/wstempus/js/ES/DATOS_SERIE/<COD>?nult=400,España,nacional,00,,77023,Suma de grupos quinquenales INE (agregado),poblacion_residente_1_enero,nacionalidad=Extranjera; edad=65+
2019-01-01,2019T1,ECP77023_00_extranjera_65+,348937.0,personas,INE,https://servicios.ine.es/wstempus/js/ES/DATOS_SERIE/<COD>?nult=400,España,nacional,00,,77023,Suma de grupos quinquenales INE (agregado),poblacion_residente_1_enero,nacionalidad=Extranjera; edad=65+
2020-01-01,2020T1,ECP77023_00_extranjera_65+,372619.0,personas,INE,https://servicios.ine.es/wstempus/js/ES/DATOS_SERIE/<COD>?nult=400,España,nacional,00,,77023,Suma de grupos quinquenales INE (agregado),poblacion_residente_1_enero,nacionalidad=Extranjera; edad=65+
2021-01-01,2021T1,ECP77023_00_extranjera_65+,390764.0,personas,INE,https://servicios.ine.es/wstempus/js/ES/DATOS_SERIE/<COD>?nult=400,España,nacional,00,,77023,Suma de grupos quinquenales INE (agregado),poblacion_residente_1_enero,nacionalidad=Extranjera; edad=65+
2022-01-01,2022T1,ECP77023_00_extranjera_65+,426134.0,personas,INE,https://servicios.ine.es/wstempus/js/ES/DATOS_SERIE/<COD>?nult=400,España,nacional,00,,77023,Suma de grupos quinquenales INE (agregado),poblacion_residente_1_enero,nacionalidad=Extranjera; edad=65+
2023-01-01,2023T1,ECP77023_00_extranjera_65+,470709.0,personas,INE,https://servicios.ine.es/wstempus/js/ES/DATOS_SERIE/<COD>?nult=400,España,nacional,00,,77023,Suma de grupos quinquenales INE (agregado),poblacion_residente_1_enero,nacionalidad=Extranjera; edad=65+
2024-01-01,2024T1,ECP77023_00_extranjera_65+,508847.0,personas,INE,https://servicios.ine.es/wstempus/js/ES/DATOS_SERIE/<COD>?nult=400,España,nacional,00,,77023,Suma de grupos quinquenales INE (agregado),poblacion_residente_1_enero,nacionalidad=Extranjera; edad=65+
2025-01-01,2025T1,ECP77023_00_extranjera_65+,548023.0,personas,INE,https://servicios.ine.es/wstempus/js/ES/DATOS_SERIE/<COD>?nult=400,España,nacional,00,,77023,Suma de grupos quinquenales INE (agregado),poblacion_residente_1_enero,nacionalidad=Extranjera; edad=65+
2026-01-01,2026T1,ECP77023_00_extranjera_65+,591538.0,personas,INE,https://servicios.ine.es/wstempus/js/ES/DATOS_SERIE/<COD>?nult=400,España,nacional,00,,77023,Suma de grupos quinquenales INE (agregado),poblacion_residente_1_enero,nacionalidad=Extranjera; edad=65+
2002-01-01,2002T1,ECP77023_00_extranjera_Todas,1737972.0,personas,INE,https://servicios.ine.es/wstempus/js/ES/DATOS_SERIE/<COD>?nult=400,España,nacional,00,,77023,Todas las edades (publicado),poblacion_residente_1_enero,nacionalidad=Extranjera; edad=Todas
2003-01-01,2003T1,ECP77023_00_extranjera_Todas,2362027.0,personas,INE,https://servicios.ine.es/wstempus/js/ES/DATOS_SERIE/<COD>?nult=400,España,nacional,00,,77023,Todas las edades (publicado),poblacion_residente_1_enero,nacionalidad=Extranjera; edad=Todas
2004-01-01,2004T1,ECP77023_00_extranjera_Todas,2900788.0,personas,INE,https://servicios.ine.es/wstempus/js/ES/DATOS_SERIE/<COD>?nult=400,España,nacional,00,,77023,Todas las edades (publicado),poblacion_residente_1_enero,nacionalidad=Extranjera; edad=Todas
2005-01-01,2005T1,ECP77023_00_extranjera_Todas,3430204.0,personas,INE,https://servicios.ine.es/wstempus/js/ES/DATOS_SERIE/<COD>?nult=400,España,nacional,00,,77023,Todas las edades (publicado),poblacion_residente_1_enero,nacionalidad=Extranjera; edad=Todas
2006-01-01,2006T1,ECP77023_00_extranjera_Todas,3930916.0,personas,INE,https://servicios.ine.es/wstempus/js/ES/DATOS_SERIE/<COD>?nult=400,España,nacional,00,,77023,Todas las edades (publicado),poblacion_residente_1_enero,nacionalidad=Extranjera; edad=Todas
2007-01-01,2007T1,ECP77023_00_extranjera_Todas,4449434.0,personas,INE,https://servicios.ine.es/wstempus/js/ES/DATOS_SERIE/<COD>?nult=400,España,nacional,00,,77023,Todas las edades (publicado),poblacion_residente_1_enero,nacionalidad=Extranjera; edad=Todas
2008-01-01,2008T1,ECP77023_00_extranjera_Todas,5086295.0,personas,INE,https://servicios.ine.es/wstempus/js/ES/DATOS_SERIE/<COD>?nult=400,España,nacional,00,,77023,Todas las edades (publicado),poblacion_residente_1_enero,nacionalidad=Extranjera; edad=Todas
2009-01-01,2009T1,ECP77023_00_extranjera_Todas,5386659.0,personas,INE,https://servicios.ine.es/wstempus/js/ES/DATOS_SERIE/<COD>?nult=400,España,nacional,00,,77023,Todas las edades (publicado),poblacion_residente_1_enero,nacionalidad=Extranjera; edad=Todas
2010-01-01,2010T1,ECP77023_00_extranjera_Todas,5402579.0,personas,INE,https://servicios.ine.es/wstempus/js/ES/DATOS_SERIE/<COD>?nult=400,España,nacional,00,,77023,Todas las edades (publicado),poblacion_residente_1_enero,nacionalidad=Extranjera; edad=Todas
2011-01-01,2011T1,ECP77023_00_extranjera_Todas,5312440.0,personas,INE,https://servicios.ine.es/wstempus/js/ES/DATOS_SERIE/<COD>?nult=400,España,nacional,00,,77023,Todas las edades (publicado),poblacion_residente_1_enero,nacionalidad=Extranjera; edad=Todas
2012-01-01,2012T1,ECP77023_00_extranjera_Todas,5236030.0,personas,INE,https://servicios.ine.es/wstempus/js/ES/DATOS_SERIE/<COD>?nult=400,España,nacional,00,,77023,Todas las edades (publicado),poblacion_residente_1_enero,nacionalidad=Extranjera; edad=Todas
2013-01-01,2013T1,ECP77023_00_extranjera_Todas,5064584.0,personas,INE,https://servicios.ine.es/wstempus/js/ES/DATOS_SERIE/<COD>?nult=400,España,nacional,00,,77023,Todas las edades (publicado),poblacion_residente_1_enero,nacionalidad=Extranjera; edad=Todas
2014-01-01,2014T1,ECP77023_00_extranjera_Todas,4676352.0,personas,INE,https://servicios.ine.es/wstempus/js/ES/DATOS_SERIE/<COD>?nult=400,España,nacional,00,,77023,Todas las edades (publicado),poblacion_residente_1_enero,nacionalidad=Extranjera; edad=Todas
2015-01-01,2015T1,ECP77023_00_extranjera_Todas,4453985.0,personas,INE,https://servicios.ine.es/wstempus/js/ES/DATOS_SERIE/<COD>?nult=400,España,nacional,00,,77023,Todas las edades (publicado),poblacion_residente_1_enero,nacionalidad=Extranjera; edad=Todas
2016-01-01,2016T1,ECP77023_00_extranjera_Todas,4419334.0,personas,INE,https://servicios.ine.es/wstempus/js/ES/DATOS_SERIE/<COD>?nult=400,España,nacional,00,,77023,Todas las edades (publicado),poblacion_residente_1_enero,nacionalidad=Extranjera; edad=Todas
2017-01-01,2017T1,ECP77023_00_extranjera_Todas,4417653.0,personas,INE,https://servicios.ine.es/wstempus/js/ES/DATOS_SERIE/<COD>?nult=400,España,nacional,00,,77023,Todas las edades (publicado),poblacion_residente_1_enero,nacionalidad=Extranjera; edad=Todas
2018-01-01,2018T1,ECP77023_00_extranjera_Todas,4577322.0,personas,INE,https://servicios.ine.es/wstempus/js/ES/DATOS_SERIE/<COD>?nult=400,España,nacional,00,,77023,Todas las edades (publicado),poblacion_residente_1_enero,nacionalidad=Extranjera; edad=Todas
2019-01-01,2019T1,ECP77023_00_extranjera_Todas,4850762.0,personas,INE,https://servicios.ine.es/wstempus/js/ES/DATOS_SERIE/<COD>?nult=400,España,nacional,00,,77023,Todas las edades (publicado),poblacion_residente_1_enero,nacionalidad=Extranjera; edad=Todas
2020-01-01,2020T1,ECP77023_00_extranjera_Todas,5241278.0,personas,INE,https://servicios.ine.es/wstempus/js/ES/DATOS_SERIE/<COD>?nult=400,España,nacional,00,,77023,Todas las edades (publicado),poblacion_residente_1_enero,nacionalidad=Extranjera; edad=Todas
2021-01-01,2021T1,ECP77023_00_extranjera_Todas,5402702.0,personas,INE,https://servicios.ine.es/wstempus/js/ES/DATOS_SERIE/<COD>?nult=400,España,nacional,00,,77023,Todas las edades (publicado),poblacion_residente_1_enero,nacionalidad=Extranjera; edad=Todas
2022-01-01,2022T1,ECP77023_00_extranjera_Todas,5509046.0,personas,INE,https://servicios.ine.es/wstempus/js/ES/DATOS_SERIE/<COD>?nult=400,España,nacional,00,,77023,Todas las edades (publicado),poblacion_residente_1_enero,nacionalidad=Extranjera; edad=Todas
2023-01-01,2023T1,ECP77023_00_extranjera_Todas,6089620.0,personas,INE,https://servicios.ine.es/wstempus/js/ES/DATOS_SERIE/<COD>?nult=400,España,nacional,00,,77023,Todas las edades (publicado),poblacion_residente_1_enero,nacionalidad=Extranjera; edad=Todas
2024-01-01,2024T1,ECP77023_00_extranjera_Todas,6502282.0,personas,INE,https://servicios.ine.es/wstempus/js/ES/DATOS_SERIE/<COD>?nult=400,España,nacional,00,,77023,Todas las edades (publicado),poblacion_residente_1_enero,nacionalidad=Extranjera; edad=Todas
2025-01-01,2025T1,ECP77023_00_extranjera_Todas,6911971.0,personas,INE,https://servicios.ine.es/wstempus/js/ES/DATOS_SERIE/<COD>?nult=400,España,nacional,00,,77023,Todas las edades (publicado),poblacion_residente_1_enero,nacionalidad=Extranjera; edad=Todas
2026-01-01,2026T1,ECP77023_00_extranjera_Todas,7256796.0,personas,INE,https://servicios.ine.es/wstempus/js/ES/DATOS_SERIE/<COD>?nult=400,España,nacional,00,,77023,Todas las edades (publicado),poblacion_residente_1_enero,nacionalidad=Extranjera; edad=Todas
2002-01-01,2002T1,ECP77023_00_total_0-19,8413996.0,personas,INE,https://servicios.ine.es/wstempus/js/ES/DATOS_SERIE/<COD>?nult=400,España,nacional,00,,77023,Suma de grupos quinquenales INE (agregado),poblacion_residente_1_enero,nacionalidad=Total; edad=0-19
2003-01-01,2003T1,ECP77023_00_total_0-19,8455309.0,personas,INE,https://servicios.ine.es/wstempus/js/ES/DATOS_SERIE/<COD>?nult=400,España,nacional,00,,77023,Suma de grupos quinquenales INE (agregado),poblacion_residente_1_enero,nacionalidad=Total; edad=0-19
2004-01-01,2004T1,ECP77023_00_total_0-19,8526847.0,personas,INE,https://servicios.ine.es/wstempus/js/ES/DATOS_SERIE/<COD>?nult=400,España,nacional,00,,77023,Suma de grupos quinquenales INE (agregado),poblacion_residente_1_enero,nacionalidad=Total; edad=0-19
2005-01-01,2005T1,ECP77023_00_total_0-19,8592920.0,personas,INE,https://servicios.ine.es/wstempus/js/ES/DATOS_SERIE/<COD>?nult=400,España,nacional,00,,77023,Suma de grupos quinquenales INE (agregado),poblacion_residente_1_enero,nacionalidad=Total; edad=0-19
2006-01-01,2006T1,ECP77023_00_total_0-19,8689258.0,personas,INE,https://servicios.ine.es/wstempus/js/ES/DATOS_SERIE/<COD>?nult=400,España,nacional,00,,77023,Suma de grupos quinquenales INE (agregado),poblacion_residente_1_enero,nacionalidad=Total; edad=0-19
2007-01-01,2007T1,ECP77023_00_total_0-19,8829141.0,personas,INE,https://servicios.ine.es/wstempus/js/ES/DATOS_SERIE/<COD>?nult=400,España,nacional,00,,77023,Suma de grupos quinquenales INE (agregado),poblacion_residente_1_enero,nacionalidad=Total; edad=0-19
2008-01-01,2008T1,ECP77023_00_total_0-19,9001998.0,personas,INE,https://servicios.ine.es/wstempus/js/ES/DATOS_SERIE/<COD>?nult=400,España,nacional,00,,77023,Suma de grupos quinquenales INE (agregado),poblacion_residente_1_enero,nacionalidad=Total; edad=0-19
2009-01-01,2009T1,ECP77023_00_total_0-19,9138675.0,personas,INE,https://servicios.ine.es/wstempus/js/ES/DATOS_SERIE/<COD>?nult=400,España,nacional,00,,77023,Suma de grupos quinquenales INE (agregado),poblacion_residente_1_enero,nacionalidad=Total; edad=0-19
2010-01-01,2010T1,ECP77023_00_total_0-19,9198129.0,personas,INE,https://servicios.ine.es/wstempus/js/ES/DATOS_SERIE/<COD>?nult=400,España,nacional,00,,77023,Suma de grupos quinquenales INE (agregado),poblacion_residente_1_enero,nacionalidad=Total; edad=0-19
2011-01-01,2011T1,ECP77023_00_total_0-19,9241786.0,personas,INE,https://servicios.ine.es/wstempus/js/ES/DATOS_SERIE/<COD>?nult=400,España,nacional,00,,77023,Suma de grupos quinquenales INE (agregado),poblacion_residente_1_enero,nacionalidad=Total; edad=0-19
2012-01-01,2012T1,ECP77023_00_total_0-19,9276353.0,personas,INE,https://servicios.ine.es/wstempus/js/ES/DATOS_SERIE/<COD>?nult=400,España,nacional,00,,77023,Suma de grupos quinquenales INE (agregado),poblacion_residente_1_enero,nacionalidad=Total; edad=0-19
2013-01-01,2013T1,ECP77023_00_total_0-19,9245886.0,personas,INE,https://servicios.ine.es/wstempus/js/ES/DATOS_SERIE/<COD>?nult=400,España,nacional,00,,77023,Suma de grupos quinquenales INE (agregado),poblacion_residente_1_enero,nacionalidad=Total; edad=0-19
2014-01-01,2014T1,ECP77023_00_total_0-19,9191214.0,personas,INE,https://servicios.ine.es/wstempus/js/ES/DATOS_SERIE/<COD>?nult=400,España,nacional,00,,77023,Suma de grupos quinquenales INE (agregado),poblacion_residente_1_enero,nacionalidad=Total; edad=0-19
2015-01-01,2015T1,ECP77023_00_total_0-19,9178132.0,personas,INE,https://servicios.ine.es/wstempus/js/ES/DATOS_SERIE/<COD>?nult=400,España,nacional,00,,77023,Suma de grupos quinquenales INE (agregado),poblacion_residente_1_enero,nacionalidad=Total; edad=0-19
2016-01-01,2016T1,ECP77023_00_total_0-19,9177132.0,personas,INE,https://servicios.ine.es/wstempus/js/ES/DATOS_SERIE/<COD>?nult=400,España,nacional,00,,77023,Suma de grupos quinquenales INE (agregado),poblacion_residente_1_enero,nacionalidad=Total; edad=0-19
2017-01-01,2017T1,ECP77023_00_total_0-19,9183410.0,personas,INE,https://servicios.ine.es/wstempus/js/ES/DATOS_SERIE/<COD>?nult=400,España,nacional,00,,77023,Suma de grupos quinquenales INE (agregado),poblacion_residente_1_enero,nacionalidad=Total; edad=0-19
2018-01-01,2018T1,ECP77023_00_total_0-19,9192358.0,personas,INE,https://servicios.ine.es/wstempus/js/ES/DATOS_SERIE/<COD>?nult=400,España,nacional,00,,77023,Suma de grupos quinquenales INE (agregado),poblacion_residente_1_enero,nacionalidad=Total; edad=0-19
2019-01-01,2019T1,ECP77023_00_total_0-19,9204269.0,personas,INE,https://servicios.ine.es/wstempus/js/ES/DATOS_SERIE/<COD>?nult=400,España,nacional,00,,77023,Suma de grupos quinquenales INE (agregado),poblacion_residente_1_enero,nacionalidad=Total; edad=0-19
2020-01-01,2020T1,ECP77023_00_total_0-19,9214671.0,personas,INE,https://servicios.ine.es/wstempus/js/ES/DATOS_SERIE/<COD>?nult=400,España,nacional,00,,77023,Suma de grupos quinquenales INE (agregado),poblacion_residente_1_enero,nacionalidad=Total; edad=0-19
2021-01-01,2021T1,ECP77023_00_total_0-19,9131950.0,personas,INE,https://servicios.ine.es/wstempus/js/ES/DATOS_SERIE/<COD>?nult=400,España,nacional,00,,77023,Suma de grupos quinquenales INE (agregado),poblacion_residente_1_enero,nacionalidad=Total; edad=0-19
2022-01-01,2022T1,ECP77023_00_total_0-19,9063063.0,personas,INE,https://servicios.ine.es/wstempus/js/ES/DATOS_SERIE/<COD>?nult=400,España,nacional,00,,77023,Suma de grupos quinquenales INE (agregado),poblacion_residente_1_enero,nacionalidad=Total; edad=0-19
2023-01-01,2023T1,ECP77023_00_total_0-19,9100021.0,personas,INE,https://servicios.ine.es/wstempus/js/ES/DATOS_SERIE/<COD>?nult=400,España,nacional,00,,77023,Suma de grupos quinquenales INE (agregado),poblacion_residente_1_enero,nacionalidad=Total; edad=0-19
2024-01-01,2024T1,ECP77023_00_total_0-19,9075245.0,personas,INE,https://servicios.ine.es/wstempus/js/ES/DATOS_SERIE/<COD>?nult=400,España,nacional,00,,77023,Suma de grupos quinquenales INE (agregado),poblacion_residente_1_enero,nacionalidad=Total; edad=0-19
2025-01-01,2025T1,ECP77023_00_total_0-19,9041329.0,personas,INE,https://servicios.ine.es/wstempus/js/ES/DATOS_SERIE/<COD>?nult=400,España,nacional,00,,77023,Suma de grupos quinquenales INE (agregado),poblacion_residente_1_enero,nacionalidad=Total; edad=0-19
2026-01-01,2026T1,ECP77023_00_total_0-19,8975727.0,personas,INE,https://servicios.ine.es/wstempus/js/ES/DATOS_SERIE/<COD>?nult=400,España,nacional,00,,77023,Suma de grupos quinquenales INE (agregado),poblacion_residente_1_enero,nacionalidad=Total; edad=0-19
2002-01-01,2002T1,ECP77023_00_total_20-34,10124139.0,personas,INE,https://servicios.ine.es/wstempus/js/ES/DATOS_SERIE/<COD>?nult=400,España,nacional,00,,77023,Suma de grupos quinquenales INE (agregado),poblacion_residente_1_enero,nacionalidad=Total; edad=20-34
2003-01-01,2003T1,ECP77023_00_total_20-34,10301183.0,personas,INE,https://servicios.ine.es/wstempus/js/ES/DATOS_SERIE/<COD>?nult=400,España,nacional,00,,77023,Suma de grupos quinquenales INE (agregado),poblacion_residente_1_enero,nacionalidad=Total; edad=20-34
2004-01-01,2004T1,ECP77023_00_total_20-34,10400201.0,personas,INE,https://servicios.ine.es/wstempus/js/ES/DATOS_SERIE/<COD>?nult=400,España,nacional,00,,77023,Suma de grupos quinquenales INE (agregado),poblacion_residente_1_enero,nacionalidad=Total; edad=20-34
2005-01-01,2005T1,ECP77023_00_total_20-34,10493319.0,personas,INE,https://servicios.ine.es/wstempus/js/ES/DATOS_SERIE/<COD>?nult=400,España,nacional,00,,77023,Suma de grupos quinquenales INE (agregado),poblacion_residente_1_enero,nacionalidad=Total; edad=20-34
2006-01-01,2006T1,ECP77023_00_total_20-34,10530383.0,personas,INE,https://servicios.ine.es/wstempus/js/ES/DATOS_SERIE/<COD>?nult=400,España,nacional,00,,77023,Suma de grupos quinquenales INE (agregado),poblacion_residente_1_enero,nacionalidad=Total; edad=20-34
2007-01-01,2007T1,ECP77023_00_total_20-34,10546411.0,personas,INE,https://servicios.ine.es/wstempus/js/ES/DATOS_SERIE/<COD>?nult=400,España,nacional,00,,77023,Suma de grupos quinquenales INE (agregado),poblacion_residente_1_enero,nacionalidad=Total; edad=20-34
2008-01-01,2008T1,ECP77023_00_total_20-34,10594928.0,personas,INE,https://servicios.ine.es/wstempus/js/ES/DATOS_SERIE/<COD>?nult=400,España,nacional,00,,77023,Suma de grupos quinquenales INE (agregado),poblacion_residente_1_enero,nacionalidad=Total; edad=20-34
2009-01-01,2009T1,ECP77023_00_total_20-34,10465601.0,personas,INE,https://servicios.ine.es/wstempus/js/ES/DATOS_SERIE/<COD>?nult=400,España,nacional,00,,77023,Suma de grupos quinquenales INE (agregado),poblacion_residente_1_enero,nacionalidad=Total; edad=20-34
2010-01-01,2010T1,ECP77023_00_total_20-34,10155333.0,personas,INE,https://servicios.ine.es/wstempus/js/ES/DATOS_SERIE/<COD>?nult=400,España,nacional,00,,77023,Suma de grupos quinquenales INE (agregado),poblacion_residente_1_enero,nacionalidad=Total; edad=20-34
2011-01-01,2011T1,ECP77023_00_total_20-34,9803076.0,personas,INE,https://servicios.ine.es/wstempus/js/ES/DATOS_SERIE/<COD>?nult=400,España,nacional,00,,77023,Suma de grupos quinquenales INE (agregado),poblacion_residente_1_enero,nacionalidad=Total; edad=20-34
2012-01-01,2012T1,ECP77023_00_total_20-34,9439183.0,personas,INE,https://servicios.ine.es/wstempus/js/ES/DATOS_SERIE/<COD>?nult=400,España,nacional,00,,77023,Suma de grupos quinquenales INE (agregado),poblacion_residente_1_enero,nacionalidad=Total; edad=20-34
2013-01-01,2013T1,ECP77023_00_total_20-34,9037694.0,personas,INE,https://servicios.ine.es/wstempus/js/ES/DATOS_SERIE/<COD>?nult=400,España,nacional,00,,77023,Suma de grupos quinquenales INE (agregado),poblacion_residente_1_enero,nacionalidad=Total; edad=20-34
2014-01-01,2014T1,ECP77023_00_total_20-34,8601964.0,personas,INE,https://servicios.ine.es/wstempus/js/ES/DATOS_SERIE/<COD>?nult=400,España,nacional,00,,77023,Suma de grupos quinquenales INE (agregado),poblacion_residente_1_enero,nacionalidad=Total; edad=20-34
2015-01-01,2015T1,ECP77023_00_total_20-34,8260734.0,personas,INE,https://servicios.ine.es/wstempus/js/ES/DATOS_SERIE/<COD>?nult=400,España,nacional,00,,77023,Suma de grupos quinquenales INE (agregado),poblacion_residente_1_enero,nacionalidad=Total; edad=20-34
2016-01-01,2016T1,ECP77023_00_total_20-34,7983309.0,personas,INE,https://servicios.ine.es/wstempus/js/ES/DATOS_SERIE/<COD>?nult=400,España,nacional,00,,77023,Suma de grupos quinquenales INE (agregado),poblacion_residente_1_enero,nacionalidad=Total; edad=20-34
2017-01-01,2017T1,ECP77023_00_total_20-34,7781348.0,personas,INE,https://servicios.ine.es/wstempus/js/ES/DATOS_SERIE/<COD>?nult=400,España,nacional,00,,77023,Suma de grupos quinquenales INE (agregado),poblacion_residente_1_enero,nacionalidad=Total; edad=20-34
2018-01-01,2018T1,ECP77023_00_total_20-34,7670920.0,personas,INE,https://servicios.ine.es/wstempus/js/ES/DATOS_SERIE/<COD>?nult=400,España,nacional,00,,77023,Suma de grupos quinquenales INE (agregado),poblacion_residente_1_enero,nacionalidad=Total; edad=20-34
2019-01-01,2019T1,ECP77023_00_total_20-34,7653051.0,personas,INE,https://servicios.ine.es/wstempus/js/ES/DATOS_SERIE/<COD>?nult=400,España,nacional,00,,77023,Suma de grupos quinquenales INE (agregado),poblacion_residente_1_enero,nacionalidad=Total; edad=20-34
2020-01-01,2020T1,ECP77023_00_total_20-34,7707453.0,personas,INE,https://servicios.ine.es/wstempus/js/ES/DATOS_SERIE/<COD>?nult=400,España,nacional,00,,77023,Suma de grupos quinquenales INE (agregado),poblacion_residente_1_enero,nacionalidad=Total; edad=20-34
2021-01-01,2021T1,ECP77023_00_total_20-34,7698022.0,personas,INE,https://servicios.ine.es/wstempus/js/ES/DATOS_SERIE/<COD>?nult=400,España,nacional,00,,77023,Suma de grupos quinquenales INE (agregado),poblacion_residente_1_enero,nacionalidad=Total; edad=20-34
2022-01-01,2022T1,ECP77023_00_total_20-34,7675503.0,personas,INE,https://servicios.ine.es/wstempus/js/ES/DATOS_SERIE/<COD>?nult=400,España,nacional,00,,77023,Suma de grupos quinquenales INE (agregado),poblacion_residente_1_enero,nacionalidad=Total; edad=20-34
2023-01-01,2023T1,ECP77023_00_total_20-34,7875941.0,personas,INE,https://servicios.ine.es/wstempus/js/ES/DATOS_SERIE/<COD>?nult=400,España,nacional,00,,77023,Suma de grupos quinquenales INE (agregado),poblacion_residente_1_enero,nacionalidad=Total; edad=20-34
2024-01-01,2024T1,ECP77023_00_total_20-34,8064789.0,personas,INE,https://servicios.ine.es/wstempus/js/ES/DATOS_SERIE/<COD>?nult=400,España,nacional,00,,77023,Suma de grupos quinquenales INE (agregado),poblacion_residente_1_enero,nacionalidad=Total; edad=20-34
2025-01-01,2025T1,ECP77023_00_total_20-34,8265288.0,personas,INE,https://servicios.ine.es/wstempus/js/ES/DATOS_SERIE/<COD>?nult=400,España,nacional,00,,77023,Suma de grupos quinquenales INE (agregado),poblacion_residente_1_enero,nacionalidad=Total; edad=20-34
2026-01-01,2026T1,ECP77023_00_total_20-34,8459710.0,personas,INE,https://servicios.ine.es/wstempus/js/ES/DATOS_SERIE/<COD>?nult=400,España,nacional,00,,77023,Suma de grupos quinquenales INE (agregado),poblacion_residente_1_enero,nacionalidad=Total; edad=20-34
2002-01-01,2002T1,ECP77023_00_total_35-64,15516589.0,personas,INE,https://servicios.ine.es/wstempus/js/ES/DATOS_SERIE/<COD>?nult=400,España,nacional,00,,77023,Suma de grupos quinquenales INE (agregado),poblacion_residente_1_enero,nacionalidad=Total; edad=35-64
2003-01-01,2003T1,ECP77023_00_total_35-64,15978506.0,personas,INE,https://servicios.ine.es/wstempus/js/ES/DATOS_SERIE/<COD>?nult=400,España,nacional,00,,77023,Suma de grupos quinquenales INE (agregado),poblacion_residente_1_enero,nacionalidad=Total; edad=35-64
2004-01-01,2004T1,ECP77023_00_total_35-64,16473730.0,personas,INE,https://servicios.ine.es/wstempus/js/ES/DATOS_SERIE/<COD>?nult=400,España,nacional,00,,77023,Suma de grupos quinquenales INE (agregado),poblacion_residente_1_enero,nacionalidad=Total; edad=35-64
2005-01-01,2005T1,ECP77023_00_total_35-64,17040213.0,personas,INE,https://servicios.ine.es/wstempus/js/ES/DATOS_SERIE/<COD>?nult=400,España,nacional,00,,77023,Suma de grupos quinquenales INE (agregado),poblacion_residente_1_enero,nacionalidad=Total; edad=35-64
2006-01-01,2006T1,ECP77023_00_total_35-64,17466178.0,personas,INE,https://servicios.ine.es/wstempus/js/ES/DATOS_SERIE/<COD>?nult=400,España,nacional,00,,77023,Suma de grupos quinquenales INE (agregado),poblacion_residente_1_enero,nacionalidad=Total; edad=35-64
2007-01-01,2007T1,ECP77023_00_total_35-64,18001949.0,personas,INE,https://servicios.ine.es/wstempus/js/ES/DATOS_SERIE/<COD>?nult=400,España,nacional,00,,77023,Suma de grupos quinquenales INE (agregado),poblacion_residente_1_enero,nacionalidad=Total; edad=35-64
2008-01-01,2008T1,ECP77023_00_total_35-64,18565721.0,personas,INE,https://servicios.ine.es/wstempus/js/ES/DATOS_SERIE/<COD>?nult=400,España,nacional,00,,77023,Suma de grupos quinquenales INE (agregado),poblacion_residente_1_enero,nacionalidad=Total; edad=35-64
2009-01-01,2009T1,ECP77023_00_total_35-64,18977028.0,personas,INE,https://servicios.ine.es/wstempus/js/ES/DATOS_SERIE/<COD>?nult=400,España,nacional,00,,77023,Suma de grupos quinquenales INE (agregado),poblacion_residente_1_enero,nacionalidad=Total; edad=35-64
2010-01-01,2010T1,ECP77023_00_total_35-64,19322759.0,personas,INE,https://servicios.ine.es/wstempus/js/ES/DATOS_SERIE/<COD>?nult=400,España,nacional,00,,77023,Suma de grupos quinquenales INE (agregado),poblacion_residente_1_enero,nacionalidad=Total; edad=35-64
2011-01-01,2011T1,ECP77023_00_total_35-64,19639318.0,personas,INE,https://servicios.ine.es/wstempus/js/ES/DATOS_SERIE/<COD>?nult=400,España,nacional,00,,77023,Suma de grupos quinquenales INE (agregado),poblacion_residente_1_enero,nacionalidad=Total; edad=35-64
2012-01-01,2012T1,ECP77023_00_total_35-64,19974641.0,personas,INE,https://servicios.ine.es/wstempus/js/ES/DATOS_SERIE/<COD>?nult=400,España,nacional,00,,77023,Suma de grupos quinquenales INE (agregado),poblacion_residente_1_enero,nacionalidad=Total; edad=35-64
2013-01-01,2013T1,ECP77023_00_total_35-64,20176148.0,personas,INE,https://servicios.ine.es/wstempus/js/ES/DATOS_SERIE/<COD>?nult=400,España,nacional,00,,77023,Suma de grupos quinquenales INE (agregado),poblacion_residente_1_enero,nacionalidad=Total; edad=35-64
2014-01-01,2014T1,ECP77023_00_total_35-64,20279890.0,personas,INE,https://servicios.ine.es/wstempus/js/ES/DATOS_SERIE/<COD>?nult=400,España,nacional,00,,77023,Suma de grupos quinquenales INE (agregado),poblacion_residente_1_enero,nacionalidad=Total; edad=35-64
2015-01-01,2015T1,ECP77023_00_total_35-64,20422242.0,personas,INE,https://servicios.ine.es/wstempus/js/ES/DATOS_SERIE/<COD>?nult=400,España,nacional,00,,77023,Suma de grupos quinquenales INE (agregado),poblacion_residente_1_enero,nacionalidad=Total; edad=35-64
2016-01-01,2016T1,ECP77023_00_total_35-64,20594240.0,personas,INE,https://servicios.ine.es/wstempus/js/ES/DATOS_SERIE/<COD>?nult=400,España,nacional,00,,77023,Suma de grupos quinquenales INE (agregado),poblacion_residente_1_enero,nacionalidad=Total; edad=35-64
2017-01-01,2017T1,ECP77023_00_total_35-64,20748336.0,personas,INE,https://servicios.ine.es/wstempus/js/ES/DATOS_SERIE/<COD>?nult=400,España,nacional,00,,77023,Suma de grupos quinquenales INE (agregado),poblacion_residente_1_enero,nacionalidad=Total; edad=35-64
2018-01-01,2018T1,ECP77023_00_total_35-64,20863338.0,personas,INE,https://servicios.ine.es/wstempus/js/ES/DATOS_SERIE/<COD>?nult=400,España,nacional,00,,77023,Suma de grupos quinquenales INE (agregado),poblacion_residente_1_enero,nacionalidad=Total; edad=35-64
2019-01-01,2019T1,ECP77023_00_total_35-64,21004708.0,personas,INE,https://servicios.ine.es/wstempus/js/ES/DATOS_SERIE/<COD>?nult=400,España,nacional,00,,77023,Suma de grupos quinquenales INE (agregado),poblacion_residente_1_enero,nacionalidad=Total; edad=35-64
2020-01-01,2020T1,ECP77023_00_total_35-64,21184488.0,personas,INE,https://servicios.ine.es/wstempus/js/ES/DATOS_SERIE/<COD>?nult=400,España,nacional,00,,77023,Suma de grupos quinquenales INE (agregado),poblacion_residente_1_enero,nacionalidad=Total; edad=35-64
2021-01-01,2021T1,ECP77023_00_total_35-64,21259342.0,personas,INE,https://servicios.ine.es/wstempus/js/ES/DATOS_SERIE/<COD>?nult=400,España,nacional,00,,77023,Suma de grupos quinquenales INE (agregado),poblacion_residente_1_enero,nacionalidad=Total; edad=35-64
2022-01-01,2022T1,ECP77023_00_total_35-64,21266359.0,personas,INE,https://servicios.ine.es/wstempus/js/ES/DATOS_SERIE/<COD>?nult=400,España,nacional,00,,77023,Suma de grupos quinquenales INE (agregado),poblacion_residente_1_enero,nacionalidad=Total; edad=35-64
2023-01-01,2023T1,ECP77023_00_total_35-64,21421623.0,personas,INE,https://servicios.ine.es/wstempus/js/ES/DATOS_SERIE/<COD>?nult=400,España,nacional,00,,77023,Suma de grupos quinquenales INE (agregado),poblacion_residente_1_enero,nacionalidad=Total; edad=35-64
2024-01-01,2024T1,ECP77023_00_total_35-64,21551293.0,personas,INE,https://servicios.ine.es/wstempus/js/ES/DATOS_SERIE/<COD>?nult=400,España,nacional,00,,77023,Suma de grupos quinquenales INE (agregado),poblacion_residente_1_enero,nacionalidad=Total; edad=35-64
2025-01-01,2025T1,ECP77023_00_total_35-64,21643055.0,personas,INE,https://servicios.ine.es/wstempus/js/ES/DATOS_SERIE/<COD>?nult=400,España,nacional,00,,77023,Suma de grupos quinquenales INE (agregado),poblacion_residente_1_enero,nacionalidad=Total; edad=35-64
2026-01-01,2026T1,ECP77023_00_total_35-64,21721685.0,personas,INE,https://servicios.ine.es/wstempus/js/ES/DATOS_SERIE/<COD>?nult=400,España,nacional,00,,77023,Suma de grupos quinquenales INE (agregado),poblacion_residente_1_enero,nacionalidad=Total; edad=35-64
2002-01-01,2002T1,ECP77023_00_total_65+,6980547.0,personas,INE,https://servicios.ine.es/wstempus/js/ES/DATOS_SERIE/<COD>?nult=400,España,nacional,00,,77023,Suma de grupos quinquenales INE (agregado),poblacion_residente_1_enero,nacionalidad=Total; edad=65+
2003-01-01,2003T1,ECP77023_00_total_65+,7092839.0,personas,INE,https://servicios.ine.es/wstempus/js/ES/DATOS_SERIE/<COD>?nult=400,España,nacional,00,,77023,Suma de grupos quinquenales INE (agregado),poblacion_residente_1_enero,nacionalidad=Total; edad=65+
2004-01-01,2004T1,ECP77023_00_total_65+,7146675.0,personas,INE,https://servicios.ine.es/wstempus/js/ES/DATOS_SERIE/<COD>?nult=400,España,nacional,00,,77023,Suma de grupos quinquenales INE (agregado),poblacion_residente_1_enero,nacionalidad=Total; edad=65+
2005-01-01,2005T1,ECP77023_00_total_65+,7169881.0,personas,INE,https://servicios.ine.es/wstempus/js/ES/DATOS_SERIE/<COD>?nult=400,España,nacional,00,,77023,Suma de grupos quinquenales INE (agregado),poblacion_residente_1_enero,nacionalidad=Total; edad=65+
2006-01-01,2006T1,ECP77023_00_total_65+,7324149.0,personas,INE,https://servicios.ine.es/wstempus/js/ES/DATOS_SERIE/<COD>?nult=400,España,nacional,00,,77023,Suma de grupos quinquenales INE (agregado),poblacion_residente_1_enero,nacionalidad=Total; edad=65+
2007-01-01,2007T1,ECP77023_00_total_65+,7407159.0,personas,INE,https://servicios.ine.es/wstempus/js/ES/DATOS_SERIE/<COD>?nult=400,España,nacional,00,,77023,Suma de grupos quinquenales INE (agregado),poblacion_residente_1_enero,nacionalidad=Total; edad=65+
2008-01-01,2008T1,ECP77023_00_total_65+,7506291.0,personas,INE,https://servicios.ine.es/wstempus/js/ES/DATOS_SERIE/<COD>?nult=400,España,nacional,00,,77023,Suma de grupos quinquenales INE (agregado),poblacion_residente_1_enero,nacionalidad=Total; edad=65+
2009-01-01,2009T1,ECP77023_00_total_65+,7657966.0,personas,INE,https://servicios.ine.es/wstempus/js/ES/DATOS_SERIE/<COD>?nult=400,España,nacional,00,,77023,Suma de grupos quinquenales INE (agregado),poblacion_residente_1_enero,nacionalidad=Total; edad=65+
2010-01-01,2010T1,ECP77023_00_total_65+,7810400.0,personas,INE,https://servicios.ine.es/wstempus/js/ES/DATOS_SERIE/<COD>?nult=400,España,nacional,00,,77023,Suma de grupos quinquenales INE (agregado),poblacion_residente_1_enero,nacionalidad=Total; edad=65+
2011-01-01,2011T1,ECP77023_00_total_65+,7982995.0,personas,INE,https://servicios.ine.es/wstempus/js/ES/DATOS_SERIE/<COD>?nult=400,España,nacional,00,,77023,Suma de grupos quinquenales INE (agregado),poblacion_residente_1_enero,nacionalidad=Total; edad=65+
2012-01-01,2012T1,ECP77023_00_total_65+,8128038.0,personas,INE,https://servicios.ine.es/wstempus/js/ES/DATOS_SERIE/<COD>?nult=400,España,nacional,00,,77023,Suma de grupos quinquenales INE (agregado),poblacion_residente_1_enero,nacionalidad=Total; edad=65+
2013-01-01,2013T1,ECP77023_00_total_65+,8252922.0,personas,INE,https://servicios.ine.es/wstempus/js/ES/DATOS_SERIE/<COD>?nult=400,España,nacional,00,,77023,Suma de grupos quinquenales INE (agregado),poblacion_residente_1_enero,nacionalidad=Total; edad=65+
2014-01-01,2014T1,ECP77023_00_total_65+,8422676.0,personas,INE,https://servicios.ine.es/wstempus/js/ES/DATOS_SERIE/<COD>?nult=400,España,nacional,00,,77023,Suma de grupos quinquenales INE (agregado),poblacion_residente_1_enero,nacionalidad=Total; edad=65+
2015-01-01,2015T1,ECP77023_00_total_65+,8564614.0,personas,INE,https://servicios.ine.es/wstempus/js/ES/DATOS_SERIE/<COD>?nult=400,España,nacional,00,,77023,Suma de grupos quinquenales INE (agregado),poblacion_residente_1_enero,nacionalidad=Total; edad=65+
2016-01-01,2016T1,ECP77023_00_total_65+,8664203.0,personas,INE,https://servicios.ine.es/wstempus/js/ES/DATOS_SERIE/<COD>?nult=400,España,nacional,00,,77023,Suma de grupos quinquenales INE (agregado),poblacion_residente_1_enero,nacionalidad=Total; edad=65+
2017-01-01,2017T1,ECP77023_00_total_65+,8784299.0,personas,INE,https://servicios.ine.es/wstempus/js/ES/DATOS_SERIE/<COD>?nult=400,España,nacional,00,,77023,Suma de grupos quinquenales INE (agregado),poblacion_residente_1_enero,nacionalidad=Total; edad=65+
2018-01-01,2018T1,ECP77023_00_total_65+,8918454.0,personas,INE,https://servicios.ine.es/wstempus/js/ES/DATOS_SERIE/<COD>?nult=400,España,nacional,00,,77023,Suma de grupos quinquenales INE (agregado),poblacion_residente_1_enero,nacionalidad=Total; edad=65+
2019-01-01,2019T1,ECP77023_00_total_65+,9056923.0,personas,INE,https://servicios.ine.es/wstempus/js/ES/DATOS_SERIE/<COD>?nult=400,España,nacional,00,,77023,Suma de grupos quinquenales INE (agregado),poblacion_residente_1_enero,nacionalidad=Total; edad=65+
2020-01-01,2020T1,ECP77023_00_total_65+,9211438.0,personas,INE,https://servicios.ine.es/wstempus/js/ES/DATOS_SERIE/<COD>?nult=400,España,nacional,00,,77023,Suma de grupos quinquenales INE (agregado),poblacion_residente_1_enero,nacionalidad=Total; edad=65+
2021-01-01,2021T1,ECP77023_00_total_65+,9311484.0,personas,INE,https://servicios.ine.es/wstempus/js/ES/DATOS_SERIE/<COD>?nult=400,España,nacional,00,,77023,Suma de grupos quinquenales INE (agregado),poblacion_residente_1_enero,nacionalidad=Total; edad=65+
2022-01-01,2022T1,ECP77023_00_total_65+,9481802.0,personas,INE,https://servicios.ine.es/wstempus/js/ES/DATOS_SERIE/<COD>?nult=400,España,nacional,00,,77023,Suma de grupos quinquenales INE (agregado),poblacion_residente_1_enero,nacionalidad=Total; edad=65+
2023-01-01,2023T1,ECP77023_00_total_65+,9687776.0,personas,INE,https://servicios.ine.es/wstempus/js/ES/DATOS_SERIE/<COD>?nult=400,España,nacional,00,,77023,Suma de grupos quinquenales INE (agregado),poblacion_residente_1_enero,nacionalidad=Total; edad=65+
2024-01-01,2024T1,ECP77023_00_total_65+,9928368.0,personas,INE,https://servicios.ine.es/wstempus/js/ES/DATOS_SERIE/<COD>?nult=400,España,nacional,00,,77023,Suma de grupos quinquenales INE (agregado),poblacion_residente_1_enero,nacionalidad=Total; edad=65+
2025-01-01,2025T1,ECP77023_00_total_65+,10178625.0,personas,INE,https://servicios.ine.es/wstempus/js/ES/DATOS_SERIE/<COD>?nult=400,España,nacional,00,,77023,Suma de grupos quinquenales INE (agregado),poblacion_residente_1_enero,nacionalidad=Total; edad=65+
2026-01-01,2026T1,ECP77023_00_total_65+,10439254.0,personas,INE,https://servicios.ine.es/wstempus/js/ES/DATOS_SERIE/<COD>?nult=400,España,nacional,00,,77023,Suma de grupos quinquenales INE (agregado),poblacion_residente_1_enero,nacionalidad=Total; edad=65+
2002-01-01,2002T1,ECP77023_00_total_Todas,41035271.0,personas,INE,https://servicios.ine.es/wstempus/js/ES/DATOS_SERIE/<COD>?nult=400,España,nacional,00,,77023,Todas las edades (publicado),poblacion_residente_1_enero,nacionalidad=Total; edad=Todas
2003-01-01,2003T1,ECP77023_00_total_Todas,41827836.0,personas,INE,https://servicios.ine.es/wstempus/js/ES/DATOS_SERIE/<COD>?nult=400,España,nacional,00,,77023,Todas las edades (publicado),poblacion_residente_1_enero,nacionalidad=Total; edad=Todas
2004-01-01,2004T1,ECP77023_00_total_Todas,42547454.0,personas,INE,https://servicios.ine.es/wstempus/js/ES/DATOS_SERIE/<COD>?nult=400,España,nacional,00,,77023,Todas las edades (publicado),poblacion_residente_1_enero,nacionalidad=Total; edad=Todas
2005-01-01,2005T1,ECP77023_00_total_Todas,43296335.0,personas,INE,https://servicios.ine.es/wstempus/js/ES/DATOS_SERIE/<COD>?nult=400,España,nacional,00,,77023,Todas las edades (publicado),poblacion_residente_1_enero,nacionalidad=Total; edad=Todas
2006-01-01,2006T1,ECP77023_00_total_Todas,44009969.0,personas,INE,https://servicios.ine.es/wstempus/js/ES/DATOS_SERIE/<COD>?nult=400,España,nacional,00,,77023,Todas las edades (publicado),poblacion_residente_1_enero,nacionalidad=Total; edad=Todas
2007-01-01,2007T1,ECP77023_00_total_Todas,44784659.0,personas,INE,https://servicios.ine.es/wstempus/js/ES/DATOS_SERIE/<COD>?nult=400,España,nacional,00,,77023,Todas las edades (publicado),poblacion_residente_1_enero,nacionalidad=Total; edad=Todas
2008-01-01,2008T1,ECP77023_00_total_Todas,45668938.0,personas,INE,https://servicios.ine.es/wstempus/js/ES/DATOS_SERIE/<COD>?nult=400,España,nacional,00,,77023,Todas las edades (publicado),poblacion_residente_1_enero,nacionalidad=Total; edad=Todas
2009-01-01,2009T1,ECP77023_00_total_Todas,46239271.0,personas,INE,https://servicios.ine.es/wstempus/js/ES/DATOS_SERIE/<COD>?nult=400,España,nacional,00,,77023,Todas las edades (publicado),poblacion_residente_1_enero,nacionalidad=Total; edad=Todas
2010-01-01,2010T1,ECP77023_00_total_Todas,46486621.0,personas,INE,https://servicios.ine.es/wstempus/js/ES/DATOS_SERIE/<COD>?nult=400,España,nacional,00,,77023,Todas las edades (publicado),poblacion_residente_1_enero,nacionalidad=Total; edad=Todas
2011-01-01,2011T1,ECP77023_00_total_Todas,46667175.0,personas,INE,https://servicios.ine.es/wstempus/js/ES/DATOS_SERIE/<COD>?nult=400,España,nacional,00,,77023,Todas las edades (publicado),poblacion_residente_1_enero,nacionalidad=Total; edad=Todas
2012-01-01,2012T1,ECP77023_00_total_Todas,46818216.0,personas,INE,https://servicios.ine.es/wstempus/js/ES/DATOS_SERIE/<COD>?nult=400,España,nacional,00,,77023,Todas las edades (publicado),poblacion_residente_1_enero,nacionalidad=Total; edad=Todas
2013-01-01,2013T1,ECP77023_00_total_Todas,46712650.0,personas,INE,https://servicios.ine.es/wstempus/js/ES/DATOS_SERIE/<COD>?nult=400,España,nacional,00,,77023,Todas las edades (publicado),poblacion_residente_1_enero,nacionalidad=Total; edad=Todas
2014-01-01,2014T1,ECP77023_00_total_Todas,46495744.0,personas,INE,https://servicios.ine.es/wstempus/js/ES/DATOS_SERIE/<COD>?nult=400,España,nacional,00,,77023,Todas las edades (publicado),poblacion_residente_1_enero,nacionalidad=Total; edad=Todas
2015-01-01,2015T1,ECP77023_00_total_Todas,46425722.0,personas,INE,https://servicios.ine.es/wstempus/js/ES/DATOS_SERIE/<COD>?nult=400,España,nacional,00,,77023,Todas las edades (publicado),poblacion_residente_1_enero,nacionalidad=Total; edad=Todas
2016-01-01,2016T1,ECP77023_00_total_Todas,46418884.0,personas,INE,https://servicios.ine.es/wstempus/js/ES/DATOS_SERIE/<COD>?nult=400,España,nacional,00,,77023,Todas las edades (publicado),poblacion_residente_1_enero,nacionalidad=Total; edad=Todas
2017-01-01,2017T1,ECP77023_00_total_Todas,46497393.0,personas,INE,https://servicios.ine.es/wstempus/js/ES/DATOS_SERIE/<COD>?nult=400,España,nacional,00,,77023,Todas las edades (publicado),poblacion_residente_1_enero,nacionalidad=Total; edad=Todas
2018-01-01,2018T1,ECP77023_00_total_Todas,46645070.0,personas,INE,https://servicios.ine.es/wstempus/js/ES/DATOS_SERIE/<COD>?nult=400,España,nacional,00,,77023,Todas las edades (publicado),poblacion_residente_1_enero,nacionalidad=Total; edad=Todas
2019-01-01,2019T1,ECP77023_00_total_Todas,46918951.0,personas,INE,https://servicios.ine.es/wstempus/js/ES/DATOS_SERIE/<COD>?nult=400,España,nacional,00,,77023,Todas las edades (publicado),poblacion_residente_1_enero,nacionalidad=Total; edad=Todas
2020-01-01,2020T1,ECP77023_00_total_Todas,47318050.0,personas,INE,https://servicios.ine.es/wstempus/js/ES/DATOS_SERIE/<COD>?nult=400,España,nacional,00,,77023,Todas las edades (publicado),poblacion_residente_1_enero,nacionalidad=Total; edad=Todas
2021-01-01,2021T1,ECP77023_00_total_Todas,47400798.0,personas,INE,https://servicios.ine.es/wstempus/js/ES/DATOS_SERIE/<COD>?nult=400,España,nacional,00,,77023,Todas las edades (publicado),poblacion_residente_1_enero,nacionalidad=Total; edad=Todas
2022-01-01,2022T1,ECP77023_00_total_Todas,47486727.0,personas,INE,https://servicios.ine.es/wstempus/js/ES/DATOS_SERIE/<COD>?nult=400,España,nacional,00,,77023,Todas las edades (publicado),poblacion_residente_1_enero,nacionalidad=Total; edad=Todas
2023-01-01,2023T1,ECP77023_00_total_Todas,48085361.0,personas,INE,https://servicios.ine.es/wstempus/js/ES/DATOS_SERIE/<COD>?nult=400,España,nacional,00,,77023,Todas las edades (publicado),poblacion_residente_1_enero,nacionalidad=Total; edad=Todas
2024-01-01,2024T1,ECP77023_00_total_Todas,48619695.0,personas,INE,https://servicios.ine.es/wstempus/js/ES/DATOS_SERIE/<COD>?nult=400,España,nacional,00,,77023,Todas las edades (publicado),poblacion_residente_1_enero,nacionalidad=Total; edad=Todas
2025-01-01,2025T1,ECP77023_00_total_Todas,49128297.0,personas,INE,https://servicios.ine.es/wstempus/js/ES/DATOS_SERIE/<COD>?nult=400,España,nacional,00,,77023,Todas las edades (publicado),poblacion_residente_1_enero,nacionalidad=Total; edad=Todas
2026-01-01,2026T1,ECP77023_00_total_Todas,49596376.0,personas,INE,https://servicios.ine.es/wstempus/js/ES/DATOS_SERIE/<COD>?nult=400,España,nacional,00,,77023,Todas las edades (publicado),poblacion_residente_1_enero,nacionalidad=Total; edad=Todas
