id,nombre,norma,fecha_publicacion,fecha_entrada_vigor,fecha_fin,ambito,codigos_ine_ccaa,codigos_ine_provincia,territorios_afectados,mercado,descripcion_breve,url_oficial,url_secundaria,estado,nota_verificacion,verificado_utc
E01,Ley 4/2013 de flexibilización y fomento del alquiler (LAU 2013),"Ley 4/2013, de 4 de junio",2013-06-05,2013-06-06,,nacional,,,España,alquiler,"Reforma de la LAU: prórroga obligatoria de 3 años, libre desistimiento a 6 meses, actualización de renta pactada y recuperación de la vivienda por necesidad.",https://www.boe.es/diario_boe/txt.php?id=BOE-A-2013-5941,,VERIFICADO,,2026-10-10T06:13:50Z
E02,RDL 7/2019 medidas urgentes en vivienda y alquiler,"Real Decreto-ley 7/2019, de 1 de marzo",2019-03-05,2019-03-06,,nacional,,,España,alquiler,"Modifica la LAU: prórroga obligatoria de 5 años (7 si el arrendador es persona jurídica), fianza máxima de dos mensualidades y límites a garantías adicionales.",https://www.boe.es/diario_boe/txt.php?id=BOE-A-2019-3108,,VERIFICADO,,2026-10-10T06:13:52Z
E03,Ley 5/2019 reguladora de los contratos de crédito inmobiliario,"Ley 5/2019, de 15 de marzo",2019-03-16,2019-06-16,,nacional,,,España,compra,"Ley hipotecaria: transparencia precontractual, reparto de gastos, límites al vencimiento anticipado y a intereses de demora, regulación de tipos de interés.",https://www.boe.es/diario_boe/txt.php?id=BOE-A-2019-3814,,VERIFICADO,,2026-10-10T06:13:56Z
E04,RDL 8/2020 (COVID): moratoria hipotecaria vivienda habitual,"Real Decreto-ley 8/2020, de 17 de marzo",2020-03-18,2020-03-18,,nacional,,,España,compra,Medidas COVID-19 que incluyen moratoria de deuda hipotecaria para vivienda habitual de deudores vulnerables (arts. 7-16).,https://www.boe.es/diario_boe/txt.php?id=BOE-A-2020-3824,,VERIFICADO,,2026-10-10T06:13:58Z
E05,RDL 11/2020 (COVID): moratoria de alquiler y suspensión de desahucios,"Real Decreto-ley 11/2020, de 31 de marzo",2020-04-01,2020-04-02,,nacional,,,España,alquiler,"Suspensión de desahucios y lanzamientos de hogares vulnerables, prórroga extraordinaria de contratos de alquiler y moratoria de la renta (arts. 1-9).",https://www.boe.es/diario_boe/txt.php?id=BOE-A-2020-4208,,VERIFICADO,,2026-10-10T06:14:00Z
E06,RDL 37/2020: vulnerabilidad en vivienda (desahucios durante el estado de alarma),"Real Decreto-ley 37/2020, de 22 de diciembre",2020-12-23,2020-12-23,,nacional,,,España,alquiler,Suspensión del desahucio y lanzamiento arrendaticios de personas vulnerables sin alternativa habitacional durante el estado de alarma.,https://www.boe.es/diario_boe/txt.php?id=BOE-A-2020-16824,,VERIFICADO,,2026-10-10T06:14:02Z
E07,RDL 16/2025: prórroga de la suspensión de desahucios hasta 31-12-2026 (derogado),"Real Decreto-ley 16/2025, de 23 de diciembre",2025-12-24,2025-12-25,2026-01-28,nacional,,,España,alquiler,Prorrogaba hasta 2026-12-31 la suspensión de desahucios de hogares vulnerables; fecha de fin = derogación recogida en metadatos BOE.,https://www.boe.es/diario_boe/txt.php?id=BOE-A-2025-26458,,VERIFICADO,,2026-10-10T06:14:04Z
E08,RDL 2/2026: nueva prórroga de la suspensión de desahucios (derogado),"Real Decreto-ley 2/2026, de 3 de febrero",2026-02-04,2026-02-05,2026-02-28,nacional,,,España,alquiler,Segundo intento de prórroga de medidas de vulnerabilidad en vivienda; fecha de fin = derogación recogida en metadatos BOE (prensa cita otra fecha).,https://www.boe.es/diario_boe/txt.php?id=BOE-A-2026-2547,,VERIFICADO,,2026-10-10T06:14:06Z
E09,Ley catalana 11/2020 de contención de rentas,"Ley 11/2020 del Parlamento de Cataluña, de 18 de septiembre",2020-09-21,2020-09-22,2022-04-08,CCAA,09,08;17;25;43,Cataluña: áreas con mercado de vivienda tenso (Barcelona y otros ámbitos),alquiler,Contención de rentas en áreas tensas con índice de referencia. Anulada en sus preceptos principales por STC 37/2022 (fin = publicación de la sentencia).,https://www.boe.es/diario_boe/txt.php?id=BOE-A-2020-11363,,VERIFICADO,fin = fecha de publicación de STC 37/2022 (E10); la ley sigue en vigor en lo no anulado,2026-10-10T06:14:09Z
E10,STC 37/2022: anulación parcial de la Ley catalana 11/2020,"Sentencia del Tribunal Constitucional 37/2022, de 10 de marzo",2022-04-08,2022-04-08,,CCAA,09,08;17;25;43,Cataluña,alquiler,"Declara inconstitucionales y nulos arts. 1, 6-13, 15 y 16.2, DA 1-4, DT 1 y DF 4.b de la Ley 11/2020 (competencia estatal sobre legislación civil/renta).",https://www.boe.es/diario_boe/txt.php?id=BOE-A-2022-5807,,VERIFICADO,Sentencia de 2022-03-10; produce efectos generales desde su publicación en el BOE (art. 38.1 LOTC).,2026-10-10T06:14:10Z
E11,RDL 6/2022 art. 46: limitación extraordinaria de la actualización anual de la renta,"Real Decreto-ley 6/2022, de 29 de marzo",2022-03-30,2022-03-31,2024-12-31,nacional,,,España,alquiler,Limita la actualización anual de rentas de contratos LAU; periodo 2022-2023 ligado al Índice de Garantía de Competitividad y 2024 al 3 % (texto consolidado). Fin = 31-12-2024.,https://www.boe.es/diario_boe/txt.php?id=BOE-A-2022-4972,,VERIFICADO,fin = último día del periodo que fija el art. 46 RDL 6/2022 (texto BOE consolidado),2026-10-10T06:14:13Z
E12,RDL 11/2022: prórroga y modificación del tope de actualización de rentas,"Real Decreto-ley 11/2022, de 25 de junio",2022-06-26,2022-06-27,,nacional,,,España,alquiler,Modifica el art. 46 del RDL 6/2022: prorroga la limitación de actualización de rentas y fija como referencia el Índice de Garantía de Competitividad.,https://www.boe.es/diario_boe/txt.php?id=BOE-A-2022-10557,,VERIFICADO,,2026-10-10T06:14:15Z
E13,RDL 20/2022: tope de actualización de rentas hasta 31-12-2023 y desahucios hasta 30-06-2023,"Real Decreto-ley 20/2022, de 27 de diciembre",2022-12-28,2022-12-28,,nacional,,,España,alquiler,Prorroga el art. 46 RDL 6/2022 para 2023 (actualización limitada al IGC) y la suspensión de desahucios de hogares vulnerables hasta 30-06-2023.,https://www.boe.es/diario_boe/txt.php?id=BOE-A-2022-22685,,VERIFICADO,,2026-10-10T06:14:18Z
E14,Ley 12/2023 por el derecho a la vivienda,"Ley 12/2023, de 24 de mayo",2023-05-25,2023-05-26,,nacional,,,España; declaración de zonas tensionadas por CCAA (ver ZT*),alquiler,"Define gran tenedor, crea zonas de mercado residencial tensionado (art. 18) con límite de renta por índice de referencia, modifica la LAU y fija el 3 % en 2024.",https://www.boe.es/diario_boe/txt.php?id=BOE-A-2023-12203,,VERIFICADO,,2026-10-10T06:14:20Z
E15,Ley 12/2023 DF 6: tope del 3 % a la actualización de rentas en 2024,"Ley 12/2023, de 24 de mayo, disposición final sexta",2023-05-25,2023-05-26,2024-12-31,nacional,,,España,alquiler,Reescribe el art. 46 RDL 6/2022: para actualizaciones entre 2024-01-01 y 2024-12-31 el incremento no puede superar el 3 %. Sin prórroga hallada para 2025.,https://www.boe.es/diario_boe/txt.php?id=BOE-A-2023-12203,,VERIFICADO,fin = último día del periodo que fija el art. 46 RDL 6/2022 (texto BOE consolidado),2026-10-10T06:14:22Z
E16,Ley 12/2023 DF 2: incentivos IRPF al arrendamiento de vivienda,"Ley 12/2023, de 24 de mayo, disposición final segunda",2023-05-25,2024-01-01,,nacional,,,España (salvo regímenes forales),alquiler,Modifica la Ley del IRPF (art. 23.2) para reducciones por arrendamiento de vivienda en contratos posteriores a la entrada en vigor; efectos desde 2024-01-01.,https://www.boe.es/diario_boe/txt.php?id=BOE-A-2023-12203,,VERIFICADO,,2026-10-10T06:14:24Z
E17,Resolución de 14-03-2024: sistema estatal de índices de precios de referencia del alquiler,"Resolución de 14 de marzo de 2024, de la Secretaría de Estado de Vivienda y Agenda Urbana",2024-03-15,2024-03-16,,nacional,,,España (aplicable en zonas tensionadas declaradas),alquiler,"Aprueba el sistema de índices de precios de referencia del alquiler por ámbitos territoriales, base del límite de renta en zonas tensionadas.",https://www.boe.es/diario_boe/txt.php?id=BOE-A-2024-5213,,VERIFICADO,,2026-10-10T06:14:25Z
E18,Actualización del sistema de índices de referencia (29-09-2025),"Resolución de 29 de septiembre de 2025, de la Secretaría de Estado de Vivienda y Agenda Urbana",2025-09-30,2025-10-01,,nacional,,,España,alquiler,Actualiza los índices de precios de referencia del alquiler con nuevos datos y metodología.,https://www.boe.es/diario_boe/txt.php?id=BOE-A-2025-19403,,VERIFICADO,,2026-10-10T06:14:26Z
E19,Actualización del sistema de índices de referencia (16-04-2026),"Resolución de 16 de abril de 2026, de la Secretaría de Estado de Vivienda y Agenda Urbana",2026-04-20,2026-04-21,,nacional,,,España,alquiler,Nueva actualización del sistema estatal de índices de precios de referencia del alquiler.,https://www.boe.es/diario_boe/txt.php?id=BOE-A-2026-8691,,VERIFICADO,,2026-10-10T06:14:28Z
E20,IRAV: índice de referencia para la actualización de la renta (INE),"Resolución de 18 de diciembre de 2024, de la Presidencia del INE",2024-12-20,2025-01-01,,nacional,,,España,alquiler,Define el índice (IRAV) de referencia para actualizar la renta de contratos de vivienda (art. 18 LAU) desde 2025-01-01.,https://www.boe.es/diario_boe/txt.php?id=BOE-A-2024-26685,,VERIFICADO,,2026-10-10T06:14:29Z
E21,Fin de las 'golden visas' por inversión inmobiliaria (LO 1/2025),"Ley Orgánica 1/2025, de 2 de enero (modifica arts. 63-67 Ley 14/2013)",2025-01-03,2025-04-03,,nacional,,,España,no residentes,Deja sin contenido los arts. 63-67 de la Ley 14/2013 (visado/residencia de inversores por compra de inmuebles); mantiene solicitudes previas y renovaciones.,https://www.boe.es/diario_boe/txt.php?id=BOE-A-2025-76,,VERIFICADO,,2026-10-10T06:14:32Z
E22,RD 1312/2024: Registro Único de Arrendamientos (alquiler de corta duración),"Real Decreto 1312/2024, de 23 de diciembre",2024-12-24,2025-01-02,,nacional,,,España,alquiler turístico,Crea el Registro Único de Arrendamientos y la ventanilla única digital; número de registro obligatorio para anunciar alquileres turísticos y de temporada.,https://www.boe.es/diario_boe/txt.php?id=BOE-A-2024-26931,,VERIFICADO,Entra en vigor 2025-01-02; sus disposiciones despliegan efectos el 2025-07-01 (disposición final).,2026-10-10T06:14:34Z
E23,Decreto-ley catalán 3/2023: régimen urbanístico de viviendas de uso turístico,"Decreto-ley 3/2023 de Cataluña, de 7 de noviembre",2023-11-08,2023-11-09,,CCAA,09,08;17;25;43,Cataluña (incluye Barcelona),alquiler turístico,Somete el uso turístico de viviendas a planeamiento urbanístico municipal (modifica art. 187.1 y añade DA 27 del texto refundido de la Ley de urbanismo).,https://www.boe.es/diario_boe/txt.php?id=BOE-A-2024-281,,VERIFICADO,,2026-10-10T06:14:35Z
E24,Decreto-ley valenciano 9/2024: viviendas de uso turístico,"Decreto-ley 9/2024 del Consell, de 2 de agosto",2024-08-07,2024-08-08,,CCAA,10,03;12;46,Comunitat Valenciana,alquiler turístico,"Modifica la normativa de viviendas de uso turístico: habilita límites municipales, exige referencia catastral individualizada y compatibilidad urbanística.",https://www.boe.es/buscar/doc.php?id=DOGV-r-2024-90168,,VERIFICADO,,2026-10-10T06:14:37Z
E25,Decreto-ley balear 4/2025 contra la oferta turística ilegal,"Decreto-ley 4/2025 de Illes Balears, de 11 de abril",2025-04-15,2025-04-16,,CCAA,04,07,Illes Balears,alquiler turístico,Medidas transitorias contra la oferta ilegal y por la calidad turística; limita nuevas plazas turísticas en viviendas (alcance exacto: ver texto en BOIB/BOE).,https://www.boe.es/diario_boe/txt.php?id=BOE-A-2025-14462,,VERIFICADO,,2026-10-10T06:14:39Z
E26,Ley canaria 6/2025 de ordenación sostenible del uso turístico de viviendas,"Ley 6/2025 de Canarias, de 10 de diciembre",2025-12-12,2025-12-13,,CCAA,05,35;38,Canarias,alquiler turístico,Regula el uso turístico de viviendas: exige que el planeamiento municipal lo permita expresamente.,https://www.boe.es/diario_boe/txt.php?id=BOE-A-2025-26358,,VERIFICADO,,2026-10-10T06:14:41Z
ZT01,"Zonas tensionadas (art. 18 Ley 12/2023): Cataluña, 1.ª ronda (Resolución TER/800/2024)","Resolución de 14 de marzo de 2024, de la Secretaría de Estado de Vivienda y Agenda Urbana, por la que se publica la relación de zonas de mercado residencial tensionado que han sido declaradas en virtud del procedimiento establecid",2024-03-15,2024-03-16,2027-03-16,CCAA,09,08;17;25;43,140 municipios/ámbitos; detalle en v2_zonas_tensionadas.csv (resolucion_boe=BOE-A-2024-5214),alquiler,Relación trimestral de zonas declaradas; tope de renta en nuevos contratos de grandes tenedores según índice de referencia. Vigencia 3 años desde el día siguiente al BOE.,https://www.boe.es/diario_boe/txt.php?id=BOE-A-2024-5214,,VERIFICADO,fecha_entrada_vigor = día siguiente a la publicación de la resolución (regla de la propia resolución); fecha_fin = +3 años (±1 día según cómputo). Fecha de la declaración autonómica por municipio en el CSV de zonas.,2026-10-10T06:14:45Z
ZT02,"Zonas tensionadas (art. 18 Ley 12/2023): Cataluña, 2.ª ronda (Resolución TER/2408/2024)","Resolución de 8 de octubre de 2024, de la Secretaría de Estado de Vivienda y Agenda Urbana, por la que se publica la relación de zonas de mercado residencial tensionado que han sido declaradas en virtud del procedimiento estableci",2024-10-09,2024-10-10,2027-10-10,CCAA,09,08;17;25;43,131 municipios/ámbitos; detalle en v2_zonas_tensionadas.csv (resolucion_boe=BOE-A-2024-20576),alquiler,Relación trimestral de zonas declaradas; tope de renta en nuevos contratos de grandes tenedores según índice de referencia. Vigencia 3 años desde el día siguiente al BOE.,https://www.boe.es/diario_boe/txt.php?id=BOE-A-2024-20576,,VERIFICADO,fecha_entrada_vigor = día siguiente a la publicación de la resolución (regla de la propia resolución); fecha_fin = +3 años (±1 día según cómputo). Fecha de la declaración autonómica por municipio en el CSV de zonas.,2026-10-10T06:14:46Z
ZT03,Zonas tensionadas (art. 18 Ley 12/2023): País Vasco: Errenteria,"Resolución de 28 de enero de 2025, de la Secretaría de Estado de Vivienda y Agenda Urbana, por la que se publica la relación de zonas de mercado residencial tensionado que han sido declaradas en virtud del procedimiento establecid",2025-01-30,2025-01-31,2028-01-31,municipios concretos,16,20,1 municipios/ámbitos; detalle en v2_zonas_tensionadas.csv (resolucion_boe=BOE-A-2025-1721),alquiler,Relación trimestral de zonas declaradas; tope de renta en nuevos contratos de grandes tenedores según índice de referencia. Vigencia 3 años desde el día siguiente al BOE.,https://www.boe.es/diario_boe/txt.php?id=BOE-A-2025-1721,,VERIFICADO,fecha_entrada_vigor = día siguiente a la publicación de la resolución (regla de la propia resolución); fecha_fin = +3 años (±1 día según cómputo). Fecha de la declaración autonómica por municipio en el CSV de zonas.,2026-10-10T06:14:49Z
ZT04,"Zonas tensionadas (art. 18 Ley 12/2023): País Vasco: Lasarte-Oria, Zumaia, Barakaldo, Irun","Resolución de 29 de abril de 2025, de la Secretaría de Estado de Vivienda y Agenda Urbana, por la que se publica la relación de zonas de mercado residencial tensionado que han sido declaradas en virtud del procedimiento establecid",2025-04-30,2025-05-01,2028-05-01,municipios concretos,16,20;48,4 municipios/ámbitos; detalle en v2_zonas_tensionadas.csv (resolucion_boe=BOE-A-2025-8636),alquiler,Relación trimestral de zonas declaradas; tope de renta en nuevos contratos de grandes tenedores según índice de referencia. Vigencia 3 años desde el día siguiente al BOE.,https://www.boe.es/diario_boe/txt.php?id=BOE-A-2025-8636,,VERIFICADO,fecha_entrada_vigor = día siguiente a la publicación de la resolución (regla de la propia resolución); fecha_fin = +3 años (±1 día según cómputo). Fecha de la declaración autonómica por municipio en el CSV de zonas.,2026-10-10T06:14:50Z
ZT05,"Zonas tensionadas (art. 18 Ley 12/2023): Navarra (21), A Coruña, Galdakao (D2), Donostia","Resolución de 28 de julio de 2025, de la Secretaría de Estado de Vivienda y Agenda Urbana, por la que se publica la relación de zonas de mercado residencial tensionado que han sido declaradas en virtud del procedimiento establecid",2025-07-29,2025-07-30,2028-07-30,municipios concretos,12;15;16,15;20;31;48,24 municipios/ámbitos; detalle en v2_zonas_tensionadas.csv (resolucion_boe=BOE-A-2025-15728),alquiler,Relación trimestral de zonas declaradas; tope de renta en nuevos contratos de grandes tenedores según índice de referencia. Vigencia 3 años desde el día siguiente al BOE.,https://www.boe.es/diario_boe/txt.php?id=BOE-A-2025-15728,,VERIFICADO,fecha_entrada_vigor = día siguiente a la publicación de la resolución (regla de la propia resolución); fecha_fin = +3 años (±1 día según cómputo). Fecha de la declaración autonómica por municipio en el CSV de zonas.,2026-10-10T06:14:51Z
ZT06,"Zonas tensionadas (art. 18 Ley 12/2023): País Vasco: Astigarraga, Bilbao, Usurbil, Vitoria-Gasteiz","Resolución de 29 de octubre de 2025, de la Secretaría de Estado de Vivienda y Agenda Urbana, por la que se publica la relación de zonas de mercado residencial tensionado que han sido declaradas en virtud del procedimiento establec",2025-10-30,2025-10-31,2028-10-31,municipios concretos,16,01;20;48,4 municipios/ámbitos; detalle en v2_zonas_tensionadas.csv (resolucion_boe=BOE-A-2025-21901),alquiler,Relación trimestral de zonas declaradas; tope de renta en nuevos contratos de grandes tenedores según índice de referencia. Vigencia 3 años desde el día siguiente al BOE.,https://www.boe.es/diario_boe/txt.php?id=BOE-A-2025-21901,,VERIFICADO,fecha_entrada_vigor = día siguiente a la publicación de la resolución (regla de la propia resolución); fecha_fin = +3 años (±1 día según cómputo). Fecha de la declaración autonómica por municipio en el CSV de zonas.,2026-10-10T06:14:54Z
ZT07,"Zonas tensionadas (art. 18 Ley 12/2023): País Vasco: Hernani, Lezo, Tolosa","Resolución de 30 de enero de 2026, de la Secretaría de Estado de Vivienda y Agenda Urbana, por la que se publica la relación de zonas de mercado residencial tensionado que han sido declaradas en virtud del procedimiento establecid",2026-02-02,2026-02-03,2029-02-03,municipios concretos,16,20,3 municipios/ámbitos; detalle en v2_zonas_tensionadas.csv (resolucion_boe=BOE-A-2026-2448),alquiler,Relación trimestral de zonas declaradas; tope de renta en nuevos contratos de grandes tenedores según índice de referencia. Vigencia 3 años desde el día siguiente al BOE.,https://www.boe.es/diario_boe/txt.php?id=BOE-A-2026-2448,,VERIFICADO,fecha_entrada_vigor = día siguiente a la publicación de la resolución (regla de la propia resolución); fecha_fin = +3 años (±1 día según cómputo). Fecha de la declaración autonómica por municipio en el CSV de zonas.,2026-10-10T06:14:56Z
ZT08,"Zonas tensionadas (art. 18 Ley 12/2023): País Vasco: Pasaia, Zestoa, Mondragón","Resolución de 23 de abril de 2026, de la Secretaría de Estado de Vivienda y Agenda Urbana, por la que se publica la relación de zonas de mercado residencial tensionado que han sido declaradas en virtud del procedimiento establecid",2026-04-27,2026-04-28,2029-04-28,municipios concretos,16,20,3 municipios/ámbitos; detalle en v2_zonas_tensionadas.csv (resolucion_boe=BOE-A-2026-9175),alquiler,Relación trimestral de zonas declaradas; tope de renta en nuevos contratos de grandes tenedores según índice de referencia. Vigencia 3 años desde el día siguiente al BOE.,https://www.boe.es/diario_boe/txt.php?id=BOE-A-2026-9175,,VERIFICADO,fecha_entrada_vigor = día siguiente a la publicación de la resolución (regla de la propia resolución); fecha_fin = +3 años (±1 día según cómputo). Fecha de la declaración autonómica por municipio en el CSV de zonas.,2026-10-10T06:14:57Z
ZT09,"Zonas tensionadas (art. 18 Ley 12/2023): Asturias (ámbitos), Santiago de Compostela, Basauri","Resolución de 24 de julio de 2026, de la Secretaría de Estado de Vivienda y Agenda Urbana, por la que se publica la relación de zonas de mercado residencial tensionado que han sido declaradas en virtud del procedimiento establecid",2026-07-29,2026-07-30,2029-07-30,municipios concretos,03;12;16,15;33;48,8 municipios/ámbitos; detalle en v2_zonas_tensionadas.csv (resolucion_boe=BOE-A-2026-16532),alquiler,Relación trimestral de zonas declaradas; tope de renta en nuevos contratos de grandes tenedores según índice de referencia. Vigencia 3 años desde el día siguiente al BOE.,https://www.boe.es/diario_boe/txt.php?id=BOE-A-2026-16532,,VERIFICADO,fecha_entrada_vigor = día siguiente a la publicación de la resolución (regla de la propia resolución); fecha_fin = +3 años (±1 día según cómputo). Fecha de la declaración autonómica por municipio en el CSV de zonas.,2026-10-10T06:14:59Z
N01,Plan Reside (Madrid): restricción de viviendas de uso turístico,Modificación puntual del Plan General de Madrid (aprobación definitiva por Consejo de Gobierno de la Comunidad de Madrid),,,,municipio,13,28,Madrid (municipio 28079),alquiler turístico,Limita el uso turístico en edificios residenciales de Madrid capital.,,https://www.garrigues.com/es_ES/noticia/plan-reside-entra-vigor-modificacion-plan-general-madrid-proteccion-mejora-uso-residencial,NO VERIFICADO,"Fechas (acuerdo 2025-08-27, BOCM 2025-09-04 y 2025-09-22) solo constan en fuente secundaria (Garrigues); BOCM/BOAM no consultados.",2026-10-10T06:14:59Z
N02,Normativa municipal de apartamentos turísticos de València (moratoria 2024 y modificación de normas urbanísticas 2026),Ordenanza/normas urbanísticas del Ayuntamiento de València,,,,municipio,10,46,València (municipio 46250),alquiler turístico,Moratoria de licencias de apartamentos turísticos y posterior modificación de las normas urbanísticas.,,https://www.valencia.es/cas/actualidad/-/content/el-pleno-aprueba-definitivamente-normativa-apartamentos-tur%C3%ADsticos-val%C3%A8ncia,NO VERIFICADO,No se localizó el acto en BOP/DOGV; la fecha de pleno y de BOP no consta en fuente oficial consultada.,2026-10-10T06:14:59Z
N03,Normativa municipal de Barcelona sobre viviendas de uso turístico (PEUAT y fin de licencias),Plan especial urbanístico de alojamientos turísticos (Ayuntamiento de Barcelona),,,,municipio,09,08,Barcelona (municipio 08019),alquiler turístico,Planeamiento municipal sobre alojamientos turísticos; el marco autonómico verificado es el Decreto-ley 3/2023 (E23).,,,NO VERIFICADO,No se accedió a la fuente oficial municipal (BOPB/Gaseta Municipal); sin fecha inventada.,2026-10-10T06:14:59Z
N04,Impuesto estatal a la compra de inmuebles por no residentes extracomunitarios,Proposición de ley (no publicada como norma),,,,nacional,,,España,no residentes,Propuesta de impuesto complementario sobre adquisiciones por no residentes en la UE; sin norma publicada localizada.,,https://periscopiofiscalylegal.pwc.es/nuevo-impuesto-sobre-la-transmision-de-muebles-a-no-residentes-en-la-ue/,NO VERIFICADO,Solo fuentes secundarias (proposición registrada en 2025); no se encontró publicación en BOE ni estado de tramitación en 2026. No usar como tratamiento.,2026-10-10T06:14:59Z
N05,Sentencia del Tribunal Supremo sobre el Registro Único de Arrendamientos (RD 1312/2024),Sentencia TS (referencia no confirmada),,,,nacional,,,España,alquiler turístico,Una única fuente secundaria indica anulación del registro por el Tribunal Supremo; no confirmada en CENDOJ/BOE.,,https://www.abogadosparatodos.net/entra-en-vigor-el-real-decreto-1312-2024/,NO VERIFICADO,Verificar en CENDOJ/BOE antes de usar; el estado BOE de E22 a fecha de descarga figura como no derogado ni anulado.,2026-10-10T06:14:59Z
N06,Recargo de IBI a viviendas vacías: modulación estatal (Ley 12/2023) y recargos municipales,"Texto refundido Ley Reguladora de Haciendas Locales, art. 72 (modulado por Ley 12/2023)",,,,municipios concretos,,,Municipios que lo aprueben,compra,El recargo depende de ordenanza municipal; no se verificó la fecha de cada ordenanza ni la redacción vigente del art. 72.,,,NO VERIFICADO,Ley 12/2023 contiene un precepto de 'Modulación del recargo a los inmuebles de uso residencial desocupados' (sumario BOE) pero no se contrastó fecha por municipio.,2026-10-10T06:14:59Z
