coddistrit,nombre,codigo_serpavi,fuente,url,fecha_descarga
1,CIUTAT VELLA,4625001,"Ajuntament de València, geoportal OpenData, capa 225 Districtes (CC BY 4.0)",https://geoportal.valencia.es/server/rest/services/OPENDATA/UrbanismoEInfraestructuras/MapServer/225/query?where=1=1&outFields=*&returnGeometry=false&f=json,2026-10-10
2,L'EIXAMPLE,4625002,"Ajuntament de València, geoportal OpenData, capa 225 Districtes (CC BY 4.0)",https://geoportal.valencia.es/server/rest/services/OPENDATA/UrbanismoEInfraestructuras/MapServer/225/query?where=1=1&outFields=*&returnGeometry=false&f=json,2026-10-10
3,EXTRAMURS,4625003,"Ajuntament de València, geoportal OpenData, capa 225 Districtes (CC BY 4.0)",https://geoportal.valencia.es/server/rest/services/OPENDATA/UrbanismoEInfraestructuras/MapServer/225/query?where=1=1&outFields=*&returnGeometry=false&f=json,2026-10-10
4,CAMPANAR,4625004,"Ajuntament de València, geoportal OpenData, capa 225 Districtes (CC BY 4.0)",https://geoportal.valencia.es/server/rest/services/OPENDATA/UrbanismoEInfraestructuras/MapServer/225/query?where=1=1&outFields=*&returnGeometry=false&f=json,2026-10-10
5,LA SAIDIA,4625005,"Ajuntament de València, geoportal OpenData, capa 225 Districtes (CC BY 4.0)",https://geoportal.valencia.es/server/rest/services/OPENDATA/UrbanismoEInfraestructuras/MapServer/225/query?where=1=1&outFields=*&returnGeometry=false&f=json,2026-10-10
6,EL PLA DEL REAL,4625006,"Ajuntament de València, geoportal OpenData, capa 225 Districtes (CC BY 4.0)",https://geoportal.valencia.es/server/rest/services/OPENDATA/UrbanismoEInfraestructuras/MapServer/225/query?where=1=1&outFields=*&returnGeometry=false&f=json,2026-10-10
7,L'OLIVERETA,4625007,"Ajuntament de València, geoportal OpenData, capa 225 Districtes (CC BY 4.0)",https://geoportal.valencia.es/server/rest/services/OPENDATA/UrbanismoEInfraestructuras/MapServer/225/query?where=1=1&outFields=*&returnGeometry=false&f=json,2026-10-10
8,PATRAIX,4625008,"Ajuntament de València, geoportal OpenData, capa 225 Districtes (CC BY 4.0)",https://geoportal.valencia.es/server/rest/services/OPENDATA/UrbanismoEInfraestructuras/MapServer/225/query?where=1=1&outFields=*&returnGeometry=false&f=json,2026-10-10
9,JESUS,4625009,"Ajuntament de València, geoportal OpenData, capa 225 Districtes (CC BY 4.0)",https://geoportal.valencia.es/server/rest/services/OPENDATA/UrbanismoEInfraestructuras/MapServer/225/query?where=1=1&outFields=*&returnGeometry=false&f=json,2026-10-10
10,QUATRE CARRERES,4625010,"Ajuntament de València, geoportal OpenData, capa 225 Districtes (CC BY 4.0)",https://geoportal.valencia.es/server/rest/services/OPENDATA/UrbanismoEInfraestructuras/MapServer/225/query?where=1=1&outFields=*&returnGeometry=false&f=json,2026-10-10
11,POBLATS MARITIMS,4625011,"Ajuntament de València, geoportal OpenData, capa 225 Districtes (CC BY 4.0)",https://geoportal.valencia.es/server/rest/services/OPENDATA/UrbanismoEInfraestructuras/MapServer/225/query?where=1=1&outFields=*&returnGeometry=false&f=json,2026-10-10
12,CAMINS AL GRAU,4625012,"Ajuntament de València, geoportal OpenData, capa 225 Districtes (CC BY 4.0)",https://geoportal.valencia.es/server/rest/services/OPENDATA/UrbanismoEInfraestructuras/MapServer/225/query?where=1=1&outFields=*&returnGeometry=false&f=json,2026-10-10
13,ALGIROS,4625013,"Ajuntament de València, geoportal OpenData, capa 225 Districtes (CC BY 4.0)",https://geoportal.valencia.es/server/rest/services/OPENDATA/UrbanismoEInfraestructuras/MapServer/225/query?where=1=1&outFields=*&returnGeometry=false&f=json,2026-10-10
14,BENIMACLET,4625014,"Ajuntament de València, geoportal OpenData, capa 225 Districtes (CC BY 4.0)",https://geoportal.valencia.es/server/rest/services/OPENDATA/UrbanismoEInfraestructuras/MapServer/225/query?where=1=1&outFields=*&returnGeometry=false&f=json,2026-10-10
15,RASCANYA,4625015,"Ajuntament de València, geoportal OpenData, capa 225 Districtes (CC BY 4.0)",https://geoportal.valencia.es/server/rest/services/OPENDATA/UrbanismoEInfraestructuras/MapServer/225/query?where=1=1&outFields=*&returnGeometry=false&f=json,2026-10-10
16,BENICALAP,4625016,"Ajuntament de València, geoportal OpenData, capa 225 Districtes (CC BY 4.0)",https://geoportal.valencia.es/server/rest/services/OPENDATA/UrbanismoEInfraestructuras/MapServer/225/query?where=1=1&outFields=*&returnGeometry=false&f=json,2026-10-10
17,POBLATS DEL NORD,4625017,"Ajuntament de València, geoportal OpenData, capa 225 Districtes (CC BY 4.0)",https://geoportal.valencia.es/server/rest/services/OPENDATA/UrbanismoEInfraestructuras/MapServer/225/query?where=1=1&outFields=*&returnGeometry=false&f=json,2026-10-10
18,POBLATS DE L'OEST,4625018,"Ajuntament de València, geoportal OpenData, capa 225 Districtes (CC BY 4.0)",https://geoportal.valencia.es/server/rest/services/OPENDATA/UrbanismoEInfraestructuras/MapServer/225/query?where=1=1&outFields=*&returnGeometry=false&f=json,2026-10-10
19,POBLATS DEL SUD,4625019,"Ajuntament de València, geoportal OpenData, capa 225 Districtes (CC BY 4.0)",https://geoportal.valencia.es/server/rest/services/OPENDATA/UrbanismoEInfraestructuras/MapServer/225/query?where=1=1&outFields=*&returnGeometry=false&f=json,2026-10-10
