ccaa,viv_arrendadas_equiv,ingresos_eur
Andalucia,321315.0,2961687536.0
Aragon,92468.0,638128944.0
Asturias,60073.0,411136489.0
Illes Balears,101727.0,1326286514.0
Canarias,137614.0,1297169103.0
Cantabria,31652.0,258314349.0
Castilla y Leon,132205.0,905848709.0
Castilla-La Mancha,87020.0,610947459.0
Cataluna,570528.0,5837061284.0
C. Valenciana,278660.0,2269502050.0
Extremadura,36951.0,228838708.0
Galicia,165902.0,1145585520.0
Madrid,547546.0,6119803041.0
Murcia,60634.0,393205073.0
La Rioja,18186.0,123478406.0
